0
SECTION
2
HEADER
999
*** POWERPCB  HEADER ***
9
$EXTMIN
10
-37.8239
20
-38.515904
9
$EXTMAX
10
233.4608446667
20
128.425088
9
$FILLMODE
70
0
9
$GRIDMODE
70
1
9
$GRIDUNIT
10
0.5
20
0.5
9
$INSBASE
10
-208.655
20
-335.63
9
$LIMCHECK
70
0
9
$PLINEWID
40
0.0254
9
$SNAPMODE
70
1
9
$SNAPUNIT
10
0.5
20
0.5
9
$TEXTSIZE
40
2.54
9
$TEXTSTYLE
7
W0$254
9
$USERI1
70
101
9
$USERI2
70
0
9
$USERI5
70
150
9
$VIEWCTR
10
59.178174
20
47.385234
0
ENDSEC
0
SECTION
2
TABLES
999
*** POWERPCB  LTYPE ***
0
TABLE
2
LTYPE
70
9
0
LTYPE
2
CONTINUOUS
70
64
3
---
72
65
73
0
40
0
0
LTYPE
2
KEEPOUT_00011100$0
70
64
3
---
72
65
73
2
40
2
49
1
49
1
0
LTYPE
2
KEEPOUT_00001000$0
70
64
3
---
72
65
73
2
40
2
49
1
49
1
0
LTYPE
2
TRMIDX_10
70
64
3
---
72
65
73
2
40
2
49
1
49
1
0
LTYPE
2
TRMIDX_11
70
64
3
---
72
65
73
2
40
2
49
1
49
1
0
LTYPE
2
TRMIDX_16
70
64
3
---
72
65
73
2
40
2
49
1
49
1
0
LTYPE
2
TRMIDX_17
70
64
3
---
72
65
73
2
40
2
49
1
49
1
0
LTYPE
2
TRMIDX_20
70
64
3
---
72
65
73
2
40
2
49
1
49
1
0
LTYPE
2
TRMIDX_21
70
64
3
---
72
65
73
2
40
2
49
1
49
1
0
LTYPE
2
KEEPOUT_00011111$0
70
64
3
---
72
65
73
2
40
2
49
1
49
1
0
ENDTAB
999
*** POWERPCB  LAYER ***
0
TABLE
2
LAYER
70
49
0
LAYER
2
DBLAYERS
70
1
62
-254
6
CONTINUOUS
0
LAYER
2
2D_LINE_00
70
0
62
136
6
CONTINUOUS
0
LAYER
2
TEXT_01
70
0
62
136
6
CONTINUOUS
0
LAYER
2
TEXT_04
70
0
62
1
6
CONTINUOUS
0
LAYER
2
LABEL_INFO
70
1
62
-254
6
CONTINUOUS
0
LAYER
2
LABEL_ATTRIBUTE
70
1
62
-254
6
CONTINUOUS
0
LAYER
2
PART_NAME_01
70
0
62
2
6
CONTINUOUS
0
LAYER
2
PART_TYPE_01
70
1
62
-250
6
CONTINUOUS
0
LAYER
2
PART_INFO
70
1
62
-254
6
CONTINUOUS
0
LAYER
2
PART_PTS
70
1
62
-254
6
CONTINUOUS
0
LAYER
2
PART_NAME_27
70
1
62
-250
6
CONTINUOUS
0
LAYER
2
PART_NAME_04
70
0
62
6
6
CONTINUOUS
0
LAYER
2
PART_TYPE_04
70
1
62
-250
6
CONTINUOUS
0
LAYER
2
PART_NAME_TOP
70
1
62
-250
6
CONTINUOUS
0
LAYER
2
PART_NAME_30
70
1
62
-250
6
CONTINUOUS
0
LAYER
2
SYM_NAME
70
1
62
-254
6
CONTINUOUS
0
LAYER
2
SYM_PART_TYPE_01
70
1
62
-254
6
CONTINUOUS
0
LAYER
2
SYM_PART_NAME_01
70
1
62
-254
6
CONTINUOUS
0
LAYER
2
SYM_TERMINAL
70
1
62
-254
6
CONTINUOUS
0
LAYER
2
PKG_INFO
70
1
62
-254
6
CONTINUOUS
0
LAYER
2
SYM_PART_NAME_27
70
1
62
-254
6
CONTINUOUS
0
LAYER
2
PART_TOP_2DLINE_01
70
0
62
2
6
CONTINUOUS
0
LAYER
2
PART_TOP_2DLINE_27
70
1
62
-250
6
CONTINUOUS
0
LAYER
2
KEEPOUT_01
70
0
62
150
6
CONTINUOUS
0
LAYER
2
DRIL_NPLTE_THRU_01
70
0
62
4
6
CONTINUOUS
0
LAYER
2
DRIL_NPLTE_THRU_02
70
0
62
176
6
CONTINUOUS
0
LAYER
2
DRIL_NPLTE_THRU_03
70
0
62
216
6
CONTINUOUS
0
LAYER
2
DRIL_NPLTE_THRU_04
70
0
62
16
6
CONTINUOUS
0
LAYER
2
PADS_INNER
70
0
62
136
6
CONTINUOUS
0
LAYER
2
PADS_BOT
70
0
62
1
6
CONTINUOUS
0
LAYER
2
PADS_TOP
70
0
62
136
6
CONTINUOUS
0
LAYER
2
PART_TOP_2DLINE_20
70
1
62
-250
6
CONTINUOUS
0
LAYER
2
PART_TOP_2DLINE_00
70
0
62
2
6
CONTINUOUS
0
LAYER
2
PART_BOT_2DLINE_00
70
0
62
6
6
CONTINUOUS
0
LAYER
2
KEEPOUT_00
70
0
62
150
6
CONTINUOUS
0
LAYER
2
DRIL_PLTE_THRU_01
70
0
62
4
6
CONTINUOUS
0
LAYER
2
DRIL_PLTE_THRU_02
70
0
62
176
6
CONTINUOUS
0
LAYER
2
DRIL_PLTE_THRU_03
70
0
62
216
6
CONTINUOUS
0
LAYER
2
DRIL_PLTE_THRU_04
70
0
62
16
6
CONTINUOUS
0
LAYER
2
TAG_01
70
0
62
254
6
CONTINUOUS
0
LAYER
2
TAG_00
70
0
62
254
6
CONTINUOUS
0
LAYER
2
PART_BOT_2DLINE_01
70
0
62
6
6
CONTINUOUS
0
LAYER
2
PART_BOT_COPPER_01
70
0
62
6
6
CONTINUOUS
0
LAYER
2
PART_TOP_COPPER_01
70
0
62
2
6
CONTINUOUS
0
LAYER
2
PART_TOP_2DLINE_19
70
1
62
-250
6
CONTINUOUS
0
LAYER
2
PADS_XR_23
70
1
62
-250
6
CONTINUOUS
0
LAYER
2
KEEPOUT_-1
70
0
62
254
6
CONTINUOUS
0
LAYER
2
PCB_PARAMS
70
1
62
-254
6
CONTINUOUS
0
LAYER
2
DRIL_SYMBOL
70
0
62
254
6
CONTINUOUS
0
ENDTAB
999
*** POWERPCB  TEXT STYLE ***
0
TABLE
2
STYLE
70
20
0
STYLE
2
W0$2794
70
64
40
0
41
0.75
42
0
50
0
71
0
3
simplex
0
STYLE
2
W0$125
70
64
40
0
41
0.75
42
0
50
0
71
0
3
simplex
0
STYLE
2
W0$15
70
64
40
0
41
0.75
42
0
50
0
71
0
3
simplex
0
STYLE
2
W0$2
70
64
40
0
41
0.75
42
0
50
0
71
0
3
simplex
0
STYLE
2
W0$127
70
64
40
0
41
0.75
42
0
50
0
71
0
3
simplex
0
STYLE
2
W0$254
70
64
40
0
41
0.75
42
0
50
0
71
0
3
simplex
0
STYLE
2
W0$1
70
64
40
0
41
0.75
42
0
50
0
71
0
3
simplex
0
STYLE
2
W0$05
70
64
40
0
41
0.75
42
0
50
0
71
0
3
simplex
0
STYLE
2
W0$1778
70
64
40
0
41
0.75
42
0
50
0
71
0
3
simplex
0
STYLE
2
W0$002
70
64
40
0
41
0.75
42
0
50
0
71
0
3
simplex
0
STYLE
2
W0$1524
70
64
40
0
41
0.75
42
0
50
0
71
0
3
simplex
0
STYLE
2
W0$125R1
70
64
40
0
41
0.75
42
0
50
0
71
0
3
simplex
0
STYLE
2
W0$2R1
70
64
40
0
41
0.75
42
0
50
0
71
0
3
simplex
0
STYLE
2
W0$15R1
70
64
40
0
41
0.75
42
0
50
0
71
0
3
simplex
0
STYLE
2
W0$127R0
70
64
40
0
41
0.75
42
0
50
0
71
0
3
simplex
0
STYLE
2
W0$254R0
70
64
40
0
41
0.75
42
0
50
0
71
0
3
simplex
0
STYLE
2
W0$1R0
70
64
40
0
41
0.75
42
0
50
0
71
0
3
simplex
0
STYLE
2
W0$05R0
70
64
40
0
41
0.75
42
0
50
0
71
0
3
simplex
0
STYLE
2
W0$1778R0
70
64
40
0
41
0.75
42
0
50
0
71
0
3
simplex
0
STYLE
2
W0$002R0
70
64
40
0
41
0.75
42
0
50
0
71
0
3
simplex
0
ENDTAB
0
ENDSEC
0
SECTION
2
BLOCKS
999
*** POWERPCB  DBLAYER ***
0
BLOCK
2
DBLAYERS
8
0
10
0
20
0
3
DBLAYERS
70
64
0
TEXT
8
DBLAYERS
10
0
20
-3.048
40
1.778
1
__It__Is__Job__Name__:=SUREARLY_OBJET_V02_260710.pcb
999
 *  1.Number             2.Type                  3.RouteColor
999
 *  4.ViaColor           5.PadColor              6.CopperColor
999
 *  7.2DLineColor        8.TextColor             9.ErrorColor
999
 * 10.TopComponentColor 11.BottomComponentColor 12.RoutingDirection
999
 * 13.LayerThickness    14.CopperThickness      15.Dielectric
999
 * 16.IsRouteable       17.IsVisible            18.IsSelectable
999
 * 19.IsPrepreg         20.AssSilkScreen        21.AssPasteMask
999
 * 22.AssSolderMask     23.AssAssembly
0
TEXT
8
DBLAYERS
10
0
20
-6.096
40
1.778
1
TOP:=1 1 3 3 3 3 3 3 14 14 0 0 381000 51435 4.3000001907 1 1 1 0 26 23 21 27 0 0 1 14 0 0 25 
0
TEXT
8
DBLAYERS
10
0
20
-9.144
40
1.778
1
BOTTOM:=4 1 12 12 12 12 12 12 14 0 13 1 0 51435 3.2999999523 1 1 1 0 29 22 28 30 0 0 1 13 0 0 30 
0
ENDBLK
999
*** POWERPCB  BOARD ***
999
*** POWERPCB  2DLINE ***
0
BLOCK
2
DRAWING_63
8
0
10
0
20
0
3
DRAWING_63
70
64
0
POLYLINE
8
2D_LINE_00
66
1
40
0.1778
41
0.1778
70
1
0
VERTEX
8
2D_LINE_00
10
10
20
2
42
0.4142135624
0
VERTEX
8
2D_LINE_00
10
12
20
0
0
VERTEX
8
2D_LINE_00
10
104
20
0
42
0.4142135624
0
VERTEX
8
2D_LINE_00
10
106
20
2
0
VERTEX
8
2D_LINE_00
10
106
20
13.250004
42
0.4142135624
0
VERTEX
8
2D_LINE_00
10
104
20
15.028004
0
VERTEX
8
2D_LINE_00
10
12
20
15.028004
42
0.4142135624
0
VERTEX
8
2D_LINE_00
10
10
20
13.250004
0
SEQEND
0
INSERT
2
SMOOTH_0$1778
8
2D_LINE_00
10
10
20
2
0
INSERT
2
SMOOTH_0$1778
8
2D_LINE_00
10
12
20
0
0
POLYLINE
8
2D_LINE_00
66
1
40
0.1778
41
0.1778
70
1
0
VERTEX
8
2D_LINE_00
10
11
20
9
42
0.4142135624
0
VERTEX
8
2D_LINE_00
10
12
20
8
0
VERTEX
8
2D_LINE_00
10
64.957
20
8
42
0.4142135624
0
VERTEX
8
2D_LINE_00
10
65.957
20
9
0
VERTEX
8
2D_LINE_00
10
65.957
20
13
42
0.4142135624
0
VERTEX
8
2D_LINE_00
10
64.957
20
14
0
VERTEX
8
2D_LINE_00
10
12
20
14
42
0.4142135624
0
VERTEX
8
2D_LINE_00
10
11
20
13
0
SEQEND
0
INSERT
2
SMOOTH_0$1778
8
2D_LINE_00
10
11
20
9
0
INSERT
2
SMOOTH_0$1778
8
2D_LINE_00
10
12
20
8
0
POLYLINE
8
2D_LINE_00
66
1
40
0.1778
41
0.1778
70
1
0
VERTEX
8
2D_LINE_00
10
11
20
2
42
0.4142135624
0
VERTEX
8
2D_LINE_00
10
12
20
1
0
VERTEX
8
2D_LINE_00
10
65
20
1
42
0.4142135624
0
VERTEX
8
2D_LINE_00
10
66
20
2
0
VERTEX
8
2D_LINE_00
10
66
20
6
42
0.4142135624
0
VERTEX
8
2D_LINE_00
10
65
20
7
0
VERTEX
8
2D_LINE_00
10
12
20
7
42
0.4142135624
0
VERTEX
8
2D_LINE_00
10
11
20
6
0
SEQEND
0
INSERT
2
SMOOTH_0$1778
8
2D_LINE_00
10
11
20
2
0
INSERT
2
SMOOTH_0$1778
8
2D_LINE_00
10
12
20
1
0
POLYLINE
8
2D_LINE_00
66
1
40
0.1778
41
0.1778
70
1
0
VERTEX
8
2D_LINE_00
10
67
20
2
42
0.4142135624
0
VERTEX
8
2D_LINE_00
10
68
20
1
0
VERTEX
8
2D_LINE_00
10
104
20
1
42
0.4142135624
0
VERTEX
8
2D_LINE_00
10
105
20
2
0
VERTEX
8
2D_LINE_00
10
105
20
6
42
0.4142135624
0
VERTEX
8
2D_LINE_00
10
104
20
7
0
VERTEX
8
2D_LINE_00
10
68
20
7
42
0.4142135624
0
VERTEX
8
2D_LINE_00
10
67
20
6
0
SEQEND
0
INSERT
2
SMOOTH_0$1778
8
2D_LINE_00
10
67
20
2
0
INSERT
2
SMOOTH_0$1778
8
2D_LINE_00
10
68
20
1
0
POLYLINE
8
2D_LINE_00
66
1
40
0.1778
41
0.1778
70
1
0
VERTEX
8
2D_LINE_00
10
67
20
9
42
0.4142135624
0
VERTEX
8
2D_LINE_00
10
68
20
8
0
VERTEX
8
2D_LINE_00
10
104
20
8
42
0.4142135624
0
VERTEX
8
2D_LINE_00
10
105
20
9
0
VERTEX
8
2D_LINE_00
10
105
20
13
42
0.4142135624
0
VERTEX
8
2D_LINE_00
10
104
20
14
0
VERTEX
8
2D_LINE_00
10
68
20
14
42
0.4142135624
0
VERTEX
8
2D_LINE_00
10
67
20
13
0
SEQEND
0
INSERT
2
SMOOTH_0$1778
8
2D_LINE_00
10
67
20
9
0
INSERT
2
SMOOTH_0$1778
8
2D_LINE_00
10
68
20
8
0
ENDBLK
0
BLOCK
2
DRAWING_97
8
0
10
0
20
0
3
DRAWING_97
70
64
0
POLYLINE
8
2D_LINE_00
66
1
40
0.2
41
0.2
0
VERTEX
8
2D_LINE_00
10
26.8783166667
20
38.9464213333
42
-0.2618787794
0
VERTEX
8
2D_LINE_00
10
27.8581266667
20
38.9287853333
0
SEQEND
0
INSERT
2
SMOOTH_0$2
8
2D_LINE_00
10
26.8783166667
20
38.9464213333
0
INSERT
2
SMOOTH_0$2
8
2D_LINE_00
10
27.8581266667
20
38.9287853333
0
POLYLINE
8
2D_LINE_00
66
1
40
0.2
41
0.2
0
VERTEX
8
2D_LINE_00
10
26.878316
20
38.9464213333
42
-0.4726978344
0
VERTEX
8
2D_LINE_00
10
21.5161753333
20
41.1440033333
0
SEQEND
0
INSERT
2
SMOOTH_0$2
8
2D_LINE_00
10
26.878316
20
38.9464213333
0
INSERT
2
SMOOTH_0$2
8
2D_LINE_00
10
21.5161753333
20
41.1440033333
0
POLYLINE
8
2D_LINE_00
66
1
40
0.2
41
0.2
0
VERTEX
8
2D_LINE_00
10
20.818714
20
41.815702
42
-0.2581521213
0
VERTEX
8
2D_LINE_00
10
21.5161746667
20
41.1440033333
0
SEQEND
0
INSERT
2
SMOOTH_0$2
8
2D_LINE_00
10
20.818714
20
41.815702
0
INSERT
2
SMOOTH_0$2
8
2D_LINE_00
10
21.5161746667
20
41.1440033333
0
POLYLINE
8
2D_LINE_00
66
1
40
0.2
41
0.2
0
VERTEX
8
2D_LINE_00
10
-6.6608453333
20
43.2478993333
0
VERTEX
8
2D_LINE_00
10
-6.5941786667
20
43.248566
0
VERTEX
8
2D_LINE_00
10
-6.527512
20
43.2492326667
0
VERTEX
8
2D_LINE_00
10
-6.461512
20
43.2492326667
0
VERTEX
8
2D_LINE_00
10
-6.3948453333
20
43.2498993333
0
VERTEX
8
2D_LINE_00
10
-6.3288453333
20
43.2498993333
0
VERTEX
8
2D_LINE_00
10
-6.2621786667
20
43.2498993333
0
VERTEX
8
2D_LINE_00
10
-6.1961786667
20
43.250566
0
VERTEX
8
2D_LINE_00
10
-6.1301786667
20
43.250566
0
VERTEX
8
2D_LINE_00
10
-6.063512
20
43.250566
0
VERTEX
8
2D_LINE_00
10
-5.997512
20
43.250566
0
VERTEX
8
2D_LINE_00
10
-5.931512
20
43.250566
0
VERTEX
8
2D_LINE_00
10
-5.8648453333
20
43.250566
0
VERTEX
8
2D_LINE_00
10
-5.7988453333
20
43.250566
0
VERTEX
8
2D_LINE_00
10
-5.7321786667
20
43.2498993333
0
VERTEX
8
2D_LINE_00
10
-5.6661786667
20
43.2498993333
0
VERTEX
8
2D_LINE_00
10
-5.599512
20
43.2498993333
0
VERTEX
8
2D_LINE_00
10
-5.5328453333
20
43.2492326667
0
VERTEX
8
2D_LINE_00
10
-5.4661786667
20
43.2492326667
0
VERTEX
8
2D_LINE_00
10
-5.399512
20
43.2492326667
0
VERTEX
8
2D_LINE_00
10
-5.3321786667
20
43.248566
0
VERTEX
8
2D_LINE_00
10
-5.265512
20
43.2478993333
0
VERTEX
8
2D_LINE_00
10
-5.1981786667
20
43.2478993333
0
VERTEX
8
2D_LINE_00
10
-5.1308453333
20
43.2472326667
0
VERTEX
8
2D_LINE_00
10
-5.063512
20
43.246566
0
VERTEX
8
2D_LINE_00
10
-4.995512
20
43.246566
0
VERTEX
8
2D_LINE_00
10
-4.9281786667
20
43.2458993333
0
VERTEX
8
2D_LINE_00
10
-4.8601786667
20
43.2452326667
0
VERTEX
8
2D_LINE_00
10
-4.791512
20
43.244566
0
VERTEX
8
2D_LINE_00
10
-4.723512
20
43.2438993333
0
VERTEX
8
2D_LINE_00
10
-4.6548453333
20
43.2438993333
0
VERTEX
8
2D_LINE_00
10
-4.5861786667
20
43.2432326667
0
VERTEX
8
2D_LINE_00
10
-4.517512
20
43.242566
0
VERTEX
8
2D_LINE_00
10
-4.4481786667
20
43.2418993333
0
VERTEX
8
2D_LINE_00
10
-4.3788453333
20
43.2412326667
0
VERTEX
8
2D_LINE_00
10
-4.3101786667
20
43.240566
0
VERTEX
8
2D_LINE_00
10
-4.2408453333
20
43.2398993333
0
VERTEX
8
2D_LINE_00
10
-4.1708453333
20
43.2392326667
0
VERTEX
8
2D_LINE_00
10
-4.101512
20
43.238566
0
VERTEX
8
2D_LINE_00
10
-4.0321786667
20
43.2378993333
0
VERTEX
8
2D_LINE_00
10
-3.9621786667
20
43.2372326667
0
VERTEX
8
2D_LINE_00
10
-3.8921786667
20
43.236566
0
VERTEX
8
2D_LINE_00
10
-3.8228453333
20
43.2358993333
0
VERTEX
8
2D_LINE_00
10
-3.7528453333
20
43.2352326667
0
VERTEX
8
2D_LINE_00
10
-3.6828453333
20
43.2338993333
0
VERTEX
8
2D_LINE_00
10
-3.6128453333
20
43.2332326667
0
VERTEX
8
2D_LINE_00
10
-3.5428453333
20
43.232566
0
VERTEX
8
2D_LINE_00
10
-3.4728453333
20
43.2318993333
0
VERTEX
8
2D_LINE_00
10
-3.4028453333
20
43.2312326667
0
VERTEX
8
2D_LINE_00
10
-3.3328453333
20
43.230566
0
VERTEX
8
2D_LINE_00
10
-3.2628453333
20
43.2298993333
0
VERTEX
8
2D_LINE_00
10
-3.1928453333
20
43.2292326667
0
VERTEX
8
2D_LINE_00
10
-3.1228453333
20
43.228566
0
VERTEX
8
2D_LINE_00
10
-3.0528453333
20
43.2278993333
0
VERTEX
8
2D_LINE_00
10
-2.9828453333
20
43.2272326667
0
VERTEX
8
2D_LINE_00
10
-2.9128453333
20
43.226566
0
VERTEX
8
2D_LINE_00
10
-2.8428453333
20
43.2258993333
0
VERTEX
8
2D_LINE_00
10
-2.7728453333
20
43.2252326667
0
VERTEX
8
2D_LINE_00
10
-2.7028453333
20
43.224566
0
VERTEX
8
2D_LINE_00
10
-2.633512
20
43.2238993333
0
VERTEX
8
2D_LINE_00
10
-2.563512
20
43.2232326667
0
VERTEX
8
2D_LINE_00
10
-2.493512
20
43.222566
0
VERTEX
8
2D_LINE_00
10
-2.4241786667
20
43.2218993333
0
VERTEX
8
2D_LINE_00
10
-2.3541786667
20
43.2212326667
0
VERTEX
8
2D_LINE_00
10
-2.2841786667
20
43.220566
0
VERTEX
8
2D_LINE_00
10
-2.2148453333
20
43.2198993333
0
VERTEX
8
2D_LINE_00
10
-2.1448453333
20
43.2192326667
0
VERTEX
8
2D_LINE_00
10
-2.0748453333
20
43.218566
0
VERTEX
8
2D_LINE_00
10
-2.005512
20
43.2178993333
0
VERTEX
8
2D_LINE_00
10
-1.935512
20
43.2172326667
0
VERTEX
8
2D_LINE_00
10
-1.8661786667
20
43.216566
0
VERTEX
8
2D_LINE_00
10
-1.7961786667
20
43.2158993333
0
VERTEX
8
2D_LINE_00
10
-1.7268453333
20
43.2152326667
0
VERTEX
8
2D_LINE_00
10
-1.6568453333
20
43.214566
0
VERTEX
8
2D_LINE_00
10
-1.587512
20
43.2138993333
0
VERTEX
8
2D_LINE_00
10
-1.5181786667
20
43.2132326667
0
VERTEX
8
2D_LINE_00
10
-1.4481786667
20
43.212566
0
VERTEX
8
2D_LINE_00
10
-1.3788453333
20
43.2118993333
0
VERTEX
8
2D_LINE_00
10
-1.3088453333
20
43.2112326667
0
VERTEX
8
2D_LINE_00
10
-1.239512
20
43.210566
0
VERTEX
8
2D_LINE_00
10
-1.1701786667
20
43.2098993333
0
VERTEX
8
2D_LINE_00
10
-1.1001786667
20
43.2098993333
0
VERTEX
8
2D_LINE_00
10
-1.0308453333
20
43.2092326667
0
VERTEX
8
2D_LINE_00
10
-0.961512
20
43.208566
0
VERTEX
8
2D_LINE_00
10
-0.891512
20
43.2078993333
0
VERTEX
8
2D_LINE_00
10
-0.8221786667
20
43.2072326667
0
VERTEX
8
2D_LINE_00
10
-0.7528453333
20
43.206566
0
VERTEX
8
2D_LINE_00
10
-0.683512
20
43.2058993333
0
VERTEX
8
2D_LINE_00
10
-0.613512
20
43.2052326667
0
VERTEX
8
2D_LINE_00
10
-0.5441786667
20
43.204566
0
VERTEX
8
2D_LINE_00
10
-0.4748453333
20
43.2038993333
0
VERTEX
8
2D_LINE_00
10
-0.4048453333
20
43.2032326667
0
VERTEX
8
2D_LINE_00
10
-0.335512
20
43.2032326667
0
VERTEX
8
2D_LINE_00
10
-0.2661786667
20
43.202566
0
VERTEX
8
2D_LINE_00
10
-0.1961786667
20
43.2018993333
0
VERTEX
8
2D_LINE_00
10
-0.1268453333
20
43.2012326667
0
VERTEX
8
2D_LINE_00
10
-0.057512
20
43.200566
0
VERTEX
8
2D_LINE_00
10
0.0118213333
20
43.1998993333
0
VERTEX
8
2D_LINE_00
10
0.0818213333
20
43.1992326667
0
VERTEX
8
2D_LINE_00
10
0.1511546667
20
43.198566
0
VERTEX
8
2D_LINE_00
10
0.220488
20
43.1978993333
0
VERTEX
8
2D_LINE_00
10
0.290488
20
43.1972326667
0
VERTEX
8
2D_LINE_00
10
0.3598213333
20
43.196566
0
VERTEX
8
2D_LINE_00
10
0.4291546667
20
43.196566
0
VERTEX
8
2D_LINE_00
10
0.4991546667
20
43.1958993333
0
VERTEX
8
2D_LINE_00
10
0.568488
20
43.1952326667
0
VERTEX
8
2D_LINE_00
10
0.6378213333
20
43.194566
0
VERTEX
8
2D_LINE_00
10
0.7078213333
20
43.1938993333
0
VERTEX
8
2D_LINE_00
10
0.7771546667
20
43.1932326667
0
VERTEX
8
2D_LINE_00
10
0.846488
20
43.192566
0
VERTEX
8
2D_LINE_00
10
0.916488
20
43.1918993333
0
VERTEX
8
2D_LINE_00
10
0.9858213333
20
43.1912326667
0
VERTEX
8
2D_LINE_00
10
1.0558213333
20
43.190566
0
VERTEX
8
2D_LINE_00
10
1.1251546667
20
43.1898993333
0
VERTEX
8
2D_LINE_00
10
1.194488
20
43.1892326667
0
VERTEX
8
2D_LINE_00
10
1.264488
20
43.1892326667
0
VERTEX
8
2D_LINE_00
10
1.3338213333
20
43.188566
0
VERTEX
8
2D_LINE_00
10
1.4038213333
20
43.1878993333
0
VERTEX
8
2D_LINE_00
10
1.4731546667
20
43.1872326667
0
VERTEX
8
2D_LINE_00
10
1.5431546667
20
43.186566
0
VERTEX
8
2D_LINE_00
10
1.612488
20
43.1858993333
0
VERTEX
8
2D_LINE_00
10
1.6818213333
20
43.1852326667
0
VERTEX
8
2D_LINE_00
10
1.7518213333
20
43.184566
0
VERTEX
8
2D_LINE_00
10
1.8211546667
20
43.1838993333
0
VERTEX
8
2D_LINE_00
10
1.8911546667
20
43.1832326667
0
VERTEX
8
2D_LINE_00
10
1.960488
20
43.182566
0
VERTEX
8
2D_LINE_00
10
2.030488
20
43.1818993333
0
VERTEX
8
2D_LINE_00
10
2.0998213333
20
43.1812326667
0
VERTEX
8
2D_LINE_00
10
2.1698213333
20
43.180566
0
VERTEX
8
2D_LINE_00
10
2.2391546667
20
43.1798993333
0
VERTEX
8
2D_LINE_00
10
2.3091546667
20
43.1792326667
0
VERTEX
8
2D_LINE_00
10
2.378488
20
43.1792326667
0
VERTEX
8
2D_LINE_00
10
2.448488
20
43.178566
0
VERTEX
8
2D_LINE_00
10
2.5178213333
20
43.1778993333
0
VERTEX
8
2D_LINE_00
10
2.5878213333
20
43.1772326667
0
VERTEX
8
2D_LINE_00
10
2.6571546667
20
43.176566
0
VERTEX
8
2D_LINE_00
10
2.7271546667
20
43.1758993333
0
VERTEX
8
2D_LINE_00
10
2.796488
20
43.1752326667
0
VERTEX
8
2D_LINE_00
10
2.866488
20
43.174566
0
VERTEX
8
2D_LINE_00
10
2.936488
20
43.1738993333
0
VERTEX
8
2D_LINE_00
10
3.0058213333
20
43.1732326667
0
VERTEX
8
2D_LINE_00
10
3.0758213333
20
43.172566
0
VERTEX
8
2D_LINE_00
10
3.1451546667
20
43.1718993333
0
VERTEX
8
2D_LINE_00
10
3.2151546667
20
43.1712326667
0
VERTEX
8
2D_LINE_00
10
3.284488
20
43.170566
0
VERTEX
8
2D_LINE_00
10
3.354488
20
43.1698993333
0
VERTEX
8
2D_LINE_00
10
3.4238213333
20
43.1692326667
0
VERTEX
8
2D_LINE_00
10
3.4938213333
20
43.168566
0
VERTEX
8
2D_LINE_00
10
3.5638213333
20
43.1678993333
0
VERTEX
8
2D_LINE_00
10
3.6331546667
20
43.1672326667
0
VERTEX
8
2D_LINE_00
10
3.7031546667
20
43.166566
0
VERTEX
8
2D_LINE_00
10
3.772488
20
43.1658993333
0
VERTEX
8
2D_LINE_00
10
3.842488
20
43.1652326667
0
VERTEX
8
2D_LINE_00
10
3.912488
20
43.164566
0
VERTEX
8
2D_LINE_00
10
3.9818213333
20
43.1638993333
0
VERTEX
8
2D_LINE_00
10
4.0518213333
20
43.1632326667
0
VERTEX
8
2D_LINE_00
10
4.1211546667
20
43.162566
0
VERTEX
8
2D_LINE_00
10
4.1911546667
20
43.1618993333
0
VERTEX
8
2D_LINE_00
10
4.260488
20
43.1612326667
0
VERTEX
8
2D_LINE_00
10
4.330488
20
43.160566
0
VERTEX
8
2D_LINE_00
10
4.400488
20
43.1598993333
0
VERTEX
8
2D_LINE_00
10
4.4698213333
20
43.1592326667
0
VERTEX
8
2D_LINE_00
10
4.5398213333
20
43.158566
0
VERTEX
8
2D_LINE_00
10
4.6091546667
20
43.1578993333
0
VERTEX
8
2D_LINE_00
10
4.6791546667
20
43.1572326667
0
VERTEX
8
2D_LINE_00
10
4.7491546667
20
43.156566
0
VERTEX
8
2D_LINE_00
10
4.818488
20
43.1558993333
0
VERTEX
8
2D_LINE_00
10
4.888488
20
43.1552326667
0
VERTEX
8
2D_LINE_00
10
4.9578213333
20
43.154566
0
VERTEX
8
2D_LINE_00
10
5.0278213333
20
43.1538993333
0
VERTEX
8
2D_LINE_00
10
5.0971546667
20
43.1532326667
0
VERTEX
8
2D_LINE_00
10
5.1671546667
20
43.152566
0
VERTEX
8
2D_LINE_00
10
5.2371546667
20
43.1518993333
0
VERTEX
8
2D_LINE_00
10
5.306488
20
43.1512326667
0
VERTEX
8
2D_LINE_00
10
5.376488
20
43.150566
0
VERTEX
8
2D_LINE_00
10
5.4458213333
20
43.1498993333
0
VERTEX
8
2D_LINE_00
10
5.5158213333
20
43.1492326667
0
VERTEX
8
2D_LINE_00
10
5.5851546667
20
43.148566
0
VERTEX
8
2D_LINE_00
10
5.6551546667
20
43.1478993333
0
VERTEX
8
2D_LINE_00
10
5.724488
20
43.1472326667
0
VERTEX
8
2D_LINE_00
10
5.794488
20
43.146566
0
VERTEX
8
2D_LINE_00
10
5.8638213333
20
43.1458993333
0
VERTEX
8
2D_LINE_00
10
5.9338213333
20
43.1452326667
0
VERTEX
8
2D_LINE_00
10
6.0031546667
20
43.144566
0
VERTEX
8
2D_LINE_00
10
6.0731546667
20
43.1438993333
0
VERTEX
8
2D_LINE_00
10
6.142488
20
43.1432326667
0
VERTEX
8
2D_LINE_00
10
6.212488
20
43.142566
0
VERTEX
8
2D_LINE_00
10
6.2818213333
20
43.1418993333
0
VERTEX
8
2D_LINE_00
10
6.3518213333
20
43.1412326667
0
VERTEX
8
2D_LINE_00
10
6.4211546667
20
43.1412326667
0
VERTEX
8
2D_LINE_00
10
6.490488
20
43.140566
0
VERTEX
8
2D_LINE_00
10
6.560488
20
43.1398993333
0
VERTEX
8
2D_LINE_00
10
6.6298213333
20
43.1392326667
0
VERTEX
8
2D_LINE_00
10
6.6998213333
20
43.138566
0
VERTEX
8
2D_LINE_00
10
6.7691546667
20
43.1378993333
0
VERTEX
8
2D_LINE_00
10
6.838488
20
43.1372326667
0
VERTEX
8
2D_LINE_00
10
6.908488
20
43.136566
0
VERTEX
8
2D_LINE_00
10
6.9778213333
20
43.1358993333
0
VERTEX
8
2D_LINE_00
10
7.0471546667
20
43.1358993333
0
VERTEX
8
2D_LINE_00
10
7.1171546667
20
43.1352326667
0
VERTEX
8
2D_LINE_00
10
7.186488
20
43.134566
0
VERTEX
8
2D_LINE_00
10
7.2558213333
20
43.1338993333
0
VERTEX
8
2D_LINE_00
10
7.3258213333
20
43.1332326667
0
VERTEX
8
2D_LINE_00
10
7.3951546667
20
43.132566
0
VERTEX
8
2D_LINE_00
10
7.464488
20
43.132566
0
VERTEX
8
2D_LINE_00
10
7.5338213333
20
43.1318993333
0
VERTEX
8
2D_LINE_00
10
7.6038213333
20
43.1312326667
0
VERTEX
8
2D_LINE_00
10
7.6731546667
20
43.130566
0
VERTEX
8
2D_LINE_00
10
7.742488
20
43.130566
0
VERTEX
8
2D_LINE_00
10
7.8118213333
20
43.1298993333
0
VERTEX
8
2D_LINE_00
10
7.8811546667
20
43.1292326667
0
VERTEX
8
2D_LINE_00
10
7.950488
20
43.128566
0
VERTEX
8
2D_LINE_00
10
8.0198213333
20
43.128566
0
VERTEX
8
2D_LINE_00
10
8.0891546667
20
43.1278993333
0
VERTEX
8
2D_LINE_00
10
8.158488
20
43.1272326667
0
VERTEX
8
2D_LINE_00
10
8.2278213333
20
43.126566
0
VERTEX
8
2D_LINE_00
10
8.2971546667
20
43.1258993333
0
VERTEX
8
2D_LINE_00
10
8.366488
20
43.1258993333
0
VERTEX
8
2D_LINE_00
10
8.4351546667
20
43.1252326667
0
VERTEX
8
2D_LINE_00
10
8.504488
20
43.124566
0
VERTEX
8
2D_LINE_00
10
8.5738213333
20
43.1238993333
0
VERTEX
8
2D_LINE_00
10
8.642488
20
43.1232326667
0
VERTEX
8
2D_LINE_00
10
8.7118213333
20
43.1232326667
0
VERTEX
8
2D_LINE_00
10
8.780488
20
43.122566
0
VERTEX
8
2D_LINE_00
10
8.8491546667
20
43.1218993333
0
VERTEX
8
2D_LINE_00
10
8.918488
20
43.1212326667
0
VERTEX
8
2D_LINE_00
10
8.9871546667
20
43.120566
0
VERTEX
8
2D_LINE_00
10
9.0558213333
20
43.1198993333
0
VERTEX
8
2D_LINE_00
10
9.124488
20
43.1192326667
0
VERTEX
8
2D_LINE_00
10
9.1931546667
20
43.118566
0
VERTEX
8
2D_LINE_00
10
9.2618213333
20
43.1178993333
0
VERTEX
8
2D_LINE_00
10
9.3298213333
20
43.1172326667
0
VERTEX
8
2D_LINE_00
10
9.398488
20
43.116566
0
VERTEX
8
2D_LINE_00
10
9.466488
20
43.1158993333
0
VERTEX
8
2D_LINE_00
10
9.5351546667
20
43.114566
0
VERTEX
8
2D_LINE_00
10
9.6031546667
20
43.1138993333
0
VERTEX
8
2D_LINE_00
10
9.6711546667
20
43.1132326667
0
VERTEX
8
2D_LINE_00
10
9.7391546667
20
43.112566
0
VERTEX
8
2D_LINE_00
10
9.8071546667
20
43.1112326667
0
VERTEX
8
2D_LINE_00
10
9.8751546667
20
43.110566
0
VERTEX
8
2D_LINE_00
10
9.942488
20
43.1092326667
0
VERTEX
8
2D_LINE_00
10
10.010488
20
43.108566
0
VERTEX
8
2D_LINE_00
10
10.0778213333
20
43.1072326667
0
VERTEX
8
2D_LINE_00
10
10.1451546667
20
43.106566
0
VERTEX
8
2D_LINE_00
10
10.2131546667
20
43.1052326667
0
VERTEX
8
2D_LINE_00
10
10.2798213333
20
43.1038993333
0
VERTEX
8
2D_LINE_00
10
10.3471546667
20
43.102566
0
VERTEX
8
2D_LINE_00
10
10.414488
20
43.1018993333
0
VERTEX
8
2D_LINE_00
10
10.4811546667
20
43.100566
0
VERTEX
8
2D_LINE_00
10
10.548488
20
43.0992326667
0
VERTEX
8
2D_LINE_00
10
10.6151546667
20
43.0978993333
0
VERTEX
8
2D_LINE_00
10
10.6818213333
20
43.096566
0
VERTEX
8
2D_LINE_00
10
10.748488
20
43.094566
0
VERTEX
8
2D_LINE_00
10
10.814488
20
43.0932326667
0
VERTEX
8
2D_LINE_00
10
10.8811546667
20
43.0918993333
0
VERTEX
8
2D_LINE_00
10
10.9471546667
20
43.090566
0
VERTEX
8
2D_LINE_00
10
11.0131546667
20
43.088566
0
VERTEX
8
2D_LINE_00
10
11.0791546667
20
43.0872326667
0
VERTEX
8
2D_LINE_00
10
11.1451546667
20
43.0852326667
0
VERTEX
8
2D_LINE_00
10
11.2111546667
20
43.0832326667
0
VERTEX
8
2D_LINE_00
10
11.276488
20
43.0818993333
0
VERTEX
8
2D_LINE_00
10
11.3418213333
20
43.0798993333
0
VERTEX
8
2D_LINE_00
10
11.4078213333
20
43.0778993333
0
VERTEX
8
2D_LINE_00
10
11.472488
20
43.0758993333
0
VERTEX
8
2D_LINE_00
10
11.5378213333
20
43.0738993333
0
VERTEX
8
2D_LINE_00
10
11.6031546667
20
43.0718993333
0
VERTEX
8
2D_LINE_00
10
11.6678213333
20
43.0692326667
0
VERTEX
8
2D_LINE_00
10
11.7331546667
20
43.0672326667
0
VERTEX
8
2D_LINE_00
10
11.7978213333
20
43.064566
0
VERTEX
8
2D_LINE_00
10
11.862488
20
43.062566
0
VERTEX
8
2D_LINE_00
10
11.9271546667
20
43.0598993333
0
VERTEX
8
2D_LINE_00
10
11.9918213333
20
43.0578993333
0
VERTEX
8
2D_LINE_00
10
12.0558213333
20
43.0552326667
0
VERTEX
8
2D_LINE_00
10
12.120488
20
43.052566
0
VERTEX
8
2D_LINE_00
10
12.184488
20
43.0498993333
0
VERTEX
8
2D_LINE_00
10
12.248488
20
43.0472326667
0
VERTEX
8
2D_LINE_00
10
12.312488
20
43.044566
0
VERTEX
8
2D_LINE_00
10
12.376488
20
43.0412326667
0
VERTEX
8
2D_LINE_00
10
12.440488
20
43.038566
0
VERTEX
8
2D_LINE_00
10
12.504488
20
43.0358993333
0
VERTEX
8
2D_LINE_00
10
12.568488
20
43.032566
0
VERTEX
8
2D_LINE_00
10
12.6318213333
20
43.0292326667
0
VERTEX
8
2D_LINE_00
10
12.6951546667
20
43.026566
0
VERTEX
8
2D_LINE_00
10
12.7591546667
20
43.0232326667
0
VERTEX
8
2D_LINE_00
10
12.822488
20
43.0198993333
0
VERTEX
8
2D_LINE_00
10
12.8858213333
20
43.016566
0
VERTEX
8
2D_LINE_00
10
12.9491546667
20
43.0132326667
0
VERTEX
8
2D_LINE_00
10
13.012488
20
43.0092326667
0
VERTEX
8
2D_LINE_00
10
13.0758213333
20
43.0058993333
0
VERTEX
8
2D_LINE_00
10
13.1391546667
20
43.0018993333
0
VERTEX
8
2D_LINE_00
10
13.2018213333
20
42.998566
0
VERTEX
8
2D_LINE_00
10
13.2651546667
20
42.994566
0
VERTEX
8
2D_LINE_00
10
13.3278213333
20
42.990566
0
VERTEX
8
2D_LINE_00
10
13.3911546667
20
42.986566
0
VERTEX
8
2D_LINE_00
10
13.4538213333
20
42.982566
0
VERTEX
8
2D_LINE_00
10
13.5171546667
20
42.978566
0
VERTEX
8
2D_LINE_00
10
13.5798213333
20
42.974566
0
VERTEX
8
2D_LINE_00
10
13.642488
20
42.9698993333
0
VERTEX
8
2D_LINE_00
10
13.7051546667
20
42.9658993333
0
VERTEX
8
2D_LINE_00
10
13.7678213333
20
42.9612326667
0
VERTEX
8
2D_LINE_00
10
13.830488
20
42.956566
0
VERTEX
8
2D_LINE_00
10
13.8931546667
20
42.9518993333
0
VERTEX
8
2D_LINE_00
10
13.9558213333
20
42.9472326667
0
VERTEX
8
2D_LINE_00
10
14.018488
20
42.942566
0
VERTEX
8
2D_LINE_00
10
14.0811546667
20
42.9378993333
0
VERTEX
8
2D_LINE_00
10
14.1431546667
20
42.932566
0
VERTEX
8
2D_LINE_00
10
14.2058213333
20
42.9278993333
0
VERTEX
8
2D_LINE_00
10
14.268488
20
42.922566
0
VERTEX
8
2D_LINE_00
10
14.3311546667
20
42.9172326667
0
VERTEX
8
2D_LINE_00
10
14.3931546667
20
42.9118993333
0
VERTEX
8
2D_LINE_00
10
14.4558213333
20
42.906566
0
VERTEX
8
2D_LINE_00
10
14.5178213333
20
42.9012326667
0
VERTEX
8
2D_LINE_00
10
14.580488
20
42.8958993333
0
VERTEX
8
2D_LINE_00
10
14.642488
20
42.8898993333
0
VERTEX
8
2D_LINE_00
10
14.7051546667
20
42.884566
0
VERTEX
8
2D_LINE_00
10
14.7671546667
20
42.878566
0
VERTEX
8
2D_LINE_00
10
14.8298213333
20
42.872566
0
VERTEX
8
2D_LINE_00
10
14.8918213333
20
42.866566
0
VERTEX
8
2D_LINE_00
10
14.9538213333
20
42.860566
0
VERTEX
8
2D_LINE_00
10
15.016488
20
42.854566
0
VERTEX
8
2D_LINE_00
10
15.078488
20
42.8478993333
0
VERTEX
8
2D_LINE_00
10
15.140488
20
42.8418993333
0
VERTEX
8
2D_LINE_00
10
15.202488
20
42.8352326667
0
VERTEX
8
2D_LINE_00
10
15.264488
20
42.828566
0
VERTEX
8
2D_LINE_00
10
15.326488
20
42.8218993333
0
VERTEX
8
2D_LINE_00
10
15.388488
20
42.8152326667
0
VERTEX
8
2D_LINE_00
10
15.450488
20
42.808566
0
VERTEX
8
2D_LINE_00
10
15.512488
20
42.8018993333
0
VERTEX
8
2D_LINE_00
10
15.574488
20
42.794566
0
VERTEX
8
2D_LINE_00
10
15.636488
20
42.7878993333
0
VERTEX
8
2D_LINE_00
10
15.698488
20
42.780566
0
VERTEX
8
2D_LINE_00
10
15.760488
20
42.7732326667
0
VERTEX
8
2D_LINE_00
10
15.8218213333
20
42.7658993333
0
VERTEX
8
2D_LINE_00
10
15.8838213333
20
42.758566
0
VERTEX
8
2D_LINE_00
10
15.9458213333
20
42.750566
0
VERTEX
8
2D_LINE_00
10
16.0071546667
20
42.7432326667
0
VERTEX
8
2D_LINE_00
10
16.0691546667
20
42.7352326667
0
VERTEX
8
2D_LINE_00
10
16.130488
20
42.7278993333
0
VERTEX
8
2D_LINE_00
10
16.192488
20
42.7198993333
0
VERTEX
8
2D_LINE_00
10
16.2538213333
20
42.7118993333
0
VERTEX
8
2D_LINE_00
10
16.3151546667
20
42.7038993333
0
VERTEX
8
2D_LINE_00
10
16.3771546667
20
42.6952326667
0
VERTEX
8
2D_LINE_00
10
16.438488
20
42.6872326667
0
VERTEX
8
2D_LINE_00
10
16.4998213333
20
42.678566
0
VERTEX
8
2D_LINE_00
10
16.5611546667
20
42.670566
0
VERTEX
8
2D_LINE_00
10
16.622488
20
42.6618993333
0
VERTEX
8
2D_LINE_00
10
16.6838213333
20
42.6532326667
0
VERTEX
8
2D_LINE_00
10
16.7451546667
20
42.644566
0
VERTEX
8
2D_LINE_00
10
16.806488
20
42.6352326667
0
VERTEX
8
2D_LINE_00
10
16.8678213333
20
42.626566
0
VERTEX
8
2D_LINE_00
10
16.9291546667
20
42.6172326667
0
VERTEX
8
2D_LINE_00
10
16.990488
20
42.6078993333
0
VERTEX
8
2D_LINE_00
10
17.0511546667
20
42.5992326667
0
VERTEX
8
2D_LINE_00
10
17.112488
20
42.5898993333
0
VERTEX
8
2D_LINE_00
10
17.1738213333
20
42.5798993333
0
VERTEX
8
2D_LINE_00
10
17.234488
20
42.570566
0
VERTEX
8
2D_LINE_00
10
17.2958213333
20
42.5612326667
0
VERTEX
8
2D_LINE_00
10
17.356488
20
42.5512326667
0
VERTEX
8
2D_LINE_00
10
17.4178213333
20
42.5412326667
0
VERTEX
8
2D_LINE_00
10
17.478488
20
42.5312326667
0
VERTEX
8
2D_LINE_00
10
17.5391546667
20
42.5212326667
0
VERTEX
8
2D_LINE_00
10
17.5998213333
20
42.5112326667
0
VERTEX
8
2D_LINE_00
10
17.660488
20
42.5012326667
0
VERTEX
8
2D_LINE_00
10
17.7218213333
20
42.490566
0
VERTEX
8
2D_LINE_00
10
17.782488
20
42.4798993333
0
VERTEX
8
2D_LINE_00
10
17.8431546667
20
42.4698993333
0
VERTEX
8
2D_LINE_00
10
17.9031546667
20
42.4592326667
0
VERTEX
8
2D_LINE_00
10
17.9638213333
20
42.448566
0
VERTEX
8
2D_LINE_00
10
18.024488
20
42.4372326667
0
VERTEX
8
2D_LINE_00
10
18.0851546667
20
42.426566
0
VERTEX
8
2D_LINE_00
10
18.1451546667
20
42.4152326667
0
VERTEX
8
2D_LINE_00
10
18.2058213333
20
42.404566
0
VERTEX
8
2D_LINE_00
10
18.266488
20
42.3932326667
0
VERTEX
8
2D_LINE_00
10
18.326488
20
42.3818993333
0
VERTEX
8
2D_LINE_00
10
18.386488
20
42.370566
0
VERTEX
8
2D_LINE_00
10
18.4471546667
20
42.358566
0
VERTEX
8
2D_LINE_00
10
18.5071546667
20
42.3472326667
0
VERTEX
8
2D_LINE_00
10
18.5671546667
20
42.3352326667
0
VERTEX
8
2D_LINE_00
10
18.6271546667
20
42.3238993333
0
VERTEX
8
2D_LINE_00
10
18.6871546667
20
42.3118993333
0
VERTEX
8
2D_LINE_00
10
18.7471546667
20
42.2998993333
0
VERTEX
8
2D_LINE_00
10
18.8071546667
20
42.2878993333
0
VERTEX
8
2D_LINE_00
10
18.8671546667
20
42.2752326667
0
VERTEX
8
2D_LINE_00
10
18.9271546667
20
42.2632326667
0
VERTEX
8
2D_LINE_00
10
18.9871546667
20
42.250566
0
VERTEX
8
2D_LINE_00
10
19.0471546667
20
42.2378993333
0
VERTEX
8
2D_LINE_00
10
19.106488
20
42.2252326667
0
VERTEX
8
2D_LINE_00
10
19.166488
20
42.212566
0
VERTEX
8
2D_LINE_00
10
19.2258213333
20
42.1998993333
0
VERTEX
8
2D_LINE_00
10
19.2858213333
20
42.1872326667
0
VERTEX
8
2D_LINE_00
10
19.3451546667
20
42.1738993333
0
VERTEX
8
2D_LINE_00
10
19.404488
20
42.160566
0
VERTEX
8
2D_LINE_00
10
19.4638213333
20
42.1478993333
0
VERTEX
8
2D_LINE_00
10
19.5238213333
20
42.134566
0
VERTEX
8
2D_LINE_00
10
19.5831546667
20
42.120566
0
VERTEX
8
2D_LINE_00
10
19.642488
20
42.1072326667
0
VERTEX
8
2D_LINE_00
10
19.7018213333
20
42.0938993333
0
VERTEX
8
2D_LINE_00
10
19.760488
20
42.0798993333
0
VERTEX
8
2D_LINE_00
10
19.8198213333
20
42.0658993333
0
VERTEX
8
2D_LINE_00
10
19.8791546667
20
42.0518993333
0
VERTEX
8
2D_LINE_00
10
19.938488
20
42.0378993333
0
VERTEX
8
2D_LINE_00
10
19.9971546667
20
42.0238993333
0
VERTEX
8
2D_LINE_00
10
20.056488
20
42.0098993333
0
VERTEX
8
2D_LINE_00
10
20.1151546667
20
41.9952326667
0
VERTEX
8
2D_LINE_00
10
20.1738213333
20
41.9812326667
0
VERTEX
8
2D_LINE_00
10
20.2331546667
20
41.966566
0
VERTEX
8
2D_LINE_00
10
20.2918213333
20
41.9518993333
0
VERTEX
8
2D_LINE_00
10
20.350488
20
41.9372326667
0
VERTEX
8
2D_LINE_00
10
20.4091546667
20
41.922566
0
VERTEX
8
2D_LINE_00
10
20.4678213333
20
41.9072326667
0
VERTEX
8
2D_LINE_00
10
20.526488
20
41.892566
0
VERTEX
8
2D_LINE_00
10
20.5851546667
20
41.8772326667
0
VERTEX
8
2D_LINE_00
10
20.6438213333
20
41.8618993333
0
VERTEX
8
2D_LINE_00
10
20.7018213333
20
41.846566
0
VERTEX
8
2D_LINE_00
10
20.760488
20
41.8312326667
0
VERTEX
8
2D_LINE_00
10
20.818488
20
41.8158993333
0
SEQEND
0
INSERT
2
SMOOTH_0$2
8
2D_LINE_00
10
-6.6608453333
20
43.2478993333
0
INSERT
2
SMOOTH_0$2
8
2D_LINE_00
10
-6.5941786667
20
43.248566
0
POLYLINE
8
2D_LINE_00
66
1
40
0.2
41
0.2
0
VERTEX
8
2D_LINE_00
10
-16.5241786667
20
42.1178993333
0
VERTEX
8
2D_LINE_00
10
-16.4881786667
20
42.1272326667
0
VERTEX
8
2D_LINE_00
10
-16.451512
20
42.136566
0
VERTEX
8
2D_LINE_00
10
-16.4148453333
20
42.1452326667
0
VERTEX
8
2D_LINE_00
10
-16.3781786667
20
42.154566
0
VERTEX
8
2D_LINE_00
10
-16.341512
20
42.1638993333
0
VERTEX
8
2D_LINE_00
10
-16.3048453333
20
42.172566
0
VERTEX
8
2D_LINE_00
10
-16.2681786667
20
42.1818993333
0
VERTEX
8
2D_LINE_00
10
-16.231512
20
42.190566
0
VERTEX
8
2D_LINE_00
10
-16.1948453333
20
42.1998993333
0
VERTEX
8
2D_LINE_00
10
-16.1581786667
20
42.208566
0
VERTEX
8
2D_LINE_00
10
-16.121512
20
42.2172326667
0
VERTEX
8
2D_LINE_00
10
-16.0848453333
20
42.2258993333
0
VERTEX
8
2D_LINE_00
10
-16.0481786667
20
42.234566
0
VERTEX
8
2D_LINE_00
10
-16.011512
20
42.2432326667
0
VERTEX
8
2D_LINE_00
10
-15.9748453333
20
42.2518993333
0
VERTEX
8
2D_LINE_00
10
-15.9381786667
20
42.260566
0
VERTEX
8
2D_LINE_00
10
-15.901512
20
42.2692326667
0
VERTEX
8
2D_LINE_00
10
-15.8641786667
20
42.2778993333
0
VERTEX
8
2D_LINE_00
10
-15.827512
20
42.286566
0
VERTEX
8
2D_LINE_00
10
-15.7908453333
20
42.294566
0
VERTEX
8
2D_LINE_00
10
-15.7541786667
20
42.3032326667
0
VERTEX
8
2D_LINE_00
10
-15.7168453333
20
42.3118993333
0
VERTEX
8
2D_LINE_00
10
-15.6801786667
20
42.3198993333
0
VERTEX
8
2D_LINE_00
10
-15.643512
20
42.328566
0
VERTEX
8
2D_LINE_00
10
-15.6061786667
20
42.336566
0
VERTEX
8
2D_LINE_00
10
-15.569512
20
42.344566
0
VERTEX
8
2D_LINE_00
10
-15.5328453333
20
42.352566
0
VERTEX
8
2D_LINE_00
10
-15.495512
20
42.3612326667
0
VERTEX
8
2D_LINE_00
10
-15.4588453333
20
42.3692326667
0
VERTEX
8
2D_LINE_00
10
-15.421512
20
42.3772326667
0
VERTEX
8
2D_LINE_00
10
-15.3848453333
20
42.3852326667
0
VERTEX
8
2D_LINE_00
10
-15.347512
20
42.3932326667
0
VERTEX
8
2D_LINE_00
10
-15.3108453333
20
42.4012326667
0
VERTEX
8
2D_LINE_00
10
-15.273512
20
42.4092326667
0
VERTEX
8
2D_LINE_00
10
-15.2361786667
20
42.416566
0
VERTEX
8
2D_LINE_00
10
-15.199512
20
42.424566
0
VERTEX
8
2D_LINE_00
10
-15.1621786667
20
42.432566
0
VERTEX
8
2D_LINE_00
10
-15.125512
20
42.4398993333
0
VERTEX
8
2D_LINE_00
10
-15.0881786667
20
42.4478993333
0
VERTEX
8
2D_LINE_00
10
-15.0508453333
20
42.4552326667
0
VERTEX
8
2D_LINE_00
10
-15.013512
20
42.4632326667
0
VERTEX
8
2D_LINE_00
10
-14.9768453333
20
42.470566
0
VERTEX
8
2D_LINE_00
10
-14.939512
20
42.4778993333
0
VERTEX
8
2D_LINE_00
10
-14.9021786667
20
42.4858993333
0
VERTEX
8
2D_LINE_00
10
-14.8648453333
20
42.4932326667
0
VERTEX
8
2D_LINE_00
10
-14.827512
20
42.500566
0
VERTEX
8
2D_LINE_00
10
-14.7908453333
20
42.5078993333
0
VERTEX
8
2D_LINE_00
10
-14.753512
20
42.5152326667
0
VERTEX
8
2D_LINE_00
10
-14.7161786667
20
42.522566
0
VERTEX
8
2D_LINE_00
10
-14.6788453333
20
42.5298993333
0
VERTEX
8
2D_LINE_00
10
-14.641512
20
42.5372326667
0
VERTEX
8
2D_LINE_00
10
-14.6041786667
20
42.5438993333
0
VERTEX
8
2D_LINE_00
10
-14.5668453333
20
42.5512326667
0
VERTEX
8
2D_LINE_00
10
-14.529512
20
42.558566
0
VERTEX
8
2D_LINE_00
10
-14.4921786667
20
42.5652326667
0
VERTEX
8
2D_LINE_00
10
-14.4548453333
20
42.572566
0
VERTEX
8
2D_LINE_00
10
-14.4168453333
20
42.5792326667
0
VERTEX
8
2D_LINE_00
10
-14.379512
20
42.586566
0
VERTEX
8
2D_LINE_00
10
-14.3421786667
20
42.5932326667
0
VERTEX
8
2D_LINE_00
10
-14.3048453333
20
42.5998993333
0
VERTEX
8
2D_LINE_00
10
-14.267512
20
42.6072326667
0
VERTEX
8
2D_LINE_00
10
-14.2301786667
20
42.6138993333
0
VERTEX
8
2D_LINE_00
10
-14.1921786667
20
42.620566
0
VERTEX
8
2D_LINE_00
10
-14.1548453333
20
42.6272326667
0
VERTEX
8
2D_LINE_00
10
-14.117512
20
42.6338993333
0
VERTEX
8
2D_LINE_00
10
-14.079512
20
42.640566
0
VERTEX
8
2D_LINE_00
10
-14.0421786667
20
42.6472326667
0
VERTEX
8
2D_LINE_00
10
-14.0048453333
20
42.6538993333
0
VERTEX
8
2D_LINE_00
10
-13.9668453333
20
42.6598993333
0
VERTEX
8
2D_LINE_00
10
-13.929512
20
42.666566
0
VERTEX
8
2D_LINE_00
10
-13.891512
20
42.6732326667
0
VERTEX
8
2D_LINE_00
10
-13.8541786667
20
42.6792326667
0
VERTEX
8
2D_LINE_00
10
-13.8161786667
20
42.6858993333
0
VERTEX
8
2D_LINE_00
10
-13.7788453333
20
42.6918993333
0
VERTEX
8
2D_LINE_00
10
-13.7408453333
20
42.698566
0
VERTEX
8
2D_LINE_00
10
-13.703512
20
42.704566
0
VERTEX
8
2D_LINE_00
10
-13.665512
20
42.710566
0
VERTEX
8
2D_LINE_00
10
-13.6281786667
20
42.7172326667
0
VERTEX
8
2D_LINE_00
10
-13.5901786667
20
42.7232326667
0
VERTEX
8
2D_LINE_00
10
-13.5521786667
20
42.7292326667
0
VERTEX
8
2D_LINE_00
10
-13.5141786667
20
42.7352326667
0
VERTEX
8
2D_LINE_00
10
-13.4768453333
20
42.7412326667
0
VERTEX
8
2D_LINE_00
10
-13.4388453333
20
42.7472326667
0
VERTEX
8
2D_LINE_00
10
-13.4008453333
20
42.7532326667
0
VERTEX
8
2D_LINE_00
10
-13.3628453333
20
42.7592326667
0
VERTEX
8
2D_LINE_00
10
-13.325512
20
42.764566
0
VERTEX
8
2D_LINE_00
10
-13.287512
20
42.770566
0
VERTEX
8
2D_LINE_00
10
-13.249512
20
42.776566
0
VERTEX
8
2D_LINE_00
10
-13.211512
20
42.7818993333
0
VERTEX
8
2D_LINE_00
10
-13.173512
20
42.7878993333
0
VERTEX
8
2D_LINE_00
10
-13.135512
20
42.7932326667
0
VERTEX
8
2D_LINE_00
10
-13.097512
20
42.7992326667
0
VERTEX
8
2D_LINE_00
10
-13.059512
20
42.804566
0
VERTEX
8
2D_LINE_00
10
-13.021512
20
42.8098993333
0
VERTEX
8
2D_LINE_00
10
-12.983512
20
42.8158993333
0
VERTEX
8
2D_LINE_00
10
-12.945512
20
42.8212326667
0
VERTEX
8
2D_LINE_00
10
-12.907512
20
42.826566
0
VERTEX
8
2D_LINE_00
10
-12.869512
20
42.8318993333
0
VERTEX
8
2D_LINE_00
10
-12.831512
20
42.8372326667
0
VERTEX
8
2D_LINE_00
10
-12.793512
20
42.842566
0
VERTEX
8
2D_LINE_00
10
-12.7548453333
20
42.8478993333
0
VERTEX
8
2D_LINE_00
10
-12.7168453333
20
42.8532326667
0
VERTEX
8
2D_LINE_00
10
-12.6788453333
20
42.858566
0
VERTEX
8
2D_LINE_00
10
-12.6408453333
20
42.8632326667
0
VERTEX
8
2D_LINE_00
10
-12.6021786667
20
42.868566
0
VERTEX
8
2D_LINE_00
10
-12.5641786667
20
42.8738993333
0
VERTEX
8
2D_LINE_00
10
-12.5261786667
20
42.878566
0
VERTEX
8
2D_LINE_00
10
-12.487512
20
42.8838993333
0
VERTEX
8
2D_LINE_00
10
-12.449512
20
42.888566
0
VERTEX
8
2D_LINE_00
10
-12.411512
20
42.8938993333
0
VERTEX
8
2D_LINE_00
10
-12.3728453333
20
42.898566
0
VERTEX
8
2D_LINE_00
10
-12.3348453333
20
42.9032326667
0
VERTEX
8
2D_LINE_00
10
-12.2961786667
20
42.908566
0
VERTEX
8
2D_LINE_00
10
-12.2581786667
20
42.9132326667
0
VERTEX
8
2D_LINE_00
10
-12.219512
20
42.9178993333
0
VERTEX
8
2D_LINE_00
10
-12.1808453333
20
42.922566
0
VERTEX
8
2D_LINE_00
10
-12.1428453333
20
42.9272326667
0
VERTEX
8
2D_LINE_00
10
-12.1041786667
20
42.9318993333
0
VERTEX
8
2D_LINE_00
10
-12.0661786667
20
42.936566
0
VERTEX
8
2D_LINE_00
10
-12.027512
20
42.9412326667
0
VERTEX
8
2D_LINE_00
10
-11.9888453333
20
42.9458993333
0
VERTEX
8
2D_LINE_00
10
-11.9508453333
20
42.9498993333
0
VERTEX
8
2D_LINE_00
10
-11.9121786667
20
42.954566
0
VERTEX
8
2D_LINE_00
10
-11.873512
20
42.9592326667
0
VERTEX
8
2D_LINE_00
10
-11.8348453333
20
42.9632326667
0
VERTEX
8
2D_LINE_00
10
-11.7961786667
20
42.9678993333
0
VERTEX
8
2D_LINE_00
10
-11.757512
20
42.9718993333
0
VERTEX
8
2D_LINE_00
10
-11.719512
20
42.976566
0
VERTEX
8
2D_LINE_00
10
-11.6808453333
20
42.980566
0
VERTEX
8
2D_LINE_00
10
-11.6421786667
20
42.984566
0
VERTEX
8
2D_LINE_00
10
-11.603512
20
42.9892326667
0
VERTEX
8
2D_LINE_00
10
-11.5648453333
20
42.9932326667
0
VERTEX
8
2D_LINE_00
10
-11.5261786667
20
42.9972326667
0
VERTEX
8
2D_LINE_00
10
-11.487512
20
43.0012326667
0
VERTEX
8
2D_LINE_00
10
-11.4488453333
20
43.0052326667
0
VERTEX
8
2D_LINE_00
10
-11.4101786667
20
43.0092326667
0
VERTEX
8
2D_LINE_00
10
-11.371512
20
43.0132326667
0
VERTEX
8
2D_LINE_00
10
-11.3321786667
20
43.0172326667
0
VERTEX
8
2D_LINE_00
10
-11.293512
20
43.0212326667
0
VERTEX
8
2D_LINE_00
10
-11.2548453333
20
43.024566
0
VERTEX
8
2D_LINE_00
10
-11.2161786667
20
43.028566
0
VERTEX
8
2D_LINE_00
10
-11.177512
20
43.032566
0
VERTEX
8
2D_LINE_00
10
-11.1381786667
20
43.0358993333
0
VERTEX
8
2D_LINE_00
10
-11.099512
20
43.0398993333
0
VERTEX
8
2D_LINE_00
10
-11.0608453333
20
43.0432326667
0
VERTEX
8
2D_LINE_00
10
-11.021512
20
43.0472326667
0
VERTEX
8
2D_LINE_00
10
-10.9828453333
20
43.050566
0
VERTEX
8
2D_LINE_00
10
-10.9441786667
20
43.0538993333
0
VERTEX
8
2D_LINE_00
10
-10.9048453333
20
43.0578993333
0
VERTEX
8
2D_LINE_00
10
-10.8661786667
20
43.0612326667
0
VERTEX
8
2D_LINE_00
10
-10.8268453333
20
43.064566
0
VERTEX
8
2D_LINE_00
10
-10.7881786667
20
43.0678993333
0
VERTEX
8
2D_LINE_00
10
-10.7488453333
20
43.0712326667
0
VERTEX
8
2D_LINE_00
10
-10.7101786667
20
43.074566
0
VERTEX
8
2D_LINE_00
10
-10.6708453333
20
43.0778993333
0
VERTEX
8
2D_LINE_00
10
-10.631512
20
43.0812326667
0
VERTEX
8
2D_LINE_00
10
-10.5928453333
20
43.084566
0
VERTEX
8
2D_LINE_00
10
-10.553512
20
43.0878993333
0
VERTEX
8
2D_LINE_00
10
-10.5141786667
20
43.0912326667
0
VERTEX
8
2D_LINE_00
10
-10.475512
20
43.0938993333
0
VERTEX
8
2D_LINE_00
10
-10.4361786667
20
43.0972326667
0
VERTEX
8
2D_LINE_00
10
-10.3968453333
20
43.100566
0
VERTEX
8
2D_LINE_00
10
-10.357512
20
43.1032326667
0
VERTEX
8
2D_LINE_00
10
-10.3188453333
20
43.106566
0
VERTEX
8
2D_LINE_00
10
-10.279512
20
43.1092326667
0
VERTEX
8
2D_LINE_00
10
-10.2401786667
20
43.1118993333
0
VERTEX
8
2D_LINE_00
10
-10.2008453333
20
43.1152326667
0
VERTEX
8
2D_LINE_00
10
-10.161512
20
43.1178993333
0
VERTEX
8
2D_LINE_00
10
-10.1221786667
20
43.120566
0
VERTEX
8
2D_LINE_00
10
-10.0828453333
20
43.1238993333
0
VERTEX
8
2D_LINE_00
10
-10.043512
20
43.126566
0
VERTEX
8
2D_LINE_00
10
-10.0041786667
20
43.1292326667
0
VERTEX
8
2D_LINE_00
10
-9.9648453333
20
43.1318993333
0
VERTEX
8
2D_LINE_00
10
-9.925512
20
43.134566
0
VERTEX
8
2D_LINE_00
10
-9.8861786667
20
43.1372326667
0
VERTEX
8
2D_LINE_00
10
-9.8468453333
20
43.1398993333
0
VERTEX
8
2D_LINE_00
10
-9.8068453333
20
43.1418993333
0
VERTEX
8
2D_LINE_00
10
-9.767512
20
43.144566
0
VERTEX
8
2D_LINE_00
10
-9.7281786667
20
43.1472326667
0
VERTEX
8
2D_LINE_00
10
-9.6888453333
20
43.1498993333
0
VERTEX
8
2D_LINE_00
10
-9.6488453333
20
43.1518993333
0
VERTEX
8
2D_LINE_00
10
-9.609512
20
43.154566
0
VERTEX
8
2D_LINE_00
10
-9.5701786667
20
43.156566
0
VERTEX
8
2D_LINE_00
10
-9.5301786667
20
43.1592326667
0
VERTEX
8
2D_LINE_00
10
-9.4908453333
20
43.1612326667
0
VERTEX
8
2D_LINE_00
10
-9.4508453333
20
43.1638993333
0
VERTEX
8
2D_LINE_00
10
-9.411512
20
43.1658993333
0
VERTEX
8
2D_LINE_00
10
-9.371512
20
43.1678993333
0
VERTEX
8
2D_LINE_00
10
-9.3321786667
20
43.1698993333
0
VERTEX
8
2D_LINE_00
10
-9.2921786667
20
43.172566
0
VERTEX
8
2D_LINE_00
10
-9.2528453333
20
43.174566
0
VERTEX
8
2D_LINE_00
10
-9.2128453333
20
43.176566
0
VERTEX
8
2D_LINE_00
10
-9.1728453333
20
43.178566
0
VERTEX
8
2D_LINE_00
10
-9.1328453333
20
43.180566
0
VERTEX
8
2D_LINE_00
10
-9.093512
20
43.182566
0
VERTEX
8
2D_LINE_00
10
-9.053512
20
43.184566
0
VERTEX
8
2D_LINE_00
10
-9.013512
20
43.186566
0
VERTEX
8
2D_LINE_00
10
-8.973512
20
43.1878993333
0
VERTEX
8
2D_LINE_00
10
-8.933512
20
43.1898993333
0
VERTEX
8
2D_LINE_00
10
-8.893512
20
43.1918993333
0
VERTEX
8
2D_LINE_00
10
-8.853512
20
43.1932326667
0
VERTEX
8
2D_LINE_00
10
-8.813512
20
43.1952326667
0
VERTEX
8
2D_LINE_00
10
-8.773512
20
43.1972326667
0
VERTEX
8
2D_LINE_00
10
-8.733512
20
43.198566
0
VERTEX
8
2D_LINE_00
10
-8.693512
20
43.200566
0
VERTEX
8
2D_LINE_00
10
-8.653512
20
43.2018993333
0
VERTEX
8
2D_LINE_00
10
-8.6128453333
20
43.2038993333
0
VERTEX
8
2D_LINE_00
10
-8.5728453333
20
43.2052326667
0
VERTEX
8
2D_LINE_00
10
-8.5328453333
20
43.206566
0
VERTEX
8
2D_LINE_00
10
-8.4921786667
20
43.2078993333
0
VERTEX
8
2D_LINE_00
10
-8.4521786667
20
43.2098993333
0
VERTEX
8
2D_LINE_00
10
-8.411512
20
43.2112326667
0
VERTEX
8
2D_LINE_00
10
-8.371512
20
43.212566
0
VERTEX
8
2D_LINE_00
10
-8.3308453333
20
43.2138993333
0
VERTEX
8
2D_LINE_00
10
-8.2908453333
20
43.2152326667
0
VERTEX
8
2D_LINE_00
10
-8.2501786667
20
43.216566
0
VERTEX
8
2D_LINE_00
10
-8.209512
20
43.2178993333
0
VERTEX
8
2D_LINE_00
10
-8.1688453333
20
43.2192326667
0
VERTEX
8
2D_LINE_00
10
-8.1288453333
20
43.220566
0
VERTEX
8
2D_LINE_00
10
-8.0881786667
20
43.2218993333
0
VERTEX
8
2D_LINE_00
10
-8.047512
20
43.2232326667
0
VERTEX
8
2D_LINE_00
10
-8.0068453333
20
43.2238993333
0
VERTEX
8
2D_LINE_00
10
-7.9661786667
20
43.2252326667
0
VERTEX
8
2D_LINE_00
10
-7.925512
20
43.226566
0
VERTEX
8
2D_LINE_00
10
-7.8848453333
20
43.2272326667
0
VERTEX
8
2D_LINE_00
10
-7.8441786667
20
43.228566
0
VERTEX
8
2D_LINE_00
10
-7.803512
20
43.2298993333
0
VERTEX
8
2D_LINE_00
10
-7.7628453333
20
43.230566
0
VERTEX
8
2D_LINE_00
10
-7.7221786667
20
43.2312326667
0
VERTEX
8
2D_LINE_00
10
-7.681512
20
43.232566
0
VERTEX
8
2D_LINE_00
10
-7.6401786667
20
43.2332326667
0
VERTEX
8
2D_LINE_00
10
-7.599512
20
43.234566
0
VERTEX
8
2D_LINE_00
10
-7.5588453333
20
43.2352326667
0
VERTEX
8
2D_LINE_00
10
-7.5181786667
20
43.2358993333
0
VERTEX
8
2D_LINE_00
10
-7.477512
20
43.236566
0
VERTEX
8
2D_LINE_00
10
-7.4361786667
20
43.2378993333
0
VERTEX
8
2D_LINE_00
10
-7.395512
20
43.238566
0
VERTEX
8
2D_LINE_00
10
-7.3548453333
20
43.2392326667
0
VERTEX
8
2D_LINE_00
10
-7.3141786667
20
43.2398993333
0
VERTEX
8
2D_LINE_00
10
-7.2728453333
20
43.240566
0
VERTEX
8
2D_LINE_00
10
-7.2321786667
20
43.2412326667
0
VERTEX
8
2D_LINE_00
10
-7.191512
20
43.2418993333
0
VERTEX
8
2D_LINE_00
10
-7.1501786667
20
43.242566
0
VERTEX
8
2D_LINE_00
10
-7.109512
20
43.2432326667
0
VERTEX
8
2D_LINE_00
10
-7.0688453333
20
43.2438993333
0
VERTEX
8
2D_LINE_00
10
-7.0281786667
20
43.244566
0
VERTEX
8
2D_LINE_00
10
-6.9868453333
20
43.244566
0
VERTEX
8
2D_LINE_00
10
-6.9461786667
20
43.2452326667
0
VERTEX
8
2D_LINE_00
10
-6.905512
20
43.2458993333
0
VERTEX
8
2D_LINE_00
10
-6.8648453333
20
43.2458993333
0
VERTEX
8
2D_LINE_00
10
-6.8241786667
20
43.246566
0
VERTEX
8
2D_LINE_00
10
-6.7828453333
20
43.2472326667
0
VERTEX
8
2D_LINE_00
10
-6.7421786667
20
43.2472326667
0
VERTEX
8
2D_LINE_00
10
-6.701512
20
43.2478993333
0
VERTEX
8
2D_LINE_00
10
-6.6608453333
20
43.2478993333
0
SEQEND
0
INSERT
2
SMOOTH_0$2
8
2D_LINE_00
10
-16.5241786667
20
42.1178993333
0
INSERT
2
SMOOTH_0$2
8
2D_LINE_00
10
-16.4881786667
20
42.1272326667
0
POLYLINE
8
2D_LINE_00
66
1
40
0.2
41
0.2
0
VERTEX
8
2D_LINE_00
10
-17.251818
20
41.380038
42
-0.2792050168
0
VERTEX
8
2D_LINE_00
10
-16.524452
20
42.117996
0
SEQEND
0
INSERT
2
SMOOTH_0$2
8
2D_LINE_00
10
-17.251818
20
41.380038
0
INSERT
2
SMOOTH_0$2
8
2D_LINE_00
10
-16.524452
20
42.117996
0
POLYLINE
8
2D_LINE_00
66
1
40
0.2
41
0.2
0
VERTEX
8
2D_LINE_00
10
-17.2518186667
20
41.3800386667
42
-0.5161384876
0
VERTEX
8
2D_LINE_00
10
-22.9188546667
20
39.087772
0
SEQEND
0
INSERT
2
SMOOTH_0$2
8
2D_LINE_00
10
-17.2518186667
20
41.3800386667
0
INSERT
2
SMOOTH_0$2
8
2D_LINE_00
10
-22.9188546667
20
39.087772
0
POLYLINE
8
2D_LINE_00
66
1
40
0.2
41
0.2
0
VERTEX
8
2D_LINE_00
10
-23.9689153333
20
39.1042226667
42
-0.2834428061
0
VERTEX
8
2D_LINE_00
10
-22.9188553333
20
39.087772
0
SEQEND
0
INSERT
2
SMOOTH_0$2
8
2D_LINE_00
10
-23.9689153333
20
39.1042226667
0
INSERT
2
SMOOTH_0$2
8
2D_LINE_00
10
-22.9188553333
20
39.087772
0
POLYLINE
8
2D_LINE_00
66
1
40
0.2
41
0.2
0
VERTEX
8
2D_LINE_00
10
-23.733512
20
1.522566
0
VERTEX
8
2D_LINE_00
10
-23.7988453333
20
1.560566
0
VERTEX
8
2D_LINE_00
10
-23.8641786667
20
1.598566
0
VERTEX
8
2D_LINE_00
10
-23.929512
20
1.6372326667
0
VERTEX
8
2D_LINE_00
10
-23.9941786667
20
1.6758993333
0
VERTEX
8
2D_LINE_00
10
-24.059512
20
1.7152326667
0
VERTEX
8
2D_LINE_00
10
-24.1241786667
20
1.7538993333
0
VERTEX
8
2D_LINE_00
10
-24.1881786667
20
1.7932326667
0
VERTEX
8
2D_LINE_00
10
-24.2528453333
20
1.832566
0
VERTEX
8
2D_LINE_00
10
-24.3168453333
20
1.872566
0
VERTEX
8
2D_LINE_00
10
-24.3808453333
20
1.9118993333
0
VERTEX
8
2D_LINE_00
10
-24.4448453333
20
1.9518993333
0
VERTEX
8
2D_LINE_00
10
-24.5081786667
20
1.992566
0
VERTEX
8
2D_LINE_00
10
-24.5721786667
20
2.032566
0
VERTEX
8
2D_LINE_00
10
-24.635512
20
2.0732326667
0
VERTEX
8
2D_LINE_00
10
-24.6981786667
20
2.1138993333
0
VERTEX
8
2D_LINE_00
10
-24.761512
20
2.154566
0
VERTEX
8
2D_LINE_00
10
-24.8241786667
20
2.1952326667
0
VERTEX
8
2D_LINE_00
10
-24.8868453333
20
2.236566
0
VERTEX
8
2D_LINE_00
10
-24.9488453333
20
2.2778993333
0
VERTEX
8
2D_LINE_00
10
-25.011512
20
2.3192326667
0
VERTEX
8
2D_LINE_00
10
-25.073512
20
2.3612326667
0
VERTEX
8
2D_LINE_00
10
-25.135512
20
2.4032326667
0
VERTEX
8
2D_LINE_00
10
-25.197512
20
2.4452326667
0
VERTEX
8
2D_LINE_00
10
-25.2588453333
20
2.4872326667
0
VERTEX
8
2D_LINE_00
10
-25.3201786667
20
2.5292326667
0
VERTEX
8
2D_LINE_00
10
-25.381512
20
2.5718993333
0
VERTEX
8
2D_LINE_00
10
-25.4428453333
20
2.614566
0
VERTEX
8
2D_LINE_00
10
-25.503512
20
2.6578993333
0
VERTEX
8
2D_LINE_00
10
-25.5641786667
20
2.7012326667
0
VERTEX
8
2D_LINE_00
10
-25.6248453333
20
2.744566
0
VERTEX
8
2D_LINE_00
10
-25.685512
20
2.7878993333
0
VERTEX
8
2D_LINE_00
10
-25.7461786667
20
2.8312326667
0
VERTEX
8
2D_LINE_00
10
-25.8061786667
20
2.8752326667
0
VERTEX
8
2D_LINE_00
10
-25.8661786667
20
2.9192326667
0
VERTEX
8
2D_LINE_00
10
-25.925512
20
2.9638993333
0
VERTEX
8
2D_LINE_00
10
-25.985512
20
3.0078993333
0
VERTEX
8
2D_LINE_00
10
-26.0448453333
20
3.052566
0
VERTEX
8
2D_LINE_00
10
-26.1041786667
20
3.0972326667
0
VERTEX
8
2D_LINE_00
10
-26.163512
20
3.142566
0
VERTEX
8
2D_LINE_00
10
-26.2221786667
20
3.1878993333
0
VERTEX
8
2D_LINE_00
10
-26.281512
20
3.2332326667
0
VERTEX
8
2D_LINE_00
10
-26.3401786667
20
3.278566
0
VERTEX
8
2D_LINE_00
10
-26.3988453333
20
3.324566
0
VERTEX
8
2D_LINE_00
10
-26.4568453333
20
3.370566
0
VERTEX
8
2D_LINE_00
10
-26.515512
20
3.4172326667
0
VERTEX
8
2D_LINE_00
10
-26.573512
20
3.4632326667
0
VERTEX
8
2D_LINE_00
10
-26.631512
20
3.5098993333
0
VERTEX
8
2D_LINE_00
10
-26.6888453333
20
3.556566
0
VERTEX
8
2D_LINE_00
10
-26.7468453333
20
3.6038993333
0
VERTEX
8
2D_LINE_00
10
-26.8041786667
20
3.6512326667
0
VERTEX
8
2D_LINE_00
10
-26.861512
20
3.698566
0
VERTEX
8
2D_LINE_00
10
-26.9188453333
20
3.7458993333
0
VERTEX
8
2D_LINE_00
10
-26.975512
20
3.7938993333
0
VERTEX
8
2D_LINE_00
10
-27.0328453333
20
3.8418993333
0
VERTEX
8
2D_LINE_00
10
-27.089512
20
3.890566
0
VERTEX
8
2D_LINE_00
10
-27.1461786667
20
3.938566
0
VERTEX
8
2D_LINE_00
10
-27.2021786667
20
3.9872326667
0
VERTEX
8
2D_LINE_00
10
-27.2588453333
20
4.036566
0
VERTEX
8
2D_LINE_00
10
-27.3148453333
20
4.0852326667
0
VERTEX
8
2D_LINE_00
10
-27.3708453333
20
4.134566
0
VERTEX
8
2D_LINE_00
10
-27.4268453333
20
4.184566
0
VERTEX
8
2D_LINE_00
10
-27.4821786667
20
4.2338993333
0
VERTEX
8
2D_LINE_00
10
-27.537512
20
4.2838993333
0
VERTEX
8
2D_LINE_00
10
-27.5928453333
20
4.3338993333
0
VERTEX
8
2D_LINE_00
10
-27.6481786667
20
4.3838993333
0
VERTEX
8
2D_LINE_00
10
-27.703512
20
4.434566
0
VERTEX
8
2D_LINE_00
10
-27.7581786667
20
4.4852326667
0
VERTEX
8
2D_LINE_00
10
-27.8128453333
20
4.5358993333
0
VERTEX
8
2D_LINE_00
10
-27.8668453333
20
4.5872326667
0
VERTEX
8
2D_LINE_00
10
-27.921512
20
4.638566
0
VERTEX
8
2D_LINE_00
10
-27.975512
20
4.6898993333
0
VERTEX
8
2D_LINE_00
10
-28.029512
20
4.7412326667
0
VERTEX
8
2D_LINE_00
10
-28.0828453333
20
4.7932326667
0
VERTEX
8
2D_LINE_00
10
-28.1361786667
20
4.844566
0
VERTEX
8
2D_LINE_00
10
-28.189512
20
4.8972326667
0
VERTEX
8
2D_LINE_00
10
-28.2428453333
20
4.9492326667
0
VERTEX
8
2D_LINE_00
10
-28.2961786667
20
5.0018993333
0
VERTEX
8
2D_LINE_00
10
-28.3488453333
20
5.054566
0
VERTEX
8
2D_LINE_00
10
-28.4008453333
20
5.1072326667
0
VERTEX
8
2D_LINE_00
10
-28.453512
20
5.1598993333
0
VERTEX
8
2D_LINE_00
10
-28.505512
20
5.2132326667
0
VERTEX
8
2D_LINE_00
10
-28.557512
20
5.266566
0
VERTEX
8
2D_LINE_00
10
-28.609512
20
5.3198993333
0
VERTEX
8
2D_LINE_00
10
-28.6608453333
20
5.3732326667
0
VERTEX
8
2D_LINE_00
10
-28.7121786667
20
5.4272326667
0
VERTEX
8
2D_LINE_00
10
-28.763512
20
5.4812326667
0
VERTEX
8
2D_LINE_00
10
-28.8141786667
20
5.5352326667
0
VERTEX
8
2D_LINE_00
10
-28.8648453333
20
5.5892326667
0
VERTEX
8
2D_LINE_00
10
-28.915512
20
5.6438993333
0
VERTEX
8
2D_LINE_00
10
-28.965512
20
5.698566
0
VERTEX
8
2D_LINE_00
10
-29.015512
20
5.7532326667
0
VERTEX
8
2D_LINE_00
10
-29.0648453333
20
5.8078993333
0
VERTEX
8
2D_LINE_00
10
-29.1148453333
20
5.862566
0
VERTEX
8
2D_LINE_00
10
-29.1641786667
20
5.9178993333
0
VERTEX
8
2D_LINE_00
10
-29.2128453333
20
5.9732326667
0
VERTEX
8
2D_LINE_00
10
-29.2621786667
20
6.028566
0
VERTEX
8
2D_LINE_00
10
-29.3108453333
20
6.0838993333
0
VERTEX
8
2D_LINE_00
10
-29.3588453333
20
6.1398993333
0
VERTEX
8
2D_LINE_00
10
-29.4068453333
20
6.1958993333
0
VERTEX
8
2D_LINE_00
10
-29.4548453333
20
6.2518993333
0
VERTEX
8
2D_LINE_00
10
-29.5028453333
20
6.3078993333
0
VERTEX
8
2D_LINE_00
10
-29.5501786667
20
6.3638993333
0
VERTEX
8
2D_LINE_00
10
-29.597512
20
6.420566
0
VERTEX
8
2D_LINE_00
10
-29.6448453333
20
6.4772326667
0
VERTEX
8
2D_LINE_00
10
-29.691512
20
6.5338993333
0
VERTEX
8
2D_LINE_00
10
-29.7381786667
20
6.590566
0
VERTEX
8
2D_LINE_00
10
-29.7848453333
20
6.6478993333
0
VERTEX
8
2D_LINE_00
10
-29.8308453333
20
6.7052326667
0
VERTEX
8
2D_LINE_00
10
-29.8768453333
20
6.762566
0
VERTEX
8
2D_LINE_00
10
-29.9221786667
20
6.8198993333
0
VERTEX
8
2D_LINE_00
10
-29.9681786667
20
6.8772326667
0
VERTEX
8
2D_LINE_00
10
-30.013512
20
6.9352326667
0
VERTEX
8
2D_LINE_00
10
-30.0581786667
20
6.9932326667
0
VERTEX
8
2D_LINE_00
10
-30.103512
20
7.0512326667
0
VERTEX
8
2D_LINE_00
10
-30.147512
20
7.1092326667
0
VERTEX
8
2D_LINE_00
10
-30.1921786667
20
7.1678993333
0
VERTEX
8
2D_LINE_00
10
-30.2361786667
20
7.2258993333
0
VERTEX
8
2D_LINE_00
10
-30.2801786667
20
7.284566
0
VERTEX
8
2D_LINE_00
10
-30.3241786667
20
7.3438993333
0
VERTEX
8
2D_LINE_00
10
-30.367512
20
7.402566
0
VERTEX
8
2D_LINE_00
10
-30.4108453333
20
7.4618993333
0
VERTEX
8
2D_LINE_00
10
-30.4541786667
20
7.520566
0
VERTEX
8
2D_LINE_00
10
-30.4968453333
20
7.580566
0
VERTEX
8
2D_LINE_00
10
-30.5401786667
20
7.6398993333
0
VERTEX
8
2D_LINE_00
10
-30.5821786667
20
7.6992326667
0
VERTEX
8
2D_LINE_00
10
-30.6248453333
20
7.7592326667
0
VERTEX
8
2D_LINE_00
10
-30.6668453333
20
7.8192326667
0
VERTEX
8
2D_LINE_00
10
-30.7088453333
20
7.8792326667
0
VERTEX
8
2D_LINE_00
10
-30.7501786667
20
7.9398993333
0
VERTEX
8
2D_LINE_00
10
-30.791512
20
7.9998993333
0
VERTEX
8
2D_LINE_00
10
-30.8328453333
20
8.060566
0
VERTEX
8
2D_LINE_00
10
-30.873512
20
8.1212326667
0
VERTEX
8
2D_LINE_00
10
-30.9148453333
20
8.1818993333
0
VERTEX
8
2D_LINE_00
10
-30.9548453333
20
8.2432326667
0
VERTEX
8
2D_LINE_00
10
-30.995512
20
8.304566
0
VERTEX
8
2D_LINE_00
10
-31.035512
20
8.3658993333
0
VERTEX
8
2D_LINE_00
10
-31.075512
20
8.4272326667
0
VERTEX
8
2D_LINE_00
10
-31.115512
20
8.488566
0
VERTEX
8
2D_LINE_00
10
-31.1548453333
20
8.550566
0
VERTEX
8
2D_LINE_00
10
-31.1941786667
20
8.612566
0
VERTEX
8
2D_LINE_00
10
-31.233512
20
8.674566
0
VERTEX
8
2D_LINE_00
10
-31.2721786667
20
8.736566
0
VERTEX
8
2D_LINE_00
10
-31.3108453333
20
8.7992326667
0
VERTEX
8
2D_LINE_00
10
-31.349512
20
8.8612326667
0
VERTEX
8
2D_LINE_00
10
-31.387512
20
8.9238993333
0
VERTEX
8
2D_LINE_00
10
-31.425512
20
8.986566
0
VERTEX
8
2D_LINE_00
10
-31.463512
20
9.0498993333
0
VERTEX
8
2D_LINE_00
10
-31.5008453333
20
9.112566
0
VERTEX
8
2D_LINE_00
10
-31.5381786667
20
9.1758993333
0
VERTEX
8
2D_LINE_00
10
-31.575512
20
9.2392326667
0
VERTEX
8
2D_LINE_00
10
-31.6121786667
20
9.302566
0
VERTEX
8
2D_LINE_00
10
-31.6488453333
20
9.366566
0
VERTEX
8
2D_LINE_00
10
-31.685512
20
9.430566
0
VERTEX
8
2D_LINE_00
10
-31.721512
20
9.4938993333
0
VERTEX
8
2D_LINE_00
10
-31.757512
20
9.558566
0
VERTEX
8
2D_LINE_00
10
-31.793512
20
9.622566
0
VERTEX
8
2D_LINE_00
10
-31.829512
20
9.686566
0
VERTEX
8
2D_LINE_00
10
-31.8648453333
20
9.7512326667
0
VERTEX
8
2D_LINE_00
10
-31.899512
20
9.8158993333
0
VERTEX
8
2D_LINE_00
10
-31.9348453333
20
9.880566
0
VERTEX
8
2D_LINE_00
10
-31.969512
20
9.9458993333
0
VERTEX
8
2D_LINE_00
10
-32.0041786667
20
10.010566
0
VERTEX
8
2D_LINE_00
10
-32.0381786667
20
10.0758993333
0
VERTEX
8
2D_LINE_00
10
-32.0721786667
20
10.1412326667
0
VERTEX
8
2D_LINE_00
10
-32.1061786667
20
10.2072326667
0
VERTEX
8
2D_LINE_00
10
-32.139512
20
10.272566
0
VERTEX
8
2D_LINE_00
10
-32.1728453333
20
10.338566
0
VERTEX
8
2D_LINE_00
10
-32.2061786667
20
10.404566
0
VERTEX
8
2D_LINE_00
10
-32.2388453333
20
10.470566
0
VERTEX
8
2D_LINE_00
10
-32.271512
20
10.536566
0
VERTEX
8
2D_LINE_00
10
-32.3041786667
20
10.6032326667
0
VERTEX
8
2D_LINE_00
10
-32.3361786667
20
10.6698993333
0
VERTEX
8
2D_LINE_00
10
-32.3681786667
20
10.736566
0
VERTEX
8
2D_LINE_00
10
-32.4001786667
20
10.8032326667
0
VERTEX
8
2D_LINE_00
10
-32.431512
20
10.8698993333
0
VERTEX
8
2D_LINE_00
10
-32.4628453333
20
10.9372326667
0
VERTEX
8
2D_LINE_00
10
-32.4941786667
20
11.004566
0
VERTEX
8
2D_LINE_00
10
-32.5248453333
20
11.0718993333
0
VERTEX
8
2D_LINE_00
10
-32.555512
20
11.1392326667
0
VERTEX
8
2D_LINE_00
10
-32.5861786667
20
11.206566
0
VERTEX
8
2D_LINE_00
10
-32.6161786667
20
11.2738993333
0
VERTEX
8
2D_LINE_00
10
-32.6461786667
20
11.3418993333
0
VERTEX
8
2D_LINE_00
10
-32.675512
20
11.4098993333
0
VERTEX
8
2D_LINE_00
10
-32.7048453333
20
11.4778993333
0
VERTEX
8
2D_LINE_00
10
-32.7341786667
20
11.5458993333
0
VERTEX
8
2D_LINE_00
10
-32.7628453333
20
11.6138993333
0
VERTEX
8
2D_LINE_00
10
-32.791512
20
11.6818993333
0
VERTEX
8
2D_LINE_00
10
-32.8201786667
20
11.750566
0
VERTEX
8
2D_LINE_00
10
-32.8481786667
20
11.8192326667
0
VERTEX
8
2D_LINE_00
10
-32.8761786667
20
11.8872326667
0
VERTEX
8
2D_LINE_00
10
-32.903512
20
11.9558993333
0
VERTEX
8
2D_LINE_00
10
-32.9308453333
20
12.024566
0
VERTEX
8
2D_LINE_00
10
-32.9581786667
20
12.0932326667
0
VERTEX
8
2D_LINE_00
10
-32.9848453333
20
12.162566
0
VERTEX
8
2D_LINE_00
10
-33.011512
20
12.2312326667
0
VERTEX
8
2D_LINE_00
10
-33.0381786667
20
12.2998993333
0
VERTEX
8
2D_LINE_00
10
-33.0641786667
20
12.3692326667
0
VERTEX
8
2D_LINE_00
10
-33.0901786667
20
12.4378993333
0
VERTEX
8
2D_LINE_00
10
-33.115512
20
12.5072326667
0
VERTEX
8
2D_LINE_00
10
-33.1408453333
20
12.576566
0
VERTEX
8
2D_LINE_00
10
-33.165512
20
12.6458993333
0
VERTEX
8
2D_LINE_00
10
-33.1908453333
20
12.7152326667
0
VERTEX
8
2D_LINE_00
10
-33.2148453333
20
12.784566
0
VERTEX
8
2D_LINE_00
10
-33.239512
20
12.8538993333
0
VERTEX
8
2D_LINE_00
10
-33.263512
20
12.9232326667
0
VERTEX
8
2D_LINE_00
10
-33.2868453333
20
12.992566
0
VERTEX
8
2D_LINE_00
10
-33.3101786667
20
13.0618993333
0
VERTEX
8
2D_LINE_00
10
-33.333512
20
13.1312326667
0
VERTEX
8
2D_LINE_00
10
-33.3561786667
20
13.2012326667
0
VERTEX
8
2D_LINE_00
10
-33.3788453333
20
13.270566
0
VERTEX
8
2D_LINE_00
10
-33.4008453333
20
13.3398993333
0
VERTEX
8
2D_LINE_00
10
-33.4228453333
20
13.4098993333
0
VERTEX
8
2D_LINE_00
10
-33.4448453333
20
13.4792326667
0
VERTEX
8
2D_LINE_00
10
-33.4661786667
20
13.5492326667
0
VERTEX
8
2D_LINE_00
10
-33.487512
20
13.618566
0
VERTEX
8
2D_LINE_00
10
-33.5081786667
20
13.688566
0
VERTEX
8
2D_LINE_00
10
-33.5288453333
20
13.7578993333
0
VERTEX
8
2D_LINE_00
10
-33.549512
20
13.8278993333
0
VERTEX
8
2D_LINE_00
10
-33.569512
20
13.8978993333
0
VERTEX
8
2D_LINE_00
10
-33.589512
20
13.9678993333
0
VERTEX
8
2D_LINE_00
10
-33.6088453333
20
14.0378993333
0
VERTEX
8
2D_LINE_00
10
-33.6281786667
20
14.1078993333
0
VERTEX
8
2D_LINE_00
10
-33.647512
20
14.1778993333
0
VERTEX
8
2D_LINE_00
10
-33.6661786667
20
14.248566
0
VERTEX
8
2D_LINE_00
10
-33.6848453333
20
14.318566
0
VERTEX
8
2D_LINE_00
10
-33.7028453333
20
14.3892326667
0
VERTEX
8
2D_LINE_00
10
-33.7208453333
20
14.4592326667
0
VERTEX
8
2D_LINE_00
10
-33.7381786667
20
14.5298993333
0
VERTEX
8
2D_LINE_00
10
-33.7561786667
20
14.600566
0
VERTEX
8
2D_LINE_00
10
-33.773512
20
14.6712326667
0
VERTEX
8
2D_LINE_00
10
-33.7901786667
20
14.7418993333
0
VERTEX
8
2D_LINE_00
10
-33.8068453333
20
14.8132326667
0
VERTEX
8
2D_LINE_00
10
-33.823512
20
14.8838993333
0
VERTEX
8
2D_LINE_00
10
-33.839512
20
14.9552326667
0
VERTEX
8
2D_LINE_00
10
-33.855512
20
15.026566
0
VERTEX
8
2D_LINE_00
10
-33.8708453333
20
15.0978993333
0
VERTEX
8
2D_LINE_00
10
-33.8861786667
20
15.1692326667
0
VERTEX
8
2D_LINE_00
10
-33.901512
20
15.240566
0
VERTEX
8
2D_LINE_00
10
-33.9168453333
20
15.312566
0
VERTEX
8
2D_LINE_00
10
-33.931512
20
15.384566
0
VERTEX
8
2D_LINE_00
10
-33.945512
20
15.4558993333
0
VERTEX
8
2D_LINE_00
10
-33.9601786667
20
15.528566
0
VERTEX
8
2D_LINE_00
10
-33.9741786667
20
15.600566
0
VERTEX
8
2D_LINE_00
10
-33.987512
20
15.672566
0
VERTEX
8
2D_LINE_00
10
-34.0008453333
20
15.7452326667
0
VERTEX
8
2D_LINE_00
10
-34.0141786667
20
15.8178993333
0
VERTEX
8
2D_LINE_00
10
-34.027512
20
15.890566
0
VERTEX
8
2D_LINE_00
10
-34.0401786667
20
15.9638993333
0
VERTEX
8
2D_LINE_00
10
-34.0521786667
20
16.036566
0
VERTEX
8
2D_LINE_00
10
-34.0648453333
20
16.1098993333
0
VERTEX
8
2D_LINE_00
10
-34.0768453333
20
16.1832326667
0
VERTEX
8
2D_LINE_00
10
-34.0881786667
20
16.256566
0
VERTEX
8
2D_LINE_00
10
-34.1001786667
20
16.330566
0
VERTEX
8
2D_LINE_00
10
-34.111512
20
16.404566
0
VERTEX
8
2D_LINE_00
10
-34.1221786667
20
16.478566
0
VERTEX
8
2D_LINE_00
10
-34.133512
20
16.552566
0
VERTEX
8
2D_LINE_00
10
-34.1441786667
20
16.626566
0
VERTEX
8
2D_LINE_00
10
-34.1541786667
20
16.7012326667
0
VERTEX
8
2D_LINE_00
10
-34.1641786667
20
16.7758993333
0
VERTEX
8
2D_LINE_00
10
-34.1741786667
20
16.8498993333
0
VERTEX
8
2D_LINE_00
10
-34.1841786667
20
16.9252326667
0
VERTEX
8
2D_LINE_00
10
-34.193512
20
16.9998993333
0
VERTEX
8
2D_LINE_00
10
-34.2028453333
20
17.0752326667
0
VERTEX
8
2D_LINE_00
10
-34.211512
20
17.1498993333
0
VERTEX
8
2D_LINE_00
10
-34.2201786667
20
17.2252326667
0
VERTEX
8
2D_LINE_00
10
-34.2288453333
20
17.3012326667
0
VERTEX
8
2D_LINE_00
10
-34.237512
20
17.376566
0
VERTEX
8
2D_LINE_00
10
-34.245512
20
17.452566
0
VERTEX
8
2D_LINE_00
10
-34.253512
20
17.5278993333
0
VERTEX
8
2D_LINE_00
10
-34.2608453333
20
17.6038993333
0
VERTEX
8
2D_LINE_00
10
-34.2681786667
20
17.6798993333
0
VERTEX
8
2D_LINE_00
10
-34.275512
20
17.7558993333
0
VERTEX
8
2D_LINE_00
10
-34.2821786667
20
17.832566
0
VERTEX
8
2D_LINE_00
10
-34.2888453333
20
17.9092326667
0
VERTEX
8
2D_LINE_00
10
-34.295512
20
17.9852326667
0
VERTEX
8
2D_LINE_00
10
-34.3021786667
20
18.0618993333
0
VERTEX
8
2D_LINE_00
10
-34.3081786667
20
18.138566
0
VERTEX
8
2D_LINE_00
10
-34.3141786667
20
18.2158993333
0
VERTEX
8
2D_LINE_00
10
-34.319512
20
18.292566
0
VERTEX
8
2D_LINE_00
10
-34.3248453333
20
18.3698993333
0
VERTEX
8
2D_LINE_00
10
-34.3301786667
20
18.446566
0
VERTEX
8
2D_LINE_00
10
-34.3348453333
20
18.5238993333
0
VERTEX
8
2D_LINE_00
10
-34.3401786667
20
18.6012326667
0
VERTEX
8
2D_LINE_00
10
-34.3441786667
20
18.678566
0
VERTEX
8
2D_LINE_00
10
-34.3488453333
20
18.756566
0
VERTEX
8
2D_LINE_00
10
-34.3528453333
20
18.8338993333
0
VERTEX
8
2D_LINE_00
10
-34.3568453333
20
18.9118993333
0
VERTEX
8
2D_LINE_00
10
-34.3601786667
20
18.9892326667
0
VERTEX
8
2D_LINE_00
10
-34.3641786667
20
19.0672326667
0
VERTEX
8
2D_LINE_00
10
-34.367512
20
19.1452326667
0
VERTEX
8
2D_LINE_00
10
-34.3701786667
20
19.2232326667
0
VERTEX
8
2D_LINE_00
10
-34.3728453333
20
19.3018993333
0
VERTEX
8
2D_LINE_00
10
-34.375512
20
19.3798993333
0
VERTEX
8
2D_LINE_00
10
-34.3781786667
20
19.4578993333
0
VERTEX
8
2D_LINE_00
10
-34.3801786667
20
19.536566
0
VERTEX
8
2D_LINE_00
10
-34.3821786667
20
19.614566
0
VERTEX
8
2D_LINE_00
10
-34.3841786667
20
19.6932326667
0
VERTEX
8
2D_LINE_00
10
-34.385512
20
19.7718993333
0
VERTEX
8
2D_LINE_00
10
-34.3868453333
20
19.850566
0
VERTEX
8
2D_LINE_00
10
-34.3881786667
20
19.928566
0
VERTEX
8
2D_LINE_00
10
-34.3888453333
20
20.0072326667
0
VERTEX
8
2D_LINE_00
10
-34.3901786667
20
20.0858993333
0
VERTEX
8
2D_LINE_00
10
-34.3901786667
20
20.164566
0
VERTEX
8
2D_LINE_00
10
-34.3908453333
20
20.2432326667
0
VERTEX
8
2D_LINE_00
10
-34.3908453333
20
20.3218993333
0
VERTEX
8
2D_LINE_00
10
-34.3908453333
20
20.400566
0
VERTEX
8
2D_LINE_00
10
-34.3901786667
20
20.4792326667
0
VERTEX
8
2D_LINE_00
10
-34.389512
20
20.5578993333
0
VERTEX
8
2D_LINE_00
10
-34.3888453333
20
20.636566
0
VERTEX
8
2D_LINE_00
10
-34.3881786667
20
20.7152326667
0
VERTEX
8
2D_LINE_00
10
-34.3868453333
20
20.7938993333
0
VERTEX
8
2D_LINE_00
10
-34.385512
20
20.872566
0
VERTEX
8
2D_LINE_00
10
-34.3841786667
20
20.950566
0
VERTEX
8
2D_LINE_00
10
-34.3821786667
20
21.0292326667
0
VERTEX
8
2D_LINE_00
10
-34.3801786667
20
21.1078993333
0
VERTEX
8
2D_LINE_00
10
-34.3781786667
20
21.186566
0
VERTEX
8
2D_LINE_00
10
-34.375512
20
21.264566
0
VERTEX
8
2D_LINE_00
10
-34.3728453333
20
21.3432326667
0
VERTEX
8
2D_LINE_00
10
-34.3701786667
20
21.4212326667
0
VERTEX
8
2D_LINE_00
10
-34.3668453333
20
21.4998993333
0
VERTEX
8
2D_LINE_00
10
-34.363512
20
21.5778993333
0
VERTEX
8
2D_LINE_00
10
-34.3601786667
20
21.6558993333
0
VERTEX
8
2D_LINE_00
10
-34.3568453333
20
21.7338993333
0
VERTEX
8
2D_LINE_00
10
-34.3528453333
20
21.8118993333
0
VERTEX
8
2D_LINE_00
10
-34.3488453333
20
21.8898993333
0
VERTEX
8
2D_LINE_00
10
-34.3448453333
20
21.9672326667
0
VERTEX
8
2D_LINE_00
10
-34.3401786667
20
22.0452326667
0
VERTEX
8
2D_LINE_00
10
-34.335512
20
22.122566
0
VERTEX
8
2D_LINE_00
10
-34.3301786667
20
22.200566
0
VERTEX
8
2D_LINE_00
10
-34.325512
20
22.2778993333
0
VERTEX
8
2D_LINE_00
10
-34.3201786667
20
22.3552326667
0
VERTEX
8
2D_LINE_00
10
-34.3141786667
20
22.4318993333
0
VERTEX
8
2D_LINE_00
10
-34.3088453333
20
22.5092326667
0
VERTEX
8
2D_LINE_00
10
-34.3028453333
20
22.586566
0
VERTEX
8
2D_LINE_00
10
-34.2968453333
20
22.6632326667
0
VERTEX
8
2D_LINE_00
10
-34.2901786667
20
22.7398993333
0
VERTEX
8
2D_LINE_00
10
-34.283512
20
22.816566
0
VERTEX
8
2D_LINE_00
10
-34.2768453333
20
22.8932326667
0
VERTEX
8
2D_LINE_00
10
-34.269512
20
22.9698993333
0
VERTEX
8
2D_LINE_00
10
-34.2621786667
20
23.046566
0
VERTEX
8
2D_LINE_00
10
-34.2548453333
20
23.122566
0
VERTEX
8
2D_LINE_00
10
-34.247512
20
23.198566
0
VERTEX
8
2D_LINE_00
10
-34.239512
20
23.2752326667
0
VERTEX
8
2D_LINE_00
10
-34.231512
20
23.3512326667
0
VERTEX
8
2D_LINE_00
10
-34.2228453333
20
23.426566
0
VERTEX
8
2D_LINE_00
10
-34.2141786667
20
23.502566
0
VERTEX
8
2D_LINE_00
10
-34.205512
20
23.578566
0
VERTEX
8
2D_LINE_00
10
-34.1961786667
20
23.6538993333
0
VERTEX
8
2D_LINE_00
10
-34.1868453333
20
23.7292326667
0
VERTEX
8
2D_LINE_00
10
-34.177512
20
23.804566
0
VERTEX
8
2D_LINE_00
10
-34.167512
20
23.8798993333
0
VERTEX
8
2D_LINE_00
10
-34.157512
20
23.9552326667
0
VERTEX
8
2D_LINE_00
10
-34.147512
20
24.0298993333
0
VERTEX
8
2D_LINE_00
10
-34.1368453333
20
24.104566
0
VERTEX
8
2D_LINE_00
10
-34.1261786667
20
24.1798993333
0
VERTEX
8
2D_LINE_00
10
-34.115512
20
24.254566
0
VERTEX
8
2D_LINE_00
10
-34.1041786667
20
24.328566
0
VERTEX
8
2D_LINE_00
10
-34.0928453333
20
24.4032326667
0
VERTEX
8
2D_LINE_00
10
-34.081512
20
24.4772326667
0
VERTEX
8
2D_LINE_00
10
-34.069512
20
24.5518993333
0
VERTEX
8
2D_LINE_00
10
-34.057512
20
24.6258993333
0
VERTEX
8
2D_LINE_00
10
-34.0448453333
20
24.6998993333
0
VERTEX
8
2D_LINE_00
10
-34.0321786667
20
24.7732326667
0
VERTEX
8
2D_LINE_00
10
-34.019512
20
24.8472326667
0
VERTEX
8
2D_LINE_00
10
-34.0061786667
20
24.920566
0
VERTEX
8
2D_LINE_00
10
-33.9928453333
20
24.9938993333
0
VERTEX
8
2D_LINE_00
10
-33.979512
20
25.0672326667
0
VERTEX
8
2D_LINE_00
10
-33.965512
20
25.140566
0
VERTEX
8
2D_LINE_00
10
-33.951512
20
25.2138993333
0
VERTEX
8
2D_LINE_00
10
-33.9368453333
20
25.286566
0
VERTEX
8
2D_LINE_00
10
-33.9221786667
20
25.3592326667
0
VERTEX
8
2D_LINE_00
10
-33.907512
20
25.432566
0
VERTEX
8
2D_LINE_00
10
-33.8921786667
20
25.504566
0
VERTEX
8
2D_LINE_00
10
-33.8768453333
20
25.5772326667
0
VERTEX
8
2D_LINE_00
10
-33.861512
20
25.6498993333
0
VERTEX
8
2D_LINE_00
10
-33.845512
20
25.7218993333
0
VERTEX
8
2D_LINE_00
10
-33.829512
20
25.7938993333
0
VERTEX
8
2D_LINE_00
10
-33.813512
20
25.8658993333
0
VERTEX
8
2D_LINE_00
10
-33.7968453333
20
25.9378993333
0
VERTEX
8
2D_LINE_00
10
-33.779512
20
26.0098993333
0
VERTEX
8
2D_LINE_00
10
-33.7628453333
20
26.0812326667
0
VERTEX
8
2D_LINE_00
10
-33.745512
20
26.1532326667
0
VERTEX
8
2D_LINE_00
10
-33.727512
20
26.224566
0
VERTEX
8
2D_LINE_00
10
-33.7101786667
20
26.2958993333
0
VERTEX
8
2D_LINE_00
10
-33.691512
20
26.3672326667
0
VERTEX
8
2D_LINE_00
10
-33.673512
20
26.4378993333
0
VERTEX
8
2D_LINE_00
10
-33.6548453333
20
26.5092326667
0
VERTEX
8
2D_LINE_00
10
-33.6361786667
20
26.5798993333
0
VERTEX
8
2D_LINE_00
10
-33.6168453333
20
26.6512326667
0
VERTEX
8
2D_LINE_00
10
-33.597512
20
26.7218993333
0
VERTEX
8
2D_LINE_00
10
-33.5781786667
20
26.792566
0
VERTEX
8
2D_LINE_00
10
-33.5581786667
20
26.862566
0
VERTEX
8
2D_LINE_00
10
-33.5381786667
20
26.9332326667
0
VERTEX
8
2D_LINE_00
10
-33.517512
20
27.0032326667
0
VERTEX
8
2D_LINE_00
10
-33.4968453333
20
27.0738993333
0
VERTEX
8
2D_LINE_00
10
-33.4761786667
20
27.1438993333
0
VERTEX
8
2D_LINE_00
10
-33.4548453333
20
27.2138993333
0
VERTEX
8
2D_LINE_00
10
-33.433512
20
27.2838993333
0
VERTEX
8
2D_LINE_00
10
-33.411512
20
27.3538993333
0
VERTEX
8
2D_LINE_00
10
-33.3901786667
20
27.4232326667
0
VERTEX
8
2D_LINE_00
10
-33.367512
20
27.4932326667
0
VERTEX
8
2D_LINE_00
10
-33.345512
20
27.562566
0
VERTEX
8
2D_LINE_00
10
-33.3228453333
20
27.6318993333
0
VERTEX
8
2D_LINE_00
10
-33.299512
20
27.7012326667
0
VERTEX
8
2D_LINE_00
10
-33.2768453333
20
27.770566
0
VERTEX
8
2D_LINE_00
10
-33.253512
20
27.8398993333
0
VERTEX
8
2D_LINE_00
10
-33.229512
20
27.9092326667
0
VERTEX
8
2D_LINE_00
10
-33.205512
20
27.9778993333
0
VERTEX
8
2D_LINE_00
10
-33.181512
20
28.046566
0
VERTEX
8
2D_LINE_00
10
-33.1568453333
20
28.1158993333
0
VERTEX
8
2D_LINE_00
10
-33.1321786667
20
28.184566
0
VERTEX
8
2D_LINE_00
10
-33.107512
20
28.2532326667
0
VERTEX
8
2D_LINE_00
10
-33.0821786667
20
28.3218993333
0
VERTEX
8
2D_LINE_00
10
-33.0568453333
20
28.3898993333
0
VERTEX
8
2D_LINE_00
10
-33.0308453333
20
28.458566
0
VERTEX
8
2D_LINE_00
10
-33.0048453333
20
28.526566
0
VERTEX
8
2D_LINE_00
10
-32.9788453333
20
28.5952326667
0
VERTEX
8
2D_LINE_00
10
-32.9521786667
20
28.6632326667
0
VERTEX
8
2D_LINE_00
10
-32.925512
20
28.7312326667
0
VERTEX
8
2D_LINE_00
10
-32.8981786667
20
28.7992326667
0
VERTEX
8
2D_LINE_00
10
-32.871512
20
28.8672326667
0
VERTEX
8
2D_LINE_00
10
-32.843512
20
28.934566
0
VERTEX
8
2D_LINE_00
10
-32.8161786667
20
29.002566
0
VERTEX
8
2D_LINE_00
10
-32.7881786667
20
29.070566
0
VERTEX
8
2D_LINE_00
10
-32.759512
20
29.1378993333
0
VERTEX
8
2D_LINE_00
10
-32.7308453333
20
29.2052326667
0
VERTEX
8
2D_LINE_00
10
-32.7021786667
20
29.272566
0
VERTEX
8
2D_LINE_00
10
-32.673512
20
29.3398993333
0
VERTEX
8
2D_LINE_00
10
-32.6441786667
20
29.4072326667
0
VERTEX
8
2D_LINE_00
10
-32.6141786667
20
29.474566
0
VERTEX
8
2D_LINE_00
10
-32.5848453333
20
29.5412326667
0
VERTEX
8
2D_LINE_00
10
-32.5541786667
20
29.608566
0
VERTEX
8
2D_LINE_00
10
-32.5241786667
20
29.6752326667
0
VERTEX
8
2D_LINE_00
10
-32.493512
20
29.742566
0
VERTEX
8
2D_LINE_00
10
-32.4628453333
20
29.8092326667
0
VERTEX
8
2D_LINE_00
10
-32.431512
20
29.8758993333
0
VERTEX
8
2D_LINE_00
10
-32.4001786667
20
29.942566
0
VERTEX
8
2D_LINE_00
10
-32.3688453333
20
30.008566
0
VERTEX
8
2D_LINE_00
10
-32.3368453333
20
30.0752326667
0
VERTEX
8
2D_LINE_00
10
-32.3048453333
20
30.1418993333
0
VERTEX
8
2D_LINE_00
10
-32.2721786667
20
30.2078993333
0
VERTEX
8
2D_LINE_00
10
-32.239512
20
30.274566
0
VERTEX
8
2D_LINE_00
10
-32.2068453333
20
30.340566
0
VERTEX
8
2D_LINE_00
10
-32.173512
20
30.406566
0
VERTEX
8
2D_LINE_00
10
-32.1401786667
20
30.472566
0
VERTEX
8
2D_LINE_00
10
-32.1061786667
20
30.538566
0
VERTEX
8
2D_LINE_00
10
-32.0721786667
20
30.604566
0
VERTEX
8
2D_LINE_00
10
-32.0381786667
20
30.6698993333
0
VERTEX
8
2D_LINE_00
10
-32.0041786667
20
30.7358993333
0
VERTEX
8
2D_LINE_00
10
-31.969512
20
30.8012326667
0
VERTEX
8
2D_LINE_00
10
-31.9341786667
20
30.866566
0
VERTEX
8
2D_LINE_00
10
-31.8988453333
20
30.932566
0
VERTEX
8
2D_LINE_00
10
-31.863512
20
30.9978993333
0
VERTEX
8
2D_LINE_00
10
-31.8281786667
20
31.062566
0
VERTEX
8
2D_LINE_00
10
-31.7921786667
20
31.1278993333
0
VERTEX
8
2D_LINE_00
10
-31.7561786667
20
31.192566
0
VERTEX
8
2D_LINE_00
10
-31.719512
20
31.2578993333
0
VERTEX
8
2D_LINE_00
10
-31.6828453333
20
31.322566
0
VERTEX
8
2D_LINE_00
10
-31.6461786667
20
31.3872326667
0
VERTEX
8
2D_LINE_00
10
-31.609512
20
31.4518993333
0
VERTEX
8
2D_LINE_00
10
-31.5721786667
20
31.5158993333
0
VERTEX
8
2D_LINE_00
10
-31.5341786667
20
31.5798993333
0
VERTEX
8
2D_LINE_00
10
-31.4968453333
20
31.644566
0
VERTEX
8
2D_LINE_00
10
-31.4588453333
20
31.708566
0
VERTEX
8
2D_LINE_00
10
-31.4208453333
20
31.7718993333
0
VERTEX
8
2D_LINE_00
10
-31.3821786667
20
31.8358993333
0
VERTEX
8
2D_LINE_00
10
-31.343512
20
31.8992326667
0
VERTEX
8
2D_LINE_00
10
-31.3048453333
20
31.9632326667
0
VERTEX
8
2D_LINE_00
10
-31.265512
20
32.0258993333
0
VERTEX
8
2D_LINE_00
10
-31.2261786667
20
32.0892326667
0
VERTEX
8
2D_LINE_00
10
-31.1868453333
20
32.152566
0
VERTEX
8
2D_LINE_00
10
-31.1468453333
20
32.2152326667
0
VERTEX
8
2D_LINE_00
10
-31.107512
20
32.2778993333
0
VERTEX
8
2D_LINE_00
10
-31.0668453333
20
32.340566
0
VERTEX
8
2D_LINE_00
10
-31.0268453333
20
32.402566
0
VERTEX
8
2D_LINE_00
10
-30.9861786667
20
32.464566
0
VERTEX
8
2D_LINE_00
10
-30.945512
20
32.526566
0
VERTEX
8
2D_LINE_00
10
-30.9048453333
20
32.588566
0
VERTEX
8
2D_LINE_00
10
-30.863512
20
32.650566
0
VERTEX
8
2D_LINE_00
10
-30.8221786667
20
32.7118993333
0
VERTEX
8
2D_LINE_00
10
-30.7808453333
20
32.7732326667
0
VERTEX
8
2D_LINE_00
10
-30.7388453333
20
32.8338993333
0
VERTEX
8
2D_LINE_00
10
-30.6968453333
20
32.8952326667
0
VERTEX
8
2D_LINE_00
10
-30.6548453333
20
32.9558993333
0
VERTEX
8
2D_LINE_00
10
-30.6128453333
20
33.016566
0
VERTEX
8
2D_LINE_00
10
-30.5701786667
20
33.076566
0
VERTEX
8
2D_LINE_00
10
-30.527512
20
33.136566
0
VERTEX
8
2D_LINE_00
10
-30.4848453333
20
33.196566
0
VERTEX
8
2D_LINE_00
10
-30.441512
20
33.256566
0
VERTEX
8
2D_LINE_00
10
-30.3981786667
20
33.316566
0
VERTEX
8
2D_LINE_00
10
-30.3548453333
20
33.3758993333
0
VERTEX
8
2D_LINE_00
10
-30.3108453333
20
33.4352326667
0
VERTEX
8
2D_LINE_00
10
-30.2668453333
20
33.4938993333
0
VERTEX
8
2D_LINE_00
10
-30.2228453333
20
33.5532326667
0
VERTEX
8
2D_LINE_00
10
-30.1788453333
20
33.6118993333
0
VERTEX
8
2D_LINE_00
10
-30.1341786667
20
33.6698993333
0
VERTEX
8
2D_LINE_00
10
-30.089512
20
33.728566
0
VERTEX
8
2D_LINE_00
10
-30.0448453333
20
33.786566
0
VERTEX
8
2D_LINE_00
10
-29.999512
20
33.844566
0
VERTEX
8
2D_LINE_00
10
-29.9541786667
20
33.902566
0
VERTEX
8
2D_LINE_00
10
-29.9088453333
20
33.960566
0
VERTEX
8
2D_LINE_00
10
-29.8628453333
20
34.0178993333
0
VERTEX
8
2D_LINE_00
10
-29.817512
20
34.0752326667
0
VERTEX
8
2D_LINE_00
10
-29.7708453333
20
34.1318993333
0
VERTEX
8
2D_LINE_00
10
-29.7248453333
20
34.1892326667
0
VERTEX
8
2D_LINE_00
10
-29.6781786667
20
34.2458993333
0
VERTEX
8
2D_LINE_00
10
-29.631512
20
34.302566
0
VERTEX
8
2D_LINE_00
10
-29.5848453333
20
34.3592326667
0
VERTEX
8
2D_LINE_00
10
-29.537512
20
34.4152326667
0
VERTEX
8
2D_LINE_00
10
-29.4901786667
20
34.4712326667
0
VERTEX
8
2D_LINE_00
10
-29.4428453333
20
34.5272326667
0
VERTEX
8
2D_LINE_00
10
-29.3948453333
20
34.5832326667
0
VERTEX
8
2D_LINE_00
10
-29.3468453333
20
34.6392326667
0
VERTEX
8
2D_LINE_00
10
-29.2988453333
20
34.694566
0
VERTEX
8
2D_LINE_00
10
-29.2501786667
20
34.7498993333
0
VERTEX
8
2D_LINE_00
10
-29.201512
20
34.804566
0
VERTEX
8
2D_LINE_00
10
-29.1528453333
20
34.8598993333
0
VERTEX
8
2D_LINE_00
10
-29.103512
20
34.914566
0
VERTEX
8
2D_LINE_00
10
-29.0541786667
20
34.9692326667
0
VERTEX
8
2D_LINE_00
10
-29.0048453333
20
35.0238993333
0
VERTEX
8
2D_LINE_00
10
-28.9548453333
20
35.0778993333
0
VERTEX
8
2D_LINE_00
10
-28.905512
20
35.132566
0
VERTEX
8
2D_LINE_00
10
-28.8548453333
20
35.186566
0
VERTEX
8
2D_LINE_00
10
-28.8048453333
20
35.240566
0
VERTEX
8
2D_LINE_00
10
-28.7541786667
20
35.2938993333
0
VERTEX
8
2D_LINE_00
10
-28.703512
20
35.3472326667
0
VERTEX
8
2D_LINE_00
10
-28.6521786667
20
35.4012326667
0
VERTEX
8
2D_LINE_00
10
-28.601512
20
35.4538993333
0
VERTEX
8
2D_LINE_00
10
-28.549512
20
35.5072326667
0
VERTEX
8
2D_LINE_00
10
-28.4981786667
20
35.5598993333
0
VERTEX
8
2D_LINE_00
10
-28.4461786667
20
35.612566
0
VERTEX
8
2D_LINE_00
10
-28.3941786667
20
35.6652326667
0
VERTEX
8
2D_LINE_00
10
-28.3421786667
20
35.7178993333
0
VERTEX
8
2D_LINE_00
10
-28.289512
20
35.7698993333
0
VERTEX
8
2D_LINE_00
10
-28.2368453333
20
35.8218993333
0
VERTEX
8
2D_LINE_00
10
-28.1841786667
20
35.8738993333
0
VERTEX
8
2D_LINE_00
10
-28.1308453333
20
35.9258993333
0
VERTEX
8
2D_LINE_00
10
-28.0781786667
20
35.9772326667
0
VERTEX
8
2D_LINE_00
10
-28.0241786667
20
36.028566
0
VERTEX
8
2D_LINE_00
10
-27.9708453333
20
36.0798993333
0
VERTEX
8
2D_LINE_00
10
-27.9168453333
20
36.1312326667
0
VERTEX
8
2D_LINE_00
10
-27.8628453333
20
36.1818993333
0
VERTEX
8
2D_LINE_00
10
-27.8088453333
20
36.232566
0
VERTEX
8
2D_LINE_00
10
-27.7541786667
20
36.2832326667
0
VERTEX
8
2D_LINE_00
10
-27.699512
20
36.3338993333
0
VERTEX
8
2D_LINE_00
10
-27.6448453333
20
36.3838993333
0
VERTEX
8
2D_LINE_00
10
-27.589512
20
36.4338993333
0
VERTEX
8
2D_LINE_00
10
-27.5341786667
20
36.4838993333
0
VERTEX
8
2D_LINE_00
10
-27.4788453333
20
36.5338993333
0
VERTEX
8
2D_LINE_00
10
-27.423512
20
36.5832326667
0
VERTEX
8
2D_LINE_00
10
-27.367512
20
36.632566
0
VERTEX
8
2D_LINE_00
10
-27.311512
20
36.6818993333
0
VERTEX
8
2D_LINE_00
10
-27.255512
20
36.730566
0
VERTEX
8
2D_LINE_00
10
-27.199512
20
36.7798993333
0
VERTEX
8
2D_LINE_00
10
-27.1428453333
20
36.828566
0
VERTEX
8
2D_LINE_00
10
-27.0861786667
20
36.876566
0
VERTEX
8
2D_LINE_00
10
-27.0288453333
20
36.9252326667
0
VERTEX
8
2D_LINE_00
10
-26.9721786667
20
36.9732326667
0
VERTEX
8
2D_LINE_00
10
-26.9148453333
20
37.0212326667
0
VERTEX
8
2D_LINE_00
10
-26.857512
20
37.0692326667
0
VERTEX
8
2D_LINE_00
10
-26.799512
20
37.116566
0
VERTEX
8
2D_LINE_00
10
-26.741512
20
37.1638993333
0
VERTEX
8
2D_LINE_00
10
-26.683512
20
37.2112326667
0
VERTEX
8
2D_LINE_00
10
-26.625512
20
37.258566
0
VERTEX
8
2D_LINE_00
10
-26.567512
20
37.3052326667
0
VERTEX
8
2D_LINE_00
10
-26.5088453333
20
37.3518993333
0
VERTEX
8
2D_LINE_00
10
-26.4501786667
20
37.398566
0
VERTEX
8
2D_LINE_00
10
-26.391512
20
37.444566
0
VERTEX
8
2D_LINE_00
10
-26.3321786667
20
37.4912326667
0
VERTEX
8
2D_LINE_00
10
-26.2728453333
20
37.5372326667
0
VERTEX
8
2D_LINE_00
10
-26.213512
20
37.582566
0
VERTEX
8
2D_LINE_00
10
-26.1541786667
20
37.628566
0
VERTEX
8
2D_LINE_00
10
-26.0941786667
20
37.6738993333
0
VERTEX
8
2D_LINE_00
10
-26.0341786667
20
37.7192326667
0
VERTEX
8
2D_LINE_00
10
-25.9741786667
20
37.7638993333
0
VERTEX
8
2D_LINE_00
10
-25.9141786667
20
37.808566
0
VERTEX
8
2D_LINE_00
10
-25.853512
20
37.8532326667
0
VERTEX
8
2D_LINE_00
10
-25.7928453333
20
37.8978993333
0
VERTEX
8
2D_LINE_00
10
-25.7321786667
20
37.942566
0
VERTEX
8
2D_LINE_00
10
-25.671512
20
37.986566
0
VERTEX
8
2D_LINE_00
10
-25.6101786667
20
38.030566
0
VERTEX
8
2D_LINE_00
10
-25.549512
20
38.0738993333
0
VERTEX
8
2D_LINE_00
10
-25.487512
20
38.1178993333
0
VERTEX
8
2D_LINE_00
10
-25.4261786667
20
38.1612326667
0
VERTEX
8
2D_LINE_00
10
-25.3648453333
20
38.2038993333
0
VERTEX
8
2D_LINE_00
10
-25.3028453333
20
38.2472326667
0
VERTEX
8
2D_LINE_00
10
-25.2408453333
20
38.2898993333
0
VERTEX
8
2D_LINE_00
10
-25.1788453333
20
38.332566
0
VERTEX
8
2D_LINE_00
10
-25.1161786667
20
38.374566
0
VERTEX
8
2D_LINE_00
10
-25.053512
20
38.4172326667
0
VERTEX
8
2D_LINE_00
10
-24.9908453333
20
38.4592326667
0
VERTEX
8
2D_LINE_00
10
-24.9281786667
20
38.500566
0
VERTEX
8
2D_LINE_00
10
-24.865512
20
38.542566
0
VERTEX
8
2D_LINE_00
10
-24.8021786667
20
38.5838993333
0
VERTEX
8
2D_LINE_00
10
-24.7388453333
20
38.6252326667
0
VERTEX
8
2D_LINE_00
10
-24.675512
20
38.6658993333
0
VERTEX
8
2D_LINE_00
10
-24.6121786667
20
38.706566
0
VERTEX
8
2D_LINE_00
10
-24.5488453333
20
38.7472326667
0
VERTEX
8
2D_LINE_00
10
-24.4848453333
20
38.7878993333
0
VERTEX
8
2D_LINE_00
10
-24.4208453333
20
38.8278993333
0
VERTEX
8
2D_LINE_00
10
-24.3568453333
20
38.8678993333
0
VERTEX
8
2D_LINE_00
10
-24.2921786667
20
38.9078993333
0
VERTEX
8
2D_LINE_00
10
-24.2281786667
20
38.9478993333
0
VERTEX
8
2D_LINE_00
10
-24.163512
20
38.9872326667
0
VERTEX
8
2D_LINE_00
10
-24.0988453333
20
39.026566
0
VERTEX
8
2D_LINE_00
10
-24.0341786667
20
39.0652326667
0
VERTEX
8
2D_LINE_00
10
-23.9688453333
20
39.1038993333
0
SEQEND
0
INSERT
2
SMOOTH_0$2
8
2D_LINE_00
10
-23.733512
20
1.522566
0
INSERT
2
SMOOTH_0$2
8
2D_LINE_00
10
-23.7988453333
20
1.560566
0
POLYLINE
8
2D_LINE_00
66
1
40
0.2
41
0.2
0
VERTEX
8
2D_LINE_00
10
-22.7400433333
20
1.5154786667
42
-0.2660794267
0
VERTEX
8
2D_LINE_00
10
-23.7332546667
20
1.5222613333
0
SEQEND
0
INSERT
2
SMOOTH_0$2
8
2D_LINE_00
10
-22.7400433333
20
1.5154786667
0
INSERT
2
SMOOTH_0$2
8
2D_LINE_00
10
-23.7332546667
20
1.5222613333
0
POLYLINE
8
2D_LINE_00
66
1
40
0.2
41
0.2
0
VERTEX
8
2D_LINE_00
10
-22.7400433333
20
1.515478
42
-0.4812674991
0
VERTEX
8
2D_LINE_00
10
-17.30545
20
-0.683542
0
SEQEND
0
INSERT
2
SMOOTH_0$2
8
2D_LINE_00
10
-22.7400433333
20
1.515478
0
INSERT
2
SMOOTH_0$2
8
2D_LINE_00
10
-17.30545
20
-0.683542
0
POLYLINE
8
2D_LINE_00
66
1
40
0.2
41
0.2
0
VERTEX
8
2D_LINE_00
10
-16.599714
20
-1.3661213333
42
-0.2623450889
0
VERTEX
8
2D_LINE_00
10
-17.30545
20
-0.6835413333
0
SEQEND
0
INSERT
2
SMOOTH_0$2
8
2D_LINE_00
10
-16.599714
20
-1.3661213333
0
INSERT
2
SMOOTH_0$2
8
2D_LINE_00
10
-17.30545
20
-0.6835413333
0
POLYLINE
8
2D_LINE_00
66
1
40
0.2
41
0.2
0
VERTEX
8
2D_LINE_00
10
10.8931546667
20
-2.7521006667
0
VERTEX
8
2D_LINE_00
10
10.8211546667
20
-2.7527673333
0
VERTEX
8
2D_LINE_00
10
10.7498213333
20
-2.753434
0
VERTEX
8
2D_LINE_00
10
10.6778213333
20
-2.7541006667
0
VERTEX
8
2D_LINE_00
10
10.606488
20
-2.7547673333
0
VERTEX
8
2D_LINE_00
10
10.5351546667
20
-2.755434
0
VERTEX
8
2D_LINE_00
10
10.4631546667
20
-2.755434
0
VERTEX
8
2D_LINE_00
10
10.3918213333
20
-2.755434
0
VERTEX
8
2D_LINE_00
10
10.320488
20
-2.7561006667
0
VERTEX
8
2D_LINE_00
10
10.2491546667
20
-2.7561006667
0
VERTEX
8
2D_LINE_00
10
10.1778213333
20
-2.7561006667
0
VERTEX
8
2D_LINE_00
10
10.106488
20
-2.7561006667
0
VERTEX
8
2D_LINE_00
10
10.034488
20
-2.7561006667
0
VERTEX
8
2D_LINE_00
10
9.9631546667
20
-2.7561006667
0
VERTEX
8
2D_LINE_00
10
9.8918213333
20
-2.7561006667
0
VERTEX
8
2D_LINE_00
10
9.8198213333
20
-2.7561006667
0
VERTEX
8
2D_LINE_00
10
9.7478213333
20
-2.7561006667
0
VERTEX
8
2D_LINE_00
10
9.6758213333
20
-2.755434
0
VERTEX
8
2D_LINE_00
10
9.6038213333
20
-2.755434
0
VERTEX
8
2D_LINE_00
10
9.5318213333
20
-2.7547673333
0
VERTEX
8
2D_LINE_00
10
9.4591546667
20
-2.7547673333
0
VERTEX
8
2D_LINE_00
10
9.386488
20
-2.7541006667
0
VERTEX
8
2D_LINE_00
10
9.3138213333
20
-2.7541006667
0
VERTEX
8
2D_LINE_00
10
9.2411546667
20
-2.753434
0
VERTEX
8
2D_LINE_00
10
9.1678213333
20
-2.7527673333
0
VERTEX
8
2D_LINE_00
10
9.094488
20
-2.7521006667
0
VERTEX
8
2D_LINE_00
10
9.020488
20
-2.7521006667
0
VERTEX
8
2D_LINE_00
10
8.9471546667
20
-2.751434
0
VERTEX
8
2D_LINE_00
10
8.8731546667
20
-2.7507673333
0
VERTEX
8
2D_LINE_00
10
8.798488
20
-2.7501006667
0
VERTEX
8
2D_LINE_00
10
8.724488
20
-2.749434
0
VERTEX
8
2D_LINE_00
10
8.6498213333
20
-2.7487673333
0
VERTEX
8
2D_LINE_00
10
8.5751546667
20
-2.7481006667
0
VERTEX
8
2D_LINE_00
10
8.4998213333
20
-2.747434
0
VERTEX
8
2D_LINE_00
10
8.4251546667
20
-2.7467673333
0
VERTEX
8
2D_LINE_00
10
8.3498213333
20
-2.7461006667
0
VERTEX
8
2D_LINE_00
10
8.274488
20
-2.745434
0
VERTEX
8
2D_LINE_00
10
8.1991546667
20
-2.7447673333
0
VERTEX
8
2D_LINE_00
10
8.1238213333
20
-2.743434
0
VERTEX
8
2D_LINE_00
10
8.048488
20
-2.7427673333
0
VERTEX
8
2D_LINE_00
10
7.972488
20
-2.7421006667
0
VERTEX
8
2D_LINE_00
10
7.8971546667
20
-2.741434
0
VERTEX
8
2D_LINE_00
10
7.8218213333
20
-2.7407673333
0
VERTEX
8
2D_LINE_00
10
7.7458213333
20
-2.7401006667
0
VERTEX
8
2D_LINE_00
10
7.6698213333
20
-2.739434
0
VERTEX
8
2D_LINE_00
10
7.594488
20
-2.7381006667
0
VERTEX
8
2D_LINE_00
10
7.518488
20
-2.737434
0
VERTEX
8
2D_LINE_00
10
7.442488
20
-2.7367673333
0
VERTEX
8
2D_LINE_00
10
7.3671546667
20
-2.7361006667
0
VERTEX
8
2D_LINE_00
10
7.2911546667
20
-2.735434
0
VERTEX
8
2D_LINE_00
10
7.2158213333
20
-2.7347673333
0
VERTEX
8
2D_LINE_00
10
7.1398213333
20
-2.7341006667
0
VERTEX
8
2D_LINE_00
10
7.064488
20
-2.733434
0
VERTEX
8
2D_LINE_00
10
6.988488
20
-2.7321006667
0
VERTEX
8
2D_LINE_00
10
6.9131546667
20
-2.731434
0
VERTEX
8
2D_LINE_00
10
6.8371546667
20
-2.7307673333
0
VERTEX
8
2D_LINE_00
10
6.7618213333
20
-2.7301006667
0
VERTEX
8
2D_LINE_00
10
6.6858213333
20
-2.729434
0
VERTEX
8
2D_LINE_00
10
6.610488
20
-2.7287673333
0
VERTEX
8
2D_LINE_00
10
6.5351546667
20
-2.7281006667
0
VERTEX
8
2D_LINE_00
10
6.4591546667
20
-2.727434
0
VERTEX
8
2D_LINE_00
10
6.3838213333
20
-2.7267673333
0
VERTEX
8
2D_LINE_00
10
6.308488
20
-2.7261006667
0
VERTEX
8
2D_LINE_00
10
6.232488
20
-2.725434
0
VERTEX
8
2D_LINE_00
10
6.1571546667
20
-2.7247673333
0
VERTEX
8
2D_LINE_00
10
6.0818213333
20
-2.7241006667
0
VERTEX
8
2D_LINE_00
10
6.006488
20
-2.723434
0
VERTEX
8
2D_LINE_00
10
5.930488
20
-2.7227673333
0
VERTEX
8
2D_LINE_00
10
5.8551546667
20
-2.7221006667
0
VERTEX
8
2D_LINE_00
10
5.7798213333
20
-2.721434
0
VERTEX
8
2D_LINE_00
10
5.704488
20
-2.7207673333
0
VERTEX
8
2D_LINE_00
10
5.6291546667
20
-2.7201006667
0
VERTEX
8
2D_LINE_00
10
5.5531546667
20
-2.719434
0
VERTEX
8
2D_LINE_00
10
5.4778213333
20
-2.7187673333
0
VERTEX
8
2D_LINE_00
10
5.402488
20
-2.7181006667
0
VERTEX
8
2D_LINE_00
10
5.3271546667
20
-2.717434
0
VERTEX
8
2D_LINE_00
10
5.2518213333
20
-2.7167673333
0
VERTEX
8
2D_LINE_00
10
5.176488
20
-2.7161006667
0
VERTEX
8
2D_LINE_00
10
5.1011546667
20
-2.715434
0
VERTEX
8
2D_LINE_00
10
5.0258213333
20
-2.7147673333
0
VERTEX
8
2D_LINE_00
10
4.9498213333
20
-2.7141006667
0
VERTEX
8
2D_LINE_00
10
4.874488
20
-2.713434
0
VERTEX
8
2D_LINE_00
10
4.7991546667
20
-2.7127673333
0
VERTEX
8
2D_LINE_00
10
4.7238213333
20
-2.7121006667
0
VERTEX
8
2D_LINE_00
10
4.648488
20
-2.711434
0
VERTEX
8
2D_LINE_00
10
4.5731546667
20
-2.7107673333
0
VERTEX
8
2D_LINE_00
10
4.4978213333
20
-2.7101006667
0
VERTEX
8
2D_LINE_00
10
4.422488
20
-2.709434
0
VERTEX
8
2D_LINE_00
10
4.3471546667
20
-2.7087673333
0
VERTEX
8
2D_LINE_00
10
4.2718213333
20
-2.7081006667
0
VERTEX
8
2D_LINE_00
10
4.196488
20
-2.707434
0
VERTEX
8
2D_LINE_00
10
4.1211546667
20
-2.7067673333
0
VERTEX
8
2D_LINE_00
10
4.0451546667
20
-2.7061006667
0
VERTEX
8
2D_LINE_00
10
3.9698213333
20
-2.705434
0
VERTEX
8
2D_LINE_00
10
3.894488
20
-2.7047673333
0
VERTEX
8
2D_LINE_00
10
3.8191546667
20
-2.7041006667
0
VERTEX
8
2D_LINE_00
10
3.7438213333
20
-2.703434
0
VERTEX
8
2D_LINE_00
10
3.668488
20
-2.7027673333
0
VERTEX
8
2D_LINE_00
10
3.5931546667
20
-2.7021006667
0
VERTEX
8
2D_LINE_00
10
3.5178213333
20
-2.701434
0
VERTEX
8
2D_LINE_00
10
3.442488
20
-2.7007673333
0
VERTEX
8
2D_LINE_00
10
3.366488
20
-2.7001006667
0
VERTEX
8
2D_LINE_00
10
3.2911546667
20
-2.699434
0
VERTEX
8
2D_LINE_00
10
3.2158213333
20
-2.6987673333
0
VERTEX
8
2D_LINE_00
10
3.140488
20
-2.6981006667
0
VERTEX
8
2D_LINE_00
10
3.0651546667
20
-2.697434
0
VERTEX
8
2D_LINE_00
10
2.9898213333
20
-2.6967673333
0
VERTEX
8
2D_LINE_00
10
2.914488
20
-2.6961006667
0
VERTEX
8
2D_LINE_00
10
2.838488
20
-2.695434
0
VERTEX
8
2D_LINE_00
10
2.7631546667
20
-2.6947673333
0
VERTEX
8
2D_LINE_00
10
2.6878213333
20
-2.6941006667
0
VERTEX
8
2D_LINE_00
10
2.612488
20
-2.693434
0
VERTEX
8
2D_LINE_00
10
2.5371546667
20
-2.6927673333
0
VERTEX
8
2D_LINE_00
10
2.4618213333
20
-2.6921006667
0
VERTEX
8
2D_LINE_00
10
2.3858213333
20
-2.691434
0
VERTEX
8
2D_LINE_00
10
2.310488
20
-2.6907673333
0
VERTEX
8
2D_LINE_00
10
2.2351546667
20
-2.6901006667
0
VERTEX
8
2D_LINE_00
10
2.1598213333
20
-2.689434
0
VERTEX
8
2D_LINE_00
10
2.084488
20
-2.6887673333
0
VERTEX
8
2D_LINE_00
10
2.008488
20
-2.6881006667
0
VERTEX
8
2D_LINE_00
10
1.9331546667
20
-2.687434
0
VERTEX
8
2D_LINE_00
10
1.8578213333
20
-2.6867673333
0
VERTEX
8
2D_LINE_00
10
1.782488
20
-2.6861006667
0
VERTEX
8
2D_LINE_00
10
1.7071546667
20
-2.685434
0
VERTEX
8
2D_LINE_00
10
1.6311546667
20
-2.6847673333
0
VERTEX
8
2D_LINE_00
10
1.5558213333
20
-2.6841006667
0
VERTEX
8
2D_LINE_00
10
1.480488
20
-2.683434
0
VERTEX
8
2D_LINE_00
10
1.4051546667
20
-2.6827673333
0
VERTEX
8
2D_LINE_00
10
1.3291546667
20
-2.6821006667
0
VERTEX
8
2D_LINE_00
10
1.2538213333
20
-2.681434
0
VERTEX
8
2D_LINE_00
10
1.178488
20
-2.6807673333
0
VERTEX
8
2D_LINE_00
10
1.1031546667
20
-2.6801006667
0
VERTEX
8
2D_LINE_00
10
1.0278213333
20
-2.679434
0
VERTEX
8
2D_LINE_00
10
0.9518213333
20
-2.6787673333
0
VERTEX
8
2D_LINE_00
10
0.876488
20
-2.6781006667
0
VERTEX
8
2D_LINE_00
10
0.8011546667
20
-2.677434
0
VERTEX
8
2D_LINE_00
10
0.7258213333
20
-2.6767673333
0
VERTEX
8
2D_LINE_00
10
0.6498213333
20
-2.6761006667
0
VERTEX
8
2D_LINE_00
10
0.574488
20
-2.675434
0
VERTEX
8
2D_LINE_00
10
0.4991546667
20
-2.6747673333
0
VERTEX
8
2D_LINE_00
10
0.4238213333
20
-2.673434
0
VERTEX
8
2D_LINE_00
10
0.3478213333
20
-2.6727673333
0
VERTEX
8
2D_LINE_00
10
0.272488
20
-2.6721006667
0
VERTEX
8
2D_LINE_00
10
0.1971546667
20
-2.671434
0
VERTEX
8
2D_LINE_00
10
0.1218213333
20
-2.6707673333
0
VERTEX
8
2D_LINE_00
10
0.0458213333
20
-2.6701006667
0
VERTEX
8
2D_LINE_00
10
-0.029512
20
-2.669434
0
VERTEX
8
2D_LINE_00
10
-0.1048453333
20
-2.6687673333
0
VERTEX
8
2D_LINE_00
10
-0.1801786667
20
-2.6681006667
0
VERTEX
8
2D_LINE_00
10
-0.2561786667
20
-2.667434
0
VERTEX
8
2D_LINE_00
10
-0.331512
20
-2.6667673333
0
VERTEX
8
2D_LINE_00
10
-0.4068453333
20
-2.6661006667
0
VERTEX
8
2D_LINE_00
10
-0.4821786667
20
-2.6647673333
0
VERTEX
8
2D_LINE_00
10
-0.557512
20
-2.6641006667
0
VERTEX
8
2D_LINE_00
10
-0.633512
20
-2.663434
0
VERTEX
8
2D_LINE_00
10
-0.7088453333
20
-2.6627673333
0
VERTEX
8
2D_LINE_00
10
-0.7841786667
20
-2.6621006667
0
VERTEX
8
2D_LINE_00
10
-0.859512
20
-2.661434
0
VERTEX
8
2D_LINE_00
10
-0.935512
20
-2.6607673333
0
VERTEX
8
2D_LINE_00
10
-1.0108453333
20
-2.6601006667
0
VERTEX
8
2D_LINE_00
10
-1.0861786667
20
-2.659434
0
VERTEX
8
2D_LINE_00
10
-1.161512
20
-2.6587673333
0
VERTEX
8
2D_LINE_00
10
-1.2368453333
20
-2.6581006667
0
VERTEX
8
2D_LINE_00
10
-1.3128453333
20
-2.6567673333
0
VERTEX
8
2D_LINE_00
10
-1.3881786667
20
-2.6561006667
0
VERTEX
8
2D_LINE_00
10
-1.463512
20
-2.655434
0
VERTEX
8
2D_LINE_00
10
-1.5388453333
20
-2.6547673333
0
VERTEX
8
2D_LINE_00
10
-1.6141786667
20
-2.6541006667
0
VERTEX
8
2D_LINE_00
10
-1.6901786667
20
-2.653434
0
VERTEX
8
2D_LINE_00
10
-1.765512
20
-2.6527673333
0
VERTEX
8
2D_LINE_00
10
-1.8408453333
20
-2.6521006667
0
VERTEX
8
2D_LINE_00
10
-1.9161786667
20
-2.651434
0
VERTEX
8
2D_LINE_00
10
-1.991512
20
-2.6507673333
0
VERTEX
8
2D_LINE_00
10
-2.0668453333
20
-2.6501006667
0
VERTEX
8
2D_LINE_00
10
-2.1428453333
20
-2.649434
0
VERTEX
8
2D_LINE_00
10
-2.2181786667
20
-2.6487673333
0
VERTEX
8
2D_LINE_00
10
-2.293512
20
-2.6481006667
0
VERTEX
8
2D_LINE_00
10
-2.3688453333
20
-2.647434
0
VERTEX
8
2D_LINE_00
10
-2.4441786667
20
-2.6467673333
0
VERTEX
8
2D_LINE_00
10
-2.519512
20
-2.6461006667
0
VERTEX
8
2D_LINE_00
10
-2.5948453333
20
-2.645434
0
VERTEX
8
2D_LINE_00
10
-2.6701786667
20
-2.6447673333
0
VERTEX
8
2D_LINE_00
10
-2.7461786667
20
-2.6441006667
0
VERTEX
8
2D_LINE_00
10
-2.821512
20
-2.643434
0
VERTEX
8
2D_LINE_00
10
-2.8968453333
20
-2.6427673333
0
VERTEX
8
2D_LINE_00
10
-2.9721786667
20
-2.6421006667
0
VERTEX
8
2D_LINE_00
10
-3.047512
20
-2.641434
0
VERTEX
8
2D_LINE_00
10
-3.1228453333
20
-2.641434
0
VERTEX
8
2D_LINE_00
10
-3.1981786667
20
-2.6407673333
0
VERTEX
8
2D_LINE_00
10
-3.273512
20
-2.6401006667
0
VERTEX
8
2D_LINE_00
10
-3.3488453333
20
-2.639434
0
VERTEX
8
2D_LINE_00
10
-3.4241786667
20
-2.6387673333
0
VERTEX
8
2D_LINE_00
10
-3.499512
20
-2.6381006667
0
VERTEX
8
2D_LINE_00
10
-3.5748453333
20
-2.637434
0
VERTEX
8
2D_LINE_00
10
-3.6501786667
20
-2.637434
0
VERTEX
8
2D_LINE_00
10
-3.725512
20
-2.6367673333
0
VERTEX
8
2D_LINE_00
10
-3.8008453333
20
-2.6361006667
0
VERTEX
8
2D_LINE_00
10
-3.875512
20
-2.635434
0
VERTEX
8
2D_LINE_00
10
-3.9508453333
20
-2.6347673333
0
VERTEX
8
2D_LINE_00
10
-4.0261786667
20
-2.6347673333
0
VERTEX
8
2D_LINE_00
10
-4.101512
20
-2.6341006667
0
VERTEX
8
2D_LINE_00
10
-4.1761786667
20
-2.633434
0
VERTEX
8
2D_LINE_00
10
-4.251512
20
-2.6327673333
0
VERTEX
8
2D_LINE_00
10
-4.3261786667
20
-2.6321006667
0
VERTEX
8
2D_LINE_00
10
-4.401512
20
-2.631434
0
VERTEX
8
2D_LINE_00
10
-4.4761786667
20
-2.6307673333
0
VERTEX
8
2D_LINE_00
10
-4.5508453333
20
-2.6301006667
0
VERTEX
8
2D_LINE_00
10
-4.6261786667
20
-2.629434
0
VERTEX
8
2D_LINE_00
10
-4.7008453333
20
-2.6287673333
0
VERTEX
8
2D_LINE_00
10
-4.775512
20
-2.6281006667
0
VERTEX
8
2D_LINE_00
10
-4.8501786667
20
-2.627434
0
VERTEX
8
2D_LINE_00
10
-4.9248453333
20
-2.6267673333
0
VERTEX
8
2D_LINE_00
10
-4.9988453333
20
-2.6261006667
0
VERTEX
8
2D_LINE_00
10
-5.073512
20
-2.625434
0
VERTEX
8
2D_LINE_00
10
-5.147512
20
-2.6247673333
0
VERTEX
8
2D_LINE_00
10
-5.2221786667
20
-2.6241006667
0
VERTEX
8
2D_LINE_00
10
-5.2961786667
20
-2.623434
0
VERTEX
8
2D_LINE_00
10
-5.3701786667
20
-2.6221006667
0
VERTEX
8
2D_LINE_00
10
-5.4441786667
20
-2.621434
0
VERTEX
8
2D_LINE_00
10
-5.5181786667
20
-2.6207673333
0
VERTEX
8
2D_LINE_00
10
-5.5921786667
20
-2.619434
0
VERTEX
8
2D_LINE_00
10
-5.665512
20
-2.6187673333
0
VERTEX
8
2D_LINE_00
10
-5.739512
20
-2.617434
0
VERTEX
8
2D_LINE_00
10
-5.8128453333
20
-2.6167673333
0
VERTEX
8
2D_LINE_00
10
-5.8861786667
20
-2.615434
0
VERTEX
8
2D_LINE_00
10
-5.959512
20
-2.6141006667
0
VERTEX
8
2D_LINE_00
10
-6.0328453333
20
-2.613434
0
VERTEX
8
2D_LINE_00
10
-6.1061786667
20
-2.6121006667
0
VERTEX
8
2D_LINE_00
10
-6.1788453333
20
-2.6107673333
0
VERTEX
8
2D_LINE_00
10
-6.251512
20
-2.609434
0
VERTEX
8
2D_LINE_00
10
-6.3248453333
20
-2.6081006667
0
VERTEX
8
2D_LINE_00
10
-6.397512
20
-2.6067673333
0
VERTEX
8
2D_LINE_00
10
-6.469512
20
-2.605434
0
VERTEX
8
2D_LINE_00
10
-6.5421786667
20
-2.6041006667
0
VERTEX
8
2D_LINE_00
10
-6.6141786667
20
-2.6027673333
0
VERTEX
8
2D_LINE_00
10
-6.6861786667
20
-2.6007673333
0
VERTEX
8
2D_LINE_00
10
-6.7581786667
20
-2.599434
0
VERTEX
8
2D_LINE_00
10
-6.8301786667
20
-2.597434
0
VERTEX
8
2D_LINE_00
10
-6.901512
20
-2.5961006667
0
VERTEX
8
2D_LINE_00
10
-6.973512
20
-2.5941006667
0
VERTEX
8
2D_LINE_00
10
-7.0448453333
20
-2.5921006667
0
VERTEX
8
2D_LINE_00
10
-7.1161786667
20
-2.5901006667
0
VERTEX
8
2D_LINE_00
10
-7.1868453333
20
-2.5881006667
0
VERTEX
8
2D_LINE_00
10
-7.2581786667
20
-2.5861006667
0
VERTEX
8
2D_LINE_00
10
-7.3288453333
20
-2.5841006667
0
VERTEX
8
2D_LINE_00
10
-7.399512
20
-2.5821006667
0
VERTEX
8
2D_LINE_00
10
-7.4701786667
20
-2.5801006667
0
VERTEX
8
2D_LINE_00
10
-7.5408453333
20
-2.577434
0
VERTEX
8
2D_LINE_00
10
-7.611512
20
-2.575434
0
VERTEX
8
2D_LINE_00
10
-7.681512
20
-2.5727673333
0
VERTEX
8
2D_LINE_00
10
-7.751512
20
-2.5707673333
0
VERTEX
8
2D_LINE_00
10
-7.8221786667
20
-2.5681006667
0
VERTEX
8
2D_LINE_00
10
-7.891512
20
-2.565434
0
VERTEX
8
2D_LINE_00
10
-7.961512
20
-2.5627673333
0
VERTEX
8
2D_LINE_00
10
-8.031512
20
-2.5601006667
0
VERTEX
8
2D_LINE_00
10
-8.1008453333
20
-2.5567673333
0
VERTEX
8
2D_LINE_00
10
-8.1708453333
20
-2.5541006667
0
VERTEX
8
2D_LINE_00
10
-8.2401786667
20
-2.551434
0
VERTEX
8
2D_LINE_00
10
-8.309512
20
-2.5481006667
0
VERTEX
8
2D_LINE_00
10
-8.3788453333
20
-2.5447673333
0
VERTEX
8
2D_LINE_00
10
-8.4481786667
20
-2.5421006667
0
VERTEX
8
2D_LINE_00
10
-8.5168453333
20
-2.5387673333
0
VERTEX
8
2D_LINE_00
10
-8.5861786667
20
-2.535434
0
VERTEX
8
2D_LINE_00
10
-8.6548453333
20
-2.531434
0
VERTEX
8
2D_LINE_00
10
-8.723512
20
-2.5281006667
0
VERTEX
8
2D_LINE_00
10
-8.7928453333
20
-2.5247673333
0
VERTEX
8
2D_LINE_00
10
-8.861512
20
-2.5207673333
0
VERTEX
8
2D_LINE_00
10
-8.9301786667
20
-2.5167673333
0
VERTEX
8
2D_LINE_00
10
-8.9981786667
20
-2.513434
0
VERTEX
8
2D_LINE_00
10
-9.0668453333
20
-2.509434
0
VERTEX
8
2D_LINE_00
10
-9.135512
20
-2.505434
0
VERTEX
8
2D_LINE_00
10
-9.203512
20
-2.501434
0
VERTEX
8
2D_LINE_00
10
-9.2721786667
20
-2.4967673333
0
VERTEX
8
2D_LINE_00
10
-9.3401786667
20
-2.4927673333
0
VERTEX
8
2D_LINE_00
10
-9.4081786667
20
-2.4881006667
0
VERTEX
8
2D_LINE_00
10
-9.4768453333
20
-2.483434
0
VERTEX
8
2D_LINE_00
10
-9.5448453333
20
-2.479434
0
VERTEX
8
2D_LINE_00
10
-9.6128453333
20
-2.4747673333
0
VERTEX
8
2D_LINE_00
10
-9.6808453333
20
-2.469434
0
VERTEX
8
2D_LINE_00
10
-9.7488453333
20
-2.4647673333
0
VERTEX
8
2D_LINE_00
10
-9.8168453333
20
-2.4601006667
0
VERTEX
8
2D_LINE_00
10
-9.8841786667
20
-2.4547673333
0
VERTEX
8
2D_LINE_00
10
-9.9521786667
20
-2.449434
0
VERTEX
8
2D_LINE_00
10
-10.0201786667
20
-2.4441006667
0
VERTEX
8
2D_LINE_00
10
-10.087512
20
-2.4387673333
0
VERTEX
8
2D_LINE_00
10
-10.155512
20
-2.433434
0
VERTEX
8
2D_LINE_00
10
-10.223512
20
-2.4281006667
0
VERTEX
8
2D_LINE_00
10
-10.2908453333
20
-2.4221006667
0
VERTEX
8
2D_LINE_00
10
-10.3588453333
20
-2.4161006667
0
VERTEX
8
2D_LINE_00
10
-10.4261786667
20
-2.4107673333
0
VERTEX
8
2D_LINE_00
10
-10.493512
20
-2.4047673333
0
VERTEX
8
2D_LINE_00
10
-10.561512
20
-2.3981006667
0
VERTEX
8
2D_LINE_00
10
-10.6288453333
20
-2.3921006667
0
VERTEX
8
2D_LINE_00
10
-10.6961786667
20
-2.3861006667
0
VERTEX
8
2D_LINE_00
10
-10.763512
20
-2.379434
0
VERTEX
8
2D_LINE_00
10
-10.831512
20
-2.3727673333
0
VERTEX
8
2D_LINE_00
10
-10.8988453333
20
-2.3661006667
0
VERTEX
8
2D_LINE_00
10
-10.9661786667
20
-2.359434
0
VERTEX
8
2D_LINE_00
10
-11.033512
20
-2.3527673333
0
VERTEX
8
2D_LINE_00
10
-11.1008453333
20
-2.345434
0
VERTEX
8
2D_LINE_00
10
-11.167512
20
-2.3387673333
0
VERTEX
8
2D_LINE_00
10
-11.2348453333
20
-2.331434
0
VERTEX
8
2D_LINE_00
10
-11.3021786667
20
-2.3241006667
0
VERTEX
8
2D_LINE_00
10
-11.369512
20
-2.3167673333
0
VERTEX
8
2D_LINE_00
10
-11.4361786667
20
-2.309434
0
VERTEX
8
2D_LINE_00
10
-11.503512
20
-2.3021006667
0
VERTEX
8
2D_LINE_00
10
-11.5708453333
20
-2.2941006667
0
VERTEX
8
2D_LINE_00
10
-11.637512
20
-2.2861006667
0
VERTEX
8
2D_LINE_00
10
-11.7048453333
20
-2.2787673333
0
VERTEX
8
2D_LINE_00
10
-11.771512
20
-2.2707673333
0
VERTEX
8
2D_LINE_00
10
-11.8381786667
20
-2.2621006667
0
VERTEX
8
2D_LINE_00
10
-11.905512
20
-2.2541006667
0
VERTEX
8
2D_LINE_00
10
-11.9721786667
20
-2.2461006667
0
VERTEX
8
2D_LINE_00
10
-12.0388453333
20
-2.237434
0
VERTEX
8
2D_LINE_00
10
-12.105512
20
-2.2287673333
0
VERTEX
8
2D_LINE_00
10
-12.1721786667
20
-2.2201006667
0
VERTEX
8
2D_LINE_00
10
-12.2388453333
20
-2.211434
0
VERTEX
8
2D_LINE_00
10
-12.305512
20
-2.2027673333
0
VERTEX
8
2D_LINE_00
10
-12.3721786667
20
-2.193434
0
VERTEX
8
2D_LINE_00
10
-12.4388453333
20
-2.1841006667
0
VERTEX
8
2D_LINE_00
10
-12.5048453333
20
-2.175434
0
VERTEX
8
2D_LINE_00
10
-12.571512
20
-2.1661006667
0
VERTEX
8
2D_LINE_00
10
-12.6381786667
20
-2.1561006667
0
VERTEX
8
2D_LINE_00
10
-12.7041786667
20
-2.1467673333
0
VERTEX
8
2D_LINE_00
10
-12.7708453333
20
-2.137434
0
VERTEX
8
2D_LINE_00
10
-12.8368453333
20
-2.127434
0
VERTEX
8
2D_LINE_00
10
-12.903512
20
-2.117434
0
VERTEX
8
2D_LINE_00
10
-12.969512
20
-2.107434
0
VERTEX
8
2D_LINE_00
10
-13.035512
20
-2.097434
0
VERTEX
8
2D_LINE_00
10
-13.101512
20
-2.087434
0
VERTEX
8
2D_LINE_00
10
-13.1681786667
20
-2.0767673333
0
VERTEX
8
2D_LINE_00
10
-13.2341786667
20
-2.0667673333
0
VERTEX
8
2D_LINE_00
10
-13.3001786667
20
-2.0561006667
0
VERTEX
8
2D_LINE_00
10
-13.365512
20
-2.045434
0
VERTEX
8
2D_LINE_00
10
-13.431512
20
-2.0347673333
0
VERTEX
8
2D_LINE_00
10
-13.497512
20
-2.0241006667
0
VERTEX
8
2D_LINE_00
10
-13.563512
20
-2.0127673333
0
VERTEX
8
2D_LINE_00
10
-13.6288453333
20
-2.001434
0
VERTEX
8
2D_LINE_00
10
-13.6948453333
20
-1.9907673333
0
VERTEX
8
2D_LINE_00
10
-13.7608453333
20
-1.979434
0
VERTEX
8
2D_LINE_00
10
-13.8261786667
20
-1.967434
0
VERTEX
8
2D_LINE_00
10
-13.891512
20
-1.9561006667
0
VERTEX
8
2D_LINE_00
10
-13.957512
20
-1.9447673333
0
VERTEX
8
2D_LINE_00
10
-14.0228453333
20
-1.9327673333
0
VERTEX
8
2D_LINE_00
10
-14.0881786667
20
-1.9207673333
0
VERTEX
8
2D_LINE_00
10
-14.153512
20
-1.9087673333
0
VERTEX
8
2D_LINE_00
10
-14.2188453333
20
-1.8967673333
0
VERTEX
8
2D_LINE_00
10
-14.2841786667
20
-1.8847673333
0
VERTEX
8
2D_LINE_00
10
-14.349512
20
-1.8721006667
0
VERTEX
8
2D_LINE_00
10
-14.4148453333
20
-1.859434
0
VERTEX
8
2D_LINE_00
10
-14.479512
20
-1.8467673333
0
VERTEX
8
2D_LINE_00
10
-14.5448453333
20
-1.8341006667
0
VERTEX
8
2D_LINE_00
10
-14.6101786667
20
-1.821434
0
VERTEX
8
2D_LINE_00
10
-14.6748453333
20
-1.8087673333
0
VERTEX
8
2D_LINE_00
10
-14.739512
20
-1.795434
0
VERTEX
8
2D_LINE_00
10
-14.8048453333
20
-1.7827673333
0
VERTEX
8
2D_LINE_00
10
-14.869512
20
-1.769434
0
VERTEX
8
2D_LINE_00
10
-14.9341786667
20
-1.7561006667
0
VERTEX
8
2D_LINE_00
10
-14.9988453333
20
-1.7421006667
0
VERTEX
8
2D_LINE_00
10
-15.063512
20
-1.7287673333
0
VERTEX
8
2D_LINE_00
10
-15.1281786667
20
-1.7147673333
0
VERTEX
8
2D_LINE_00
10
-15.1928453333
20
-1.7007673333
0
VERTEX
8
2D_LINE_00
10
-15.257512
20
-1.6867673333
0
VERTEX
8
2D_LINE_00
10
-15.3221786667
20
-1.6727673333
0
VERTEX
8
2D_LINE_00
10
-15.3861786667
20
-1.6587673333
0
VERTEX
8
2D_LINE_00
10
-15.4508453333
20
-1.6441006667
0
VERTEX
8
2D_LINE_00
10
-15.5148453333
20
-1.6301006667
0
VERTEX
8
2D_LINE_00
10
-15.579512
20
-1.615434
0
VERTEX
8
2D_LINE_00
10
-15.643512
20
-1.6007673333
0
VERTEX
8
2D_LINE_00
10
-15.707512
20
-1.5861006667
0
VERTEX
8
2D_LINE_00
10
-15.771512
20
-1.5707673333
0
VERTEX
8
2D_LINE_00
10
-15.835512
20
-1.5561006667
0
VERTEX
8
2D_LINE_00
10
-15.899512
20
-1.5407673333
0
VERTEX
8
2D_LINE_00
10
-15.963512
20
-1.525434
0
VERTEX
8
2D_LINE_00
10
-16.027512
20
-1.5101006667
0
VERTEX
8
2D_LINE_00
10
-16.091512
20
-1.4947673333
0
VERTEX
8
2D_LINE_00
10
-16.1548453333
20
-1.4787673333
0
VERTEX
8
2D_LINE_00
10
-16.2188453333
20
-1.463434
0
VERTEX
8
2D_LINE_00
10
-16.2821786667
20
-1.447434
0
VERTEX
8
2D_LINE_00
10
-16.3461786667
20
-1.431434
0
VERTEX
8
2D_LINE_00
10
-16.409512
20
-1.415434
0
VERTEX
8
2D_LINE_00
10
-16.4728453333
20
-1.3987673333
0
VERTEX
8
2D_LINE_00
10
-16.5361786667
20
-1.3827673333
0
VERTEX
8
2D_LINE_00
10
-16.599512
20
-1.3661006667
0
SEQEND
0
INSERT
2
SMOOTH_0$2
8
2D_LINE_00
10
10.8931546667
20
-2.7521006667
0
INSERT
2
SMOOTH_0$2
8
2D_LINE_00
10
10.8211546667
20
-2.7527673333
0
POLYLINE
8
2D_LINE_00
66
1
40
0.2
41
0.2
0
VERTEX
8
2D_LINE_00
10
20.738488
20
-1.5821006667
0
VERTEX
8
2D_LINE_00
10
20.702488
20
-1.591434
0
VERTEX
8
2D_LINE_00
10
20.6658213333
20
-1.6007673333
0
VERTEX
8
2D_LINE_00
10
20.6291546667
20
-1.6101006667
0
VERTEX
8
2D_LINE_00
10
20.592488
20
-1.619434
0
VERTEX
8
2D_LINE_00
10
20.5558213333
20
-1.6287673333
0
VERTEX
8
2D_LINE_00
10
20.5198213333
20
-1.6381006667
0
VERTEX
8
2D_LINE_00
10
20.4831546667
20
-1.647434
0
VERTEX
8
2D_LINE_00
10
20.446488
20
-1.6561006667
0
VERTEX
8
2D_LINE_00
10
20.4098213333
20
-1.665434
0
VERTEX
8
2D_LINE_00
10
20.3731546667
20
-1.6747673333
0
VERTEX
8
2D_LINE_00
10
20.336488
20
-1.683434
0
VERTEX
8
2D_LINE_00
10
20.2998213333
20
-1.6927673333
0
VERTEX
8
2D_LINE_00
10
20.2631546667
20
-1.701434
0
VERTEX
8
2D_LINE_00
10
20.226488
20
-1.7101006667
0
VERTEX
8
2D_LINE_00
10
20.1898213333
20
-1.719434
0
VERTEX
8
2D_LINE_00
10
20.1531546667
20
-1.7281006667
0
VERTEX
8
2D_LINE_00
10
20.116488
20
-1.7367673333
0
VERTEX
8
2D_LINE_00
10
20.0791546667
20
-1.745434
0
VERTEX
8
2D_LINE_00
10
20.042488
20
-1.7541006667
0
VERTEX
8
2D_LINE_00
10
20.0058213333
20
-1.7627673333
0
VERTEX
8
2D_LINE_00
10
19.9691546667
20
-1.771434
0
VERTEX
8
2D_LINE_00
10
19.932488
20
-1.7801006667
0
VERTEX
8
2D_LINE_00
10
19.8951546667
20
-1.7887673333
0
VERTEX
8
2D_LINE_00
10
19.858488
20
-1.7967673333
0
VERTEX
8
2D_LINE_00
10
19.8218213333
20
-1.805434
0
VERTEX
8
2D_LINE_00
10
19.7851546667
20
-1.813434
0
VERTEX
8
2D_LINE_00
10
19.7478213333
20
-1.8221006667
0
VERTEX
8
2D_LINE_00
10
19.7111546667
20
-1.8301006667
0
VERTEX
8
2D_LINE_00
10
19.674488
20
-1.8387673333
0
VERTEX
8
2D_LINE_00
10
19.6371546667
20
-1.8467673333
0
VERTEX
8
2D_LINE_00
10
19.600488
20
-1.855434
0
VERTEX
8
2D_LINE_00
10
19.5631546667
20
-1.863434
0
VERTEX
8
2D_LINE_00
10
19.526488
20
-1.871434
0
VERTEX
8
2D_LINE_00
10
19.4891546667
20
-1.879434
0
VERTEX
8
2D_LINE_00
10
19.452488
20
-1.887434
0
VERTEX
8
2D_LINE_00
10
19.4151546667
20
-1.895434
0
VERTEX
8
2D_LINE_00
10
19.378488
20
-1.903434
0
VERTEX
8
2D_LINE_00
10
19.3411546667
20
-1.911434
0
VERTEX
8
2D_LINE_00
10
19.3038213333
20
-1.919434
0
VERTEX
8
2D_LINE_00
10
19.2671546667
20
-1.9267673333
0
VERTEX
8
2D_LINE_00
10
19.2298213333
20
-1.9347673333
0
VERTEX
8
2D_LINE_00
10
19.192488
20
-1.9427673333
0
VERTEX
8
2D_LINE_00
10
19.1558213333
20
-1.9501006667
0
VERTEX
8
2D_LINE_00
10
19.118488
20
-1.9581006667
0
VERTEX
8
2D_LINE_00
10
19.0811546667
20
-1.965434
0
VERTEX
8
2D_LINE_00
10
19.0438213333
20
-1.973434
0
VERTEX
8
2D_LINE_00
10
19.0071546667
20
-1.9807673333
0
VERTEX
8
2D_LINE_00
10
18.9698213333
20
-1.9881006667
0
VERTEX
8
2D_LINE_00
10
18.932488
20
-1.995434
0
VERTEX
8
2D_LINE_00
10
18.8951546667
20
-2.003434
0
VERTEX
8
2D_LINE_00
10
18.8578213333
20
-2.0107673333
0
VERTEX
8
2D_LINE_00
10
18.820488
20
-2.0181006667
0
VERTEX
8
2D_LINE_00
10
18.7831546667
20
-2.025434
0
VERTEX
8
2D_LINE_00
10
18.7458213333
20
-2.0327673333
0
VERTEX
8
2D_LINE_00
10
18.708488
20
-2.039434
0
VERTEX
8
2D_LINE_00
10
18.6711546667
20
-2.0467673333
0
VERTEX
8
2D_LINE_00
10
18.6338213333
20
-2.0541006667
0
VERTEX
8
2D_LINE_00
10
18.596488
20
-2.061434
0
VERTEX
8
2D_LINE_00
10
18.5591546667
20
-2.0681006667
0
VERTEX
8
2D_LINE_00
10
18.5218213333
20
-2.075434
0
VERTEX
8
2D_LINE_00
10
18.484488
20
-2.0821006667
0
VERTEX
8
2D_LINE_00
10
18.4471546667
20
-2.089434
0
VERTEX
8
2D_LINE_00
10
18.4098213333
20
-2.0961006667
0
VERTEX
8
2D_LINE_00
10
18.372488
20
-2.1027673333
0
VERTEX
8
2D_LINE_00
10
18.334488
20
-2.1101006667
0
VERTEX
8
2D_LINE_00
10
18.2971546667
20
-2.1167673333
0
VERTEX
8
2D_LINE_00
10
18.2598213333
20
-2.123434
0
VERTEX
8
2D_LINE_00
10
18.222488
20
-2.1301006667
0
VERTEX
8
2D_LINE_00
10
18.184488
20
-2.1367673333
0
VERTEX
8
2D_LINE_00
10
18.1471546667
20
-2.143434
0
VERTEX
8
2D_LINE_00
10
18.1098213333
20
-2.1501006667
0
VERTEX
8
2D_LINE_00
10
18.0718213333
20
-2.1567673333
0
VERTEX
8
2D_LINE_00
10
18.034488
20
-2.163434
0
VERTEX
8
2D_LINE_00
10
17.996488
20
-2.169434
0
VERTEX
8
2D_LINE_00
10
17.9591546667
20
-2.1761006667
0
VERTEX
8
2D_LINE_00
10
17.9211546667
20
-2.1827673333
0
VERTEX
8
2D_LINE_00
10
17.8838213333
20
-2.1887673333
0
VERTEX
8
2D_LINE_00
10
17.8458213333
20
-2.195434
0
VERTEX
8
2D_LINE_00
10
17.808488
20
-2.201434
0
VERTEX
8
2D_LINE_00
10
17.770488
20
-2.207434
0
VERTEX
8
2D_LINE_00
10
17.7331546667
20
-2.2141006667
0
VERTEX
8
2D_LINE_00
10
17.6951546667
20
-2.2201006667
0
VERTEX
8
2D_LINE_00
10
17.6571546667
20
-2.2261006667
0
VERTEX
8
2D_LINE_00
10
17.6198213333
20
-2.2321006667
0
VERTEX
8
2D_LINE_00
10
17.5818213333
20
-2.2381006667
0
VERTEX
8
2D_LINE_00
10
17.5438213333
20
-2.2447673333
0
VERTEX
8
2D_LINE_00
10
17.506488
20
-2.2501006667
0
VERTEX
8
2D_LINE_00
10
17.468488
20
-2.2561006667
0
VERTEX
8
2D_LINE_00
10
17.430488
20
-2.2621006667
0
VERTEX
8
2D_LINE_00
10
17.392488
20
-2.2681006667
0
VERTEX
8
2D_LINE_00
10
17.354488
20
-2.2741006667
0
VERTEX
8
2D_LINE_00
10
17.3171546667
20
-2.279434
0
VERTEX
8
2D_LINE_00
10
17.2791546667
20
-2.285434
0
VERTEX
8
2D_LINE_00
10
17.2411546667
20
-2.291434
0
VERTEX
8
2D_LINE_00
10
17.2031546667
20
-2.2967673333
0
VERTEX
8
2D_LINE_00
10
17.1651546667
20
-2.3027673333
0
VERTEX
8
2D_LINE_00
10
17.1271546667
20
-2.3081006667
0
VERTEX
8
2D_LINE_00
10
17.0891546667
20
-2.313434
0
VERTEX
8
2D_LINE_00
10
17.0511546667
20
-2.319434
0
VERTEX
8
2D_LINE_00
10
17.0131546667
20
-2.3247673333
0
VERTEX
8
2D_LINE_00
10
16.9751546667
20
-2.3301006667
0
VERTEX
8
2D_LINE_00
10
16.9371546667
20
-2.335434
0
VERTEX
8
2D_LINE_00
10
16.8991546667
20
-2.3407673333
0
VERTEX
8
2D_LINE_00
10
16.860488
20
-2.3461006667
0
VERTEX
8
2D_LINE_00
10
16.822488
20
-2.351434
0
VERTEX
8
2D_LINE_00
10
16.784488
20
-2.3567673333
0
VERTEX
8
2D_LINE_00
10
16.746488
20
-2.3621006667
0
VERTEX
8
2D_LINE_00
10
16.708488
20
-2.367434
0
VERTEX
8
2D_LINE_00
10
16.6698213333
20
-2.3721006667
0
VERTEX
8
2D_LINE_00
10
16.6318213333
20
-2.377434
0
VERTEX
8
2D_LINE_00
10
16.5938213333
20
-2.3827673333
0
VERTEX
8
2D_LINE_00
10
16.5551546667
20
-2.387434
0
VERTEX
8
2D_LINE_00
10
16.5171546667
20
-2.3927673333
0
VERTEX
8
2D_LINE_00
10
16.4791546667
20
-2.397434
0
VERTEX
8
2D_LINE_00
10
16.440488
20
-2.4021006667
0
VERTEX
8
2D_LINE_00
10
16.402488
20
-2.407434
0
VERTEX
8
2D_LINE_00
10
16.3638213333
20
-2.4121006667
0
VERTEX
8
2D_LINE_00
10
16.3258213333
20
-2.4167673333
0
VERTEX
8
2D_LINE_00
10
16.2871546667
20
-2.421434
0
VERTEX
8
2D_LINE_00
10
16.2491546667
20
-2.4261006667
0
VERTEX
8
2D_LINE_00
10
16.210488
20
-2.431434
0
VERTEX
8
2D_LINE_00
10
16.172488
20
-2.4361006667
0
VERTEX
8
2D_LINE_00
10
16.1338213333
20
-2.4401006667
0
VERTEX
8
2D_LINE_00
10
16.0951546667
20
-2.4447673333
0
VERTEX
8
2D_LINE_00
10
16.0571546667
20
-2.449434
0
VERTEX
8
2D_LINE_00
10
16.018488
20
-2.4541006667
0
VERTEX
8
2D_LINE_00
10
15.9798213333
20
-2.4587673333
0
VERTEX
8
2D_LINE_00
10
15.9411546667
20
-2.4627673333
0
VERTEX
8
2D_LINE_00
10
15.9031546667
20
-2.467434
0
VERTEX
8
2D_LINE_00
10
15.864488
20
-2.471434
0
VERTEX
8
2D_LINE_00
10
15.8258213333
20
-2.4761006667
0
VERTEX
8
2D_LINE_00
10
15.7871546667
20
-2.4801006667
0
VERTEX
8
2D_LINE_00
10
15.748488
20
-2.4847673333
0
VERTEX
8
2D_LINE_00
10
15.7098213333
20
-2.4887673333
0
VERTEX
8
2D_LINE_00
10
15.6711546667
20
-2.4927673333
0
VERTEX
8
2D_LINE_00
10
15.6331546667
20
-2.497434
0
VERTEX
8
2D_LINE_00
10
15.594488
20
-2.501434
0
VERTEX
8
2D_LINE_00
10
15.5558213333
20
-2.505434
0
VERTEX
8
2D_LINE_00
10
15.5171546667
20
-2.509434
0
VERTEX
8
2D_LINE_00
10
15.4778213333
20
-2.513434
0
VERTEX
8
2D_LINE_00
10
15.4391546667
20
-2.517434
0
VERTEX
8
2D_LINE_00
10
15.400488
20
-2.521434
0
VERTEX
8
2D_LINE_00
10
15.3618213333
20
-2.525434
0
VERTEX
8
2D_LINE_00
10
15.3231546667
20
-2.5287673333
0
VERTEX
8
2D_LINE_00
10
15.284488
20
-2.5327673333
0
VERTEX
8
2D_LINE_00
10
15.2458213333
20
-2.5367673333
0
VERTEX
8
2D_LINE_00
10
15.206488
20
-2.5401006667
0
VERTEX
8
2D_LINE_00
10
15.1678213333
20
-2.5441006667
0
VERTEX
8
2D_LINE_00
10
15.1291546667
20
-2.547434
0
VERTEX
8
2D_LINE_00
10
15.0898213333
20
-2.551434
0
VERTEX
8
2D_LINE_00
10
15.0511546667
20
-2.5547673333
0
VERTEX
8
2D_LINE_00
10
15.012488
20
-2.5587673333
0
VERTEX
8
2D_LINE_00
10
14.9731546667
20
-2.5621006667
0
VERTEX
8
2D_LINE_00
10
14.934488
20
-2.565434
0
VERTEX
8
2D_LINE_00
10
14.8951546667
20
-2.5687673333
0
VERTEX
8
2D_LINE_00
10
14.856488
20
-2.5727673333
0
VERTEX
8
2D_LINE_00
10
14.8171546667
20
-2.5761006667
0
VERTEX
8
2D_LINE_00
10
14.778488
20
-2.579434
0
VERTEX
8
2D_LINE_00
10
14.7391546667
20
-2.5827673333
0
VERTEX
8
2D_LINE_00
10
14.700488
20
-2.5861006667
0
VERTEX
8
2D_LINE_00
10
14.6611546667
20
-2.5887673333
0
VERTEX
8
2D_LINE_00
10
14.6218213333
20
-2.5921006667
0
VERTEX
8
2D_LINE_00
10
14.5831546667
20
-2.595434
0
VERTEX
8
2D_LINE_00
10
14.5438213333
20
-2.5987673333
0
VERTEX
8
2D_LINE_00
10
14.504488
20
-2.601434
0
VERTEX
8
2D_LINE_00
10
14.4658213333
20
-2.6047673333
0
VERTEX
8
2D_LINE_00
10
14.426488
20
-2.6081006667
0
VERTEX
8
2D_LINE_00
10
14.3871546667
20
-2.6107673333
0
VERTEX
8
2D_LINE_00
10
14.3478213333
20
-2.6141006667
0
VERTEX
8
2D_LINE_00
10
14.308488
20
-2.6167673333
0
VERTEX
8
2D_LINE_00
10
14.2691546667
20
-2.619434
0
VERTEX
8
2D_LINE_00
10
14.230488
20
-2.6227673333
0
VERTEX
8
2D_LINE_00
10
14.1911546667
20
-2.625434
0
VERTEX
8
2D_LINE_00
10
14.1518213333
20
-2.6281006667
0
VERTEX
8
2D_LINE_00
10
14.112488
20
-2.6307673333
0
VERTEX
8
2D_LINE_00
10
14.0731546667
20
-2.633434
0
VERTEX
8
2D_LINE_00
10
14.0331546667
20
-2.6361006667
0
VERTEX
8
2D_LINE_00
10
13.9938213333
20
-2.6387673333
0
VERTEX
8
2D_LINE_00
10
13.954488
20
-2.641434
0
VERTEX
8
2D_LINE_00
10
13.9151546667
20
-2.6441006667
0
VERTEX
8
2D_LINE_00
10
13.8758213333
20
-2.6467673333
0
VERTEX
8
2D_LINE_00
10
13.836488
20
-2.649434
0
VERTEX
8
2D_LINE_00
10
13.796488
20
-2.6521006667
0
VERTEX
8
2D_LINE_00
10
13.7571546667
20
-2.6541006667
0
VERTEX
8
2D_LINE_00
10
13.7178213333
20
-2.6567673333
0
VERTEX
8
2D_LINE_00
10
13.678488
20
-2.659434
0
VERTEX
8
2D_LINE_00
10
13.638488
20
-2.661434
0
VERTEX
8
2D_LINE_00
10
13.5991546667
20
-2.6641006667
0
VERTEX
8
2D_LINE_00
10
13.5591546667
20
-2.6661006667
0
VERTEX
8
2D_LINE_00
10
13.5198213333
20
-2.6681006667
0
VERTEX
8
2D_LINE_00
10
13.4798213333
20
-2.6707673333
0
VERTEX
8
2D_LINE_00
10
13.440488
20
-2.6727673333
0
VERTEX
8
2D_LINE_00
10
13.400488
20
-2.6747673333
0
VERTEX
8
2D_LINE_00
10
13.3611546667
20
-2.677434
0
VERTEX
8
2D_LINE_00
10
13.3211546667
20
-2.679434
0
VERTEX
8
2D_LINE_00
10
13.2811546667
20
-2.681434
0
VERTEX
8
2D_LINE_00
10
13.2411546667
20
-2.683434
0
VERTEX
8
2D_LINE_00
10
13.2018213333
20
-2.685434
0
VERTEX
8
2D_LINE_00
10
13.1618213333
20
-2.687434
0
VERTEX
8
2D_LINE_00
10
13.1218213333
20
-2.689434
0
VERTEX
8
2D_LINE_00
10
13.0818213333
20
-2.691434
0
VERTEX
8
2D_LINE_00
10
13.0418213333
20
-2.693434
0
VERTEX
8
2D_LINE_00
10
13.0018213333
20
-2.6947673333
0
VERTEX
8
2D_LINE_00
10
12.9618213333
20
-2.6967673333
0
VERTEX
8
2D_LINE_00
10
12.9218213333
20
-2.6987673333
0
VERTEX
8
2D_LINE_00
10
12.8818213333
20
-2.7001006667
0
VERTEX
8
2D_LINE_00
10
12.8418213333
20
-2.7021006667
0
VERTEX
8
2D_LINE_00
10
12.8018213333
20
-2.7041006667
0
VERTEX
8
2D_LINE_00
10
12.7611546667
20
-2.705434
0
VERTEX
8
2D_LINE_00
10
12.7211546667
20
-2.707434
0
VERTEX
8
2D_LINE_00
10
12.6811546667
20
-2.7087673333
0
VERTEX
8
2D_LINE_00
10
12.640488
20
-2.7101006667
0
VERTEX
8
2D_LINE_00
10
12.600488
20
-2.7121006667
0
VERTEX
8
2D_LINE_00
10
12.5598213333
20
-2.713434
0
VERTEX
8
2D_LINE_00
10
12.5198213333
20
-2.7147673333
0
VERTEX
8
2D_LINE_00
10
12.4791546667
20
-2.7161006667
0
VERTEX
8
2D_LINE_00
10
12.4391546667
20
-2.7181006667
0
VERTEX
8
2D_LINE_00
10
12.398488
20
-2.719434
0
VERTEX
8
2D_LINE_00
10
12.3578213333
20
-2.7207673333
0
VERTEX
8
2D_LINE_00
10
12.3178213333
20
-2.7221006667
0
VERTEX
8
2D_LINE_00
10
12.2771546667
20
-2.723434
0
VERTEX
8
2D_LINE_00
10
12.236488
20
-2.7247673333
0
VERTEX
8
2D_LINE_00
10
12.1958213333
20
-2.7261006667
0
VERTEX
8
2D_LINE_00
10
12.1551546667
20
-2.727434
0
VERTEX
8
2D_LINE_00
10
12.1151546667
20
-2.7281006667
0
VERTEX
8
2D_LINE_00
10
12.074488
20
-2.729434
0
VERTEX
8
2D_LINE_00
10
12.0338213333
20
-2.7307673333
0
VERTEX
8
2D_LINE_00
10
11.9931546667
20
-2.7321006667
0
VERTEX
8
2D_LINE_00
10
11.952488
20
-2.7327673333
0
VERTEX
8
2D_LINE_00
10
11.9118213333
20
-2.7341006667
0
VERTEX
8
2D_LINE_00
10
11.8711546667
20
-2.7347673333
0
VERTEX
8
2D_LINE_00
10
11.830488
20
-2.7361006667
0
VERTEX
8
2D_LINE_00
10
11.7891546667
20
-2.7367673333
0
VERTEX
8
2D_LINE_00
10
11.748488
20
-2.7381006667
0
VERTEX
8
2D_LINE_00
10
11.7078213333
20
-2.7387673333
0
VERTEX
8
2D_LINE_00
10
11.6671546667
20
-2.7401006667
0
VERTEX
8
2D_LINE_00
10
11.626488
20
-2.7407673333
0
VERTEX
8
2D_LINE_00
10
11.5858213333
20
-2.741434
0
VERTEX
8
2D_LINE_00
10
11.5451546667
20
-2.7427673333
0
VERTEX
8
2D_LINE_00
10
11.504488
20
-2.743434
0
VERTEX
8
2D_LINE_00
10
11.4631546667
20
-2.7441006667
0
VERTEX
8
2D_LINE_00
10
11.422488
20
-2.7447673333
0
VERTEX
8
2D_LINE_00
10
11.3818213333
20
-2.745434
0
VERTEX
8
2D_LINE_00
10
11.3411546667
20
-2.7461006667
0
VERTEX
8
2D_LINE_00
10
11.300488
20
-2.7467673333
0
VERTEX
8
2D_LINE_00
10
11.2598213333
20
-2.747434
0
VERTEX
8
2D_LINE_00
10
11.218488
20
-2.7481006667
0
VERTEX
8
2D_LINE_00
10
11.1778213333
20
-2.7487673333
0
VERTEX
8
2D_LINE_00
10
11.1371546667
20
-2.749434
0
VERTEX
8
2D_LINE_00
10
11.096488
20
-2.7501006667
0
VERTEX
8
2D_LINE_00
10
11.0558213333
20
-2.7507673333
0
VERTEX
8
2D_LINE_00
10
11.0151546667
20
-2.7507673333
0
VERTEX
8
2D_LINE_00
10
10.974488
20
-2.751434
0
VERTEX
8
2D_LINE_00
10
10.9338213333
20
-2.7521006667
0
VERTEX
8
2D_LINE_00
10
10.8931546667
20
-2.7521006667
0
SEQEND
0
INSERT
2
SMOOTH_0$2
8
2D_LINE_00
10
20.738488
20
-1.5821006667
0
INSERT
2
SMOOTH_0$2
8
2D_LINE_00
10
20.702488
20
-1.591434
0
POLYLINE
8
2D_LINE_00
66
1
40
0.2
41
0.2
0
VERTEX
8
2D_LINE_00
10
21.4592086667
20
-0.8536426667
42
-0.2754458909
0
VERTEX
8
2D_LINE_00
10
20.738798
20
-1.5821926667
0
SEQEND
0
INSERT
2
SMOOTH_0$2
8
2D_LINE_00
10
21.4592086667
20
-0.8536426667
0
INSERT
2
SMOOTH_0$2
8
2D_LINE_00
10
20.738798
20
-1.5821926667
0
POLYLINE
8
2D_LINE_00
66
1
40
0.2
41
0.2
0
VERTEX
8
2D_LINE_00
10
21.4592086667
20
-0.8536433333
42
-0.5078777138
0
VERTEX
8
2D_LINE_00
10
27.0625693333
20
1.4433873333
0
SEQEND
0
INSERT
2
SMOOTH_0$2
8
2D_LINE_00
10
21.4592086667
20
-0.8536433333
0
INSERT
2
SMOOTH_0$2
8
2D_LINE_00
10
27.0625693333
20
1.4433873333
0
POLYLINE
8
2D_LINE_00
66
1
40
0.2
41
0.2
0
VERTEX
8
2D_LINE_00
10
28.10073
20
1.4381986667
42
-0.2796754209
0
VERTEX
8
2D_LINE_00
10
27.06257
20
1.443388
0
SEQEND
0
INSERT
2
SMOOTH_0$2
8
2D_LINE_00
10
28.10073
20
1.4381986667
0
INSERT
2
SMOOTH_0$2
8
2D_LINE_00
10
27.06257
20
1.443388
0
POLYLINE
8
2D_LINE_00
66
1
40
0.2
41
0.2
0
VERTEX
8
2D_LINE_00
10
27.8578213333
20
38.928566
0
VERTEX
8
2D_LINE_00
10
27.9231546667
20
38.890566
0
VERTEX
8
2D_LINE_00
10
27.988488
20
38.8518993333
0
VERTEX
8
2D_LINE_00
10
28.0531546667
20
38.8132326667
0
VERTEX
8
2D_LINE_00
10
28.1178213333
20
38.774566
0
VERTEX
8
2D_LINE_00
10
28.1818213333
20
38.7358993333
0
VERTEX
8
2D_LINE_00
10
28.246488
20
38.696566
0
VERTEX
8
2D_LINE_00
10
28.310488
20
38.6572326667
0
VERTEX
8
2D_LINE_00
10
28.374488
20
38.6178993333
0
VERTEX
8
2D_LINE_00
10
28.438488
20
38.5778993333
0
VERTEX
8
2D_LINE_00
10
28.5018213333
20
38.5378993333
0
VERTEX
8
2D_LINE_00
10
28.5651546667
20
38.4978993333
0
VERTEX
8
2D_LINE_00
10
28.628488
20
38.4578993333
0
VERTEX
8
2D_LINE_00
10
28.6918213333
20
38.4178993333
0
VERTEX
8
2D_LINE_00
10
28.754488
20
38.3772326667
0
VERTEX
8
2D_LINE_00
10
28.8171546667
20
38.336566
0
VERTEX
8
2D_LINE_00
10
28.8798213333
20
38.2952326667
0
VERTEX
8
2D_LINE_00
10
28.942488
20
38.254566
0
VERTEX
8
2D_LINE_00
10
29.004488
20
38.2132326667
0
VERTEX
8
2D_LINE_00
10
29.066488
20
38.1718993333
0
VERTEX
8
2D_LINE_00
10
29.128488
20
38.130566
0
VERTEX
8
2D_LINE_00
10
29.190488
20
38.088566
0
VERTEX
8
2D_LINE_00
10
29.2518213333
20
38.046566
0
VERTEX
8
2D_LINE_00
10
29.3131546667
20
38.004566
0
VERTEX
8
2D_LINE_00
10
29.374488
20
37.962566
0
VERTEX
8
2D_LINE_00
10
29.4351546667
20
37.9198993333
0
VERTEX
8
2D_LINE_00
10
29.496488
20
37.8772326667
0
VERTEX
8
2D_LINE_00
10
29.5571546667
20
37.834566
0
VERTEX
8
2D_LINE_00
10
29.6178213333
20
37.7912326667
0
VERTEX
8
2D_LINE_00
10
29.6778213333
20
37.748566
0
VERTEX
8
2D_LINE_00
10
29.738488
20
37.7052326667
0
VERTEX
8
2D_LINE_00
10
29.798488
20
37.6612326667
0
VERTEX
8
2D_LINE_00
10
29.858488
20
37.6178993333
0
VERTEX
8
2D_LINE_00
10
29.9178213333
20
37.5738993333
0
VERTEX
8
2D_LINE_00
10
29.9778213333
20
37.5298993333
0
VERTEX
8
2D_LINE_00
10
30.0371546667
20
37.4852326667
0
VERTEX
8
2D_LINE_00
10
30.096488
20
37.4412326667
0
VERTEX
8
2D_LINE_00
10
30.1558213333
20
37.396566
0
VERTEX
8
2D_LINE_00
10
30.214488
20
37.3512326667
0
VERTEX
8
2D_LINE_00
10
30.2731546667
20
37.306566
0
VERTEX
8
2D_LINE_00
10
30.3318213333
20
37.2612326667
0
VERTEX
8
2D_LINE_00
10
30.390488
20
37.2158993333
0
VERTEX
8
2D_LINE_00
10
30.448488
20
37.1698993333
0
VERTEX
8
2D_LINE_00
10
30.5071546667
20
37.1238993333
0
VERTEX
8
2D_LINE_00
10
30.5651546667
20
37.0778993333
0
VERTEX
8
2D_LINE_00
10
30.6231546667
20
37.0318993333
0
VERTEX
8
2D_LINE_00
10
30.680488
20
36.9852326667
0
VERTEX
8
2D_LINE_00
10
30.738488
20
36.9392326667
0
VERTEX
8
2D_LINE_00
10
30.7958213333
20
36.8918993333
0
VERTEX
8
2D_LINE_00
10
30.8531546667
20
36.8452326667
0
VERTEX
8
2D_LINE_00
10
30.9098213333
20
36.7978993333
0
VERTEX
8
2D_LINE_00
10
30.9671546667
20
36.750566
0
VERTEX
8
2D_LINE_00
10
31.0238213333
20
36.702566
0
VERTEX
8
2D_LINE_00
10
31.080488
20
36.6552326667
0
VERTEX
8
2D_LINE_00
10
31.1371546667
20
36.606566
0
VERTEX
8
2D_LINE_00
10
31.1931546667
20
36.558566
0
VERTEX
8
2D_LINE_00
10
31.2498213333
20
36.5098993333
0
VERTEX
8
2D_LINE_00
10
31.3058213333
20
36.4612326667
0
VERTEX
8
2D_LINE_00
10
31.3618213333
20
36.412566
0
VERTEX
8
2D_LINE_00
10
31.4171546667
20
36.3638993333
0
VERTEX
8
2D_LINE_00
10
31.4731546667
20
36.314566
0
VERTEX
8
2D_LINE_00
10
31.528488
20
36.264566
0
VERTEX
8
2D_LINE_00
10
31.5838213333
20
36.2152326667
0
VERTEX
8
2D_LINE_00
10
31.6391546667
20
36.1652326667
0
VERTEX
8
2D_LINE_00
10
31.6938213333
20
36.1152326667
0
VERTEX
8
2D_LINE_00
10
31.748488
20
36.0652326667
0
VERTEX
8
2D_LINE_00
10
31.8031546667
20
36.014566
0
VERTEX
8
2D_LINE_00
10
31.8578213333
20
35.9638993333
0
VERTEX
8
2D_LINE_00
10
31.9118213333
20
35.9132326667
0
VERTEX
8
2D_LINE_00
10
31.9658213333
20
35.862566
0
VERTEX
8
2D_LINE_00
10
32.0198213333
20
35.8112326667
0
VERTEX
8
2D_LINE_00
10
32.0731546667
20
35.7598993333
0
VERTEX
8
2D_LINE_00
10
32.1271546667
20
35.708566
0
VERTEX
8
2D_LINE_00
10
32.180488
20
35.6572326667
0
VERTEX
8
2D_LINE_00
10
32.2331546667
20
35.6052326667
0
VERTEX
8
2D_LINE_00
10
32.286488
20
35.5532326667
0
VERTEX
8
2D_LINE_00
10
32.3391546667
20
35.5012326667
0
VERTEX
8
2D_LINE_00
10
32.3918213333
20
35.448566
0
VERTEX
8
2D_LINE_00
10
32.4438213333
20
35.3958993333
0
VERTEX
8
2D_LINE_00
10
32.496488
20
35.3432326667
0
VERTEX
8
2D_LINE_00
10
32.548488
20
35.290566
0
VERTEX
8
2D_LINE_00
10
32.5998213333
20
35.2372326667
0
VERTEX
8
2D_LINE_00
10
32.6518213333
20
35.184566
0
VERTEX
8
2D_LINE_00
10
32.7031546667
20
35.1312326667
0
VERTEX
8
2D_LINE_00
10
32.7538213333
20
35.0772326667
0
VERTEX
8
2D_LINE_00
10
32.8051546667
20
35.0238993333
0
VERTEX
8
2D_LINE_00
10
32.8558213333
20
34.9698993333
0
VERTEX
8
2D_LINE_00
10
32.9058213333
20
34.9158993333
0
VERTEX
8
2D_LINE_00
10
32.956488
20
34.8618993333
0
VERTEX
8
2D_LINE_00
10
33.006488
20
34.8078993333
0
VERTEX
8
2D_LINE_00
10
33.056488
20
34.7532326667
0
VERTEX
8
2D_LINE_00
10
33.1058213333
20
34.698566
0
VERTEX
8
2D_LINE_00
10
33.1551546667
20
34.6438993333
0
VERTEX
8
2D_LINE_00
10
33.204488
20
34.5892326667
0
VERTEX
8
2D_LINE_00
10
33.2531546667
20
34.5338993333
0
VERTEX
8
2D_LINE_00
10
33.3018213333
20
34.4792326667
0
VERTEX
8
2D_LINE_00
10
33.350488
20
34.4238993333
0
VERTEX
8
2D_LINE_00
10
33.3991546667
20
34.3678993333
0
VERTEX
8
2D_LINE_00
10
33.4471546667
20
34.312566
0
VERTEX
8
2D_LINE_00
10
33.494488
20
34.256566
0
VERTEX
8
2D_LINE_00
10
33.542488
20
34.2012326667
0
VERTEX
8
2D_LINE_00
10
33.5898213333
20
34.1452326667
0
VERTEX
8
2D_LINE_00
10
33.6371546667
20
34.088566
0
VERTEX
8
2D_LINE_00
10
33.6838213333
20
34.032566
0
VERTEX
8
2D_LINE_00
10
33.730488
20
33.9758993333
0
VERTEX
8
2D_LINE_00
10
33.7771546667
20
33.9192326667
0
VERTEX
8
2D_LINE_00
10
33.8231546667
20
33.862566
0
VERTEX
8
2D_LINE_00
10
33.8691546667
20
33.8058993333
0
VERTEX
8
2D_LINE_00
10
33.9151546667
20
33.748566
0
VERTEX
8
2D_LINE_00
10
33.960488
20
33.6912326667
0
VERTEX
8
2D_LINE_00
10
34.0058213333
20
33.6338993333
0
VERTEX
8
2D_LINE_00
10
34.0511546667
20
33.576566
0
VERTEX
8
2D_LINE_00
10
34.096488
20
33.5192326667
0
VERTEX
8
2D_LINE_00
10
34.1411546667
20
33.4612326667
0
VERTEX
8
2D_LINE_00
10
34.1851546667
20
33.4032326667
0
VERTEX
8
2D_LINE_00
10
34.2298213333
20
33.3452326667
0
VERTEX
8
2D_LINE_00
10
34.2738213333
20
33.2872326667
0
VERTEX
8
2D_LINE_00
10
34.3178213333
20
33.228566
0
VERTEX
8
2D_LINE_00
10
34.3611546667
20
33.1698993333
0
VERTEX
8
2D_LINE_00
10
34.4051546667
20
33.1112326667
0
VERTEX
8
2D_LINE_00
10
34.4478213333
20
33.052566
0
VERTEX
8
2D_LINE_00
10
34.4911546667
20
32.9938993333
0
VERTEX
8
2D_LINE_00
10
34.5338213333
20
32.934566
0
VERTEX
8
2D_LINE_00
10
34.576488
20
32.8752326667
0
VERTEX
8
2D_LINE_00
10
34.6191546667
20
32.8158993333
0
VERTEX
8
2D_LINE_00
10
34.6611546667
20
32.756566
0
VERTEX
8
2D_LINE_00
10
34.7031546667
20
32.696566
0
VERTEX
8
2D_LINE_00
10
34.744488
20
32.636566
0
VERTEX
8
2D_LINE_00
10
34.786488
20
32.576566
0
VERTEX
8
2D_LINE_00
10
34.8278213333
20
32.516566
0
VERTEX
8
2D_LINE_00
10
34.868488
20
32.456566
0
VERTEX
8
2D_LINE_00
10
34.9098213333
20
32.3958993333
0
VERTEX
8
2D_LINE_00
10
34.950488
20
32.3352326667
0
VERTEX
8
2D_LINE_00
10
34.9911546667
20
32.274566
0
VERTEX
8
2D_LINE_00
10
35.0311546667
20
32.2138993333
0
VERTEX
8
2D_LINE_00
10
35.0711546667
20
32.152566
0
VERTEX
8
2D_LINE_00
10
35.1111546667
20
32.0918993333
0
VERTEX
8
2D_LINE_00
10
35.150488
20
32.030566
0
VERTEX
8
2D_LINE_00
10
35.190488
20
31.968566
0
VERTEX
8
2D_LINE_00
10
35.2291546667
20
31.9072326667
0
VERTEX
8
2D_LINE_00
10
35.268488
20
31.8452326667
0
VERTEX
8
2D_LINE_00
10
35.3071546667
20
31.7838993333
0
VERTEX
8
2D_LINE_00
10
35.3458213333
20
31.7218993333
0
VERTEX
8
2D_LINE_00
10
35.384488
20
31.6592326667
0
VERTEX
8
2D_LINE_00
10
35.422488
20
31.5972326667
0
VERTEX
8
2D_LINE_00
10
35.460488
20
31.534566
0
VERTEX
8
2D_LINE_00
10
35.4978213333
20
31.4718993333
0
VERTEX
8
2D_LINE_00
10
35.5358213333
20
31.4092326667
0
VERTEX
8
2D_LINE_00
10
35.5731546667
20
31.346566
0
VERTEX
8
2D_LINE_00
10
35.6098213333
20
31.2832326667
0
VERTEX
8
2D_LINE_00
10
35.6471546667
20
31.2198993333
0
VERTEX
8
2D_LINE_00
10
35.6838213333
20
31.156566
0
VERTEX
8
2D_LINE_00
10
35.7198213333
20
31.0932326667
0
VERTEX
8
2D_LINE_00
10
35.756488
20
31.0298993333
0
VERTEX
8
2D_LINE_00
10
35.792488
20
30.9658993333
0
VERTEX
8
2D_LINE_00
10
35.8278213333
20
30.9018993333
0
VERTEX
8
2D_LINE_00
10
35.8638213333
20
30.8378993333
0
VERTEX
8
2D_LINE_00
10
35.8991546667
20
30.7738993333
0
VERTEX
8
2D_LINE_00
10
35.9338213333
20
30.7092326667
0
VERTEX
8
2D_LINE_00
10
35.9691546667
20
30.6452326667
0
VERTEX
8
2D_LINE_00
10
36.0038213333
20
30.580566
0
VERTEX
8
2D_LINE_00
10
36.0378213333
20
30.5158993333
0
VERTEX
8
2D_LINE_00
10
36.072488
20
30.450566
0
VERTEX
8
2D_LINE_00
10
36.106488
20
30.3858993333
0
VERTEX
8
2D_LINE_00
10
36.140488
20
30.320566
0
VERTEX
8
2D_LINE_00
10
36.1738213333
20
30.2552326667
0
VERTEX
8
2D_LINE_00
10
36.2071546667
20
30.1898993333
0
VERTEX
8
2D_LINE_00
10
36.240488
20
30.1238993333
0
VERTEX
8
2D_LINE_00
10
36.2731546667
20
30.0578993333
0
VERTEX
8
2D_LINE_00
10
36.3058213333
20
29.992566
0
VERTEX
8
2D_LINE_00
10
36.338488
20
29.926566
0
VERTEX
8
2D_LINE_00
10
36.370488
20
29.8598993333
0
VERTEX
8
2D_LINE_00
10
36.402488
20
29.7938993333
0
VERTEX
8
2D_LINE_00
10
36.434488
20
29.7272326667
0
VERTEX
8
2D_LINE_00
10
36.4658213333
20
29.660566
0
VERTEX
8
2D_LINE_00
10
36.4971546667
20
29.5938993333
0
VERTEX
8
2D_LINE_00
10
36.528488
20
29.5272326667
0
VERTEX
8
2D_LINE_00
10
36.5591546667
20
29.4598993333
0
VERTEX
8
2D_LINE_00
10
36.5898213333
20
29.3932326667
0
VERTEX
8
2D_LINE_00
10
36.6198213333
20
29.3258993333
0
VERTEX
8
2D_LINE_00
10
36.650488
20
29.258566
0
VERTEX
8
2D_LINE_00
10
36.6798213333
20
29.1912326667
0
VERTEX
8
2D_LINE_00
10
36.7098213333
20
29.1238993333
0
VERTEX
8
2D_LINE_00
10
36.7391546667
20
29.0558993333
0
VERTEX
8
2D_LINE_00
10
36.768488
20
28.9878993333
0
VERTEX
8
2D_LINE_00
10
36.7971546667
20
28.920566
0
VERTEX
8
2D_LINE_00
10
36.8258213333
20
28.852566
0
VERTEX
8
2D_LINE_00
10
36.854488
20
28.784566
0
VERTEX
8
2D_LINE_00
10
36.882488
20
28.716566
0
VERTEX
8
2D_LINE_00
10
36.910488
20
28.6478993333
0
VERTEX
8
2D_LINE_00
10
36.938488
20
28.5798993333
0
VERTEX
8
2D_LINE_00
10
36.9658213333
20
28.5112326667
0
VERTEX
8
2D_LINE_00
10
36.9931546667
20
28.4432326667
0
VERTEX
8
2D_LINE_00
10
37.0198213333
20
28.374566
0
VERTEX
8
2D_LINE_00
10
37.046488
20
28.3058993333
0
VERTEX
8
2D_LINE_00
10
37.0731546667
20
28.2372326667
0
VERTEX
8
2D_LINE_00
10
37.0991546667
20
28.168566
0
VERTEX
8
2D_LINE_00
10
37.1251546667
20
28.0998993333
0
VERTEX
8
2D_LINE_00
10
37.150488
20
28.0312326667
0
VERTEX
8
2D_LINE_00
10
37.1758213333
20
27.9618993333
0
VERTEX
8
2D_LINE_00
10
37.2011546667
20
27.8932326667
0
VERTEX
8
2D_LINE_00
10
37.2258213333
20
27.8238993333
0
VERTEX
8
2D_LINE_00
10
37.250488
20
27.7552326667
0
VERTEX
8
2D_LINE_00
10
37.274488
20
27.6858993333
0
VERTEX
8
2D_LINE_00
10
37.298488
20
27.6172326667
0
VERTEX
8
2D_LINE_00
10
37.322488
20
27.5478993333
0
VERTEX
8
2D_LINE_00
10
37.3458213333
20
27.478566
0
VERTEX
8
2D_LINE_00
10
37.3691546667
20
27.4092326667
0
VERTEX
8
2D_LINE_00
10
37.3918213333
20
27.340566
0
VERTEX
8
2D_LINE_00
10
37.414488
20
27.2712326667
0
VERTEX
8
2D_LINE_00
10
37.4371546667
20
27.2018993333
0
VERTEX
8
2D_LINE_00
10
37.4591546667
20
27.132566
0
VERTEX
8
2D_LINE_00
10
37.4811546667
20
27.0632326667
0
VERTEX
8
2D_LINE_00
10
37.502488
20
26.9938993333
0
VERTEX
8
2D_LINE_00
10
37.5238213333
20
26.924566
0
VERTEX
8
2D_LINE_00
10
37.5451546667
20
26.854566
0
VERTEX
8
2D_LINE_00
10
37.5658213333
20
26.7852326667
0
VERTEX
8
2D_LINE_00
10
37.586488
20
26.7158993333
0
VERTEX
8
2D_LINE_00
10
37.606488
20
26.6458993333
0
VERTEX
8
2D_LINE_00
10
37.626488
20
26.576566
0
VERTEX
8
2D_LINE_00
10
37.6458213333
20
26.506566
0
VERTEX
8
2D_LINE_00
10
37.6658213333
20
26.4372326667
0
VERTEX
8
2D_LINE_00
10
37.684488
20
26.3672326667
0
VERTEX
8
2D_LINE_00
10
37.7038213333
20
26.2972326667
0
VERTEX
8
2D_LINE_00
10
37.722488
20
26.2272326667
0
VERTEX
8
2D_LINE_00
10
37.740488
20
26.1572326667
0
VERTEX
8
2D_LINE_00
10
37.758488
20
26.0872326667
0
VERTEX
8
2D_LINE_00
10
37.776488
20
26.0172326667
0
VERTEX
8
2D_LINE_00
10
37.7938213333
20
25.946566
0
VERTEX
8
2D_LINE_00
10
37.8111546667
20
25.876566
0
VERTEX
8
2D_LINE_00
10
37.828488
20
25.8058993333
0
VERTEX
8
2D_LINE_00
10
37.8451546667
20
25.7352326667
0
VERTEX
8
2D_LINE_00
10
37.8618213333
20
25.664566
0
VERTEX
8
2D_LINE_00
10
37.878488
20
25.5938993333
0
VERTEX
8
2D_LINE_00
10
37.894488
20
25.5232326667
0
VERTEX
8
2D_LINE_00
10
37.9098213333
20
25.4518993333
0
VERTEX
8
2D_LINE_00
10
37.9258213333
20
25.3812326667
0
VERTEX
8
2D_LINE_00
10
37.9411546667
20
25.3098993333
0
VERTEX
8
2D_LINE_00
10
37.9558213333
20
25.238566
0
VERTEX
8
2D_LINE_00
10
37.9711546667
20
25.1672326667
0
VERTEX
8
2D_LINE_00
10
37.9851546667
20
25.0958993333
0
VERTEX
8
2D_LINE_00
10
37.9998213333
20
25.0238993333
0
VERTEX
8
2D_LINE_00
10
38.0138213333
20
24.9518993333
0
VERTEX
8
2D_LINE_00
10
38.0278213333
20
24.880566
0
VERTEX
8
2D_LINE_00
10
38.0411546667
20
24.808566
0
VERTEX
8
2D_LINE_00
10
38.054488
20
24.7358993333
0
VERTEX
8
2D_LINE_00
10
38.0678213333
20
24.6638993333
0
VERTEX
8
2D_LINE_00
10
38.080488
20
24.5912326667
0
VERTEX
8
2D_LINE_00
10
38.0931546667
20
24.518566
0
VERTEX
8
2D_LINE_00
10
38.1058213333
20
24.4458993333
0
VERTEX
8
2D_LINE_00
10
38.1178213333
20
24.3732326667
0
VERTEX
8
2D_LINE_00
10
38.1298213333
20
24.2998993333
0
VERTEX
8
2D_LINE_00
10
38.1418213333
20
24.226566
0
VERTEX
8
2D_LINE_00
10
38.1531546667
20
24.1532326667
0
VERTEX
8
2D_LINE_00
10
38.164488
20
24.0798993333
0
VERTEX
8
2D_LINE_00
10
38.1751546667
20
24.0058993333
0
VERTEX
8
2D_LINE_00
10
38.1858213333
20
23.932566
0
VERTEX
8
2D_LINE_00
10
38.196488
20
23.858566
0
VERTEX
8
2D_LINE_00
10
38.2071546667
20
23.784566
0
VERTEX
8
2D_LINE_00
10
38.2171546667
20
23.7098993333
0
VERTEX
8
2D_LINE_00
10
38.226488
20
23.6358993333
0
VERTEX
8
2D_LINE_00
10
38.236488
20
23.5612326667
0
VERTEX
8
2D_LINE_00
10
38.2458213333
20
23.486566
0
VERTEX
8
2D_LINE_00
10
38.2551546667
20
23.4118993333
0
VERTEX
8
2D_LINE_00
10
38.2638213333
20
23.3372326667
0
VERTEX
8
2D_LINE_00
10
38.272488
20
23.2618993333
0
VERTEX
8
2D_LINE_00
10
38.2811546667
20
23.1872326667
0
VERTEX
8
2D_LINE_00
10
38.2891546667
20
23.1118993333
0
VERTEX
8
2D_LINE_00
10
38.2971546667
20
23.036566
0
VERTEX
8
2D_LINE_00
10
38.3051546667
20
22.9612326667
0
VERTEX
8
2D_LINE_00
10
38.312488
20
22.8852326667
0
VERTEX
8
2D_LINE_00
10
38.3198213333
20
22.8098993333
0
VERTEX
8
2D_LINE_00
10
38.3271546667
20
22.7338993333
0
VERTEX
8
2D_LINE_00
10
38.334488
20
22.6578993333
0
VERTEX
8
2D_LINE_00
10
38.3411546667
20
22.5818993333
0
VERTEX
8
2D_LINE_00
10
38.3471546667
20
22.5058993333
0
VERTEX
8
2D_LINE_00
10
38.3538213333
20
22.4292326667
0
VERTEX
8
2D_LINE_00
10
38.3598213333
20
22.3532326667
0
VERTEX
8
2D_LINE_00
10
38.3651546667
20
22.276566
0
VERTEX
8
2D_LINE_00
10
38.3711546667
20
22.1998993333
0
VERTEX
8
2D_LINE_00
10
38.376488
20
22.1232326667
0
VERTEX
8
2D_LINE_00
10
38.3818213333
20
22.046566
0
VERTEX
8
2D_LINE_00
10
38.386488
20
21.9692326667
0
VERTEX
8
2D_LINE_00
10
38.3911546667
20
21.892566
0
VERTEX
8
2D_LINE_00
10
38.3958213333
20
21.8152326667
0
VERTEX
8
2D_LINE_00
10
38.400488
20
21.7378993333
0
VERTEX
8
2D_LINE_00
10
38.404488
20
21.660566
0
VERTEX
8
2D_LINE_00
10
38.4078213333
20
21.5832326667
0
VERTEX
8
2D_LINE_00
10
38.4118213333
20
21.5058993333
0
VERTEX
8
2D_LINE_00
10
38.4151546667
20
21.4278993333
0
VERTEX
8
2D_LINE_00
10
38.418488
20
21.350566
0
VERTEX
8
2D_LINE_00
10
38.4218213333
20
21.272566
0
VERTEX
8
2D_LINE_00
10
38.424488
20
21.194566
0
VERTEX
8
2D_LINE_00
10
38.4271546667
20
21.116566
0
VERTEX
8
2D_LINE_00
10
38.4291546667
20
21.038566
0
VERTEX
8
2D_LINE_00
10
38.4318213333
20
20.960566
0
VERTEX
8
2D_LINE_00
10
38.4338213333
20
20.882566
0
VERTEX
8
2D_LINE_00
10
38.4351546667
20
20.804566
0
VERTEX
8
2D_LINE_00
10
38.4371546667
20
20.7258993333
0
VERTEX
8
2D_LINE_00
10
38.438488
20
20.6478993333
0
VERTEX
8
2D_LINE_00
10
38.4391546667
20
20.5698993333
0
VERTEX
8
2D_LINE_00
10
38.440488
20
20.4912326667
0
VERTEX
8
2D_LINE_00
10
38.4411546667
20
20.4132326667
0
VERTEX
8
2D_LINE_00
10
38.4418213333
20
20.334566
0
VERTEX
8
2D_LINE_00
10
38.4418213333
20
20.256566
0
VERTEX
8
2D_LINE_00
10
38.4418213333
20
20.1778993333
0
VERTEX
8
2D_LINE_00
10
38.4418213333
20
20.0992326667
0
VERTEX
8
2D_LINE_00
10
38.4418213333
20
20.0212326667
0
VERTEX
8
2D_LINE_00
10
38.4411546667
20
19.942566
0
VERTEX
8
2D_LINE_00
10
38.440488
20
19.864566
0
VERTEX
8
2D_LINE_00
10
38.4391546667
20
19.7858993333
0
VERTEX
8
2D_LINE_00
10
38.438488
20
19.7078993333
0
VERTEX
8
2D_LINE_00
10
38.4371546667
20
19.6292326667
0
VERTEX
8
2D_LINE_00
10
38.4351546667
20
19.5512326667
0
VERTEX
8
2D_LINE_00
10
38.4338213333
20
19.472566
0
VERTEX
8
2D_LINE_00
10
38.4318213333
20
19.394566
0
VERTEX
8
2D_LINE_00
10
38.4298213333
20
19.316566
0
VERTEX
8
2D_LINE_00
10
38.4271546667
20
19.238566
0
VERTEX
8
2D_LINE_00
10
38.424488
20
19.1598993333
0
VERTEX
8
2D_LINE_00
10
38.4218213333
20
19.0818993333
0
VERTEX
8
2D_LINE_00
10
38.418488
20
19.0038993333
0
VERTEX
8
2D_LINE_00
10
38.4158213333
20
18.926566
0
VERTEX
8
2D_LINE_00
10
38.4118213333
20
18.848566
0
VERTEX
8
2D_LINE_00
10
38.408488
20
18.770566
0
VERTEX
8
2D_LINE_00
10
38.404488
20
18.6932326667
0
VERTEX
8
2D_LINE_00
10
38.400488
20
18.6152326667
0
VERTEX
8
2D_LINE_00
10
38.396488
20
18.5378993333
0
VERTEX
8
2D_LINE_00
10
38.3918213333
20
18.460566
0
VERTEX
8
2D_LINE_00
10
38.3871546667
20
18.3832326667
0
VERTEX
8
2D_LINE_00
10
38.382488
20
18.3058993333
0
VERTEX
8
2D_LINE_00
10
38.3778213333
20
18.2292326667
0
VERTEX
8
2D_LINE_00
10
38.372488
20
18.1518993333
0
VERTEX
8
2D_LINE_00
10
38.3671546667
20
18.0752326667
0
VERTEX
8
2D_LINE_00
10
38.3611546667
20
17.998566
0
VERTEX
8
2D_LINE_00
10
38.3551546667
20
17.9212326667
0
VERTEX
8
2D_LINE_00
10
38.3491546667
20
17.8452326667
0
VERTEX
8
2D_LINE_00
10
38.3431546667
20
17.768566
0
VERTEX
8
2D_LINE_00
10
38.336488
20
17.6918993333
0
VERTEX
8
2D_LINE_00
10
38.3298213333
20
17.6158993333
0
VERTEX
8
2D_LINE_00
10
38.322488
20
17.5392326667
0
VERTEX
8
2D_LINE_00
10
38.3151546667
20
17.4632326667
0
VERTEX
8
2D_LINE_00
10
38.3078213333
20
17.3872326667
0
VERTEX
8
2D_LINE_00
10
38.300488
20
17.3112326667
0
VERTEX
8
2D_LINE_00
10
38.292488
20
17.2358993333
0
VERTEX
8
2D_LINE_00
10
38.284488
20
17.1598993333
0
VERTEX
8
2D_LINE_00
10
38.276488
20
17.084566
0
VERTEX
8
2D_LINE_00
10
38.2678213333
20
17.0092326667
0
VERTEX
8
2D_LINE_00
10
38.2591546667
20
16.9338993333
0
VERTEX
8
2D_LINE_00
10
38.2498213333
20
16.858566
0
VERTEX
8
2D_LINE_00
10
38.240488
20
16.7832326667
0
VERTEX
8
2D_LINE_00
10
38.2311546667
20
16.7078993333
0
VERTEX
8
2D_LINE_00
10
38.2218213333
20
16.6332326667
0
VERTEX
8
2D_LINE_00
10
38.2118213333
20
16.558566
0
VERTEX
8
2D_LINE_00
10
38.2018213333
20
16.4838993333
0
VERTEX
8
2D_LINE_00
10
38.1911546667
20
16.4092326667
0
VERTEX
8
2D_LINE_00
10
38.180488
20
16.334566
0
VERTEX
8
2D_LINE_00
10
38.1698213333
20
16.2598993333
0
VERTEX
8
2D_LINE_00
10
38.158488
20
16.1858993333
0
VERTEX
8
2D_LINE_00
10
38.1478213333
20
16.1118993333
0
VERTEX
8
2D_LINE_00
10
38.1358213333
20
16.0378993333
0
VERTEX
8
2D_LINE_00
10
38.124488
20
15.9638993333
0
VERTEX
8
2D_LINE_00
10
38.1118213333
20
15.8898993333
0
VERTEX
8
2D_LINE_00
10
38.0998213333
20
15.816566
0
VERTEX
8
2D_LINE_00
10
38.0871546667
20
15.742566
0
VERTEX
8
2D_LINE_00
10
38.074488
20
15.6692326667
0
VERTEX
8
2D_LINE_00
10
38.0618213333
20
15.5958993333
0
VERTEX
8
2D_LINE_00
10
38.048488
20
15.522566
0
VERTEX
8
2D_LINE_00
10
38.0351546667
20
15.4498993333
0
VERTEX
8
2D_LINE_00
10
38.0211546667
20
15.376566
0
VERTEX
8
2D_LINE_00
10
38.0071546667
20
15.3038993333
0
VERTEX
8
2D_LINE_00
10
37.9931546667
20
15.2312326667
0
VERTEX
8
2D_LINE_00
10
37.978488
20
15.158566
0
VERTEX
8
2D_LINE_00
10
37.9638213333
20
15.0858993333
0
VERTEX
8
2D_LINE_00
10
37.948488
20
15.0138993333
0
VERTEX
8
2D_LINE_00
10
37.9331546667
20
14.9412326667
0
VERTEX
8
2D_LINE_00
10
37.9178213333
20
14.8692326667
0
VERTEX
8
2D_LINE_00
10
37.902488
20
14.7972326667
0
VERTEX
8
2D_LINE_00
10
37.886488
20
14.7252326667
0
VERTEX
8
2D_LINE_00
10
37.8698213333
20
14.6532326667
0
VERTEX
8
2D_LINE_00
10
37.8538213333
20
14.5818993333
0
VERTEX
8
2D_LINE_00
10
37.8371546667
20
14.5098993333
0
VERTEX
8
2D_LINE_00
10
37.8198213333
20
14.438566
0
VERTEX
8
2D_LINE_00
10
37.802488
20
14.3672326667
0
VERTEX
8
2D_LINE_00
10
37.7851546667
20
14.2958993333
0
VERTEX
8
2D_LINE_00
10
37.7671546667
20
14.224566
0
VERTEX
8
2D_LINE_00
10
37.7498213333
20
14.1538993333
0
VERTEX
8
2D_LINE_00
10
37.7311546667
20
14.082566
0
VERTEX
8
2D_LINE_00
10
37.7131546667
20
14.0118993333
0
VERTEX
8
2D_LINE_00
10
37.6938213333
20
13.9412326667
0
VERTEX
8
2D_LINE_00
10
37.6751546667
20
13.870566
0
VERTEX
8
2D_LINE_00
10
37.6558213333
20
13.7998993333
0
VERTEX
8
2D_LINE_00
10
37.636488
20
13.7292326667
0
VERTEX
8
2D_LINE_00
10
37.6171546667
20
13.6592326667
0
VERTEX
8
2D_LINE_00
10
37.5971546667
20
13.5892326667
0
VERTEX
8
2D_LINE_00
10
37.576488
20
13.518566
0
VERTEX
8
2D_LINE_00
10
37.556488
20
13.448566
0
VERTEX
8
2D_LINE_00
10
37.5358213333
20
13.3792326667
0
VERTEX
8
2D_LINE_00
10
37.514488
20
13.3092326667
0
VERTEX
8
2D_LINE_00
10
37.4931546667
20
13.2392326667
0
VERTEX
8
2D_LINE_00
10
37.4718213333
20
13.1698993333
0
VERTEX
8
2D_LINE_00
10
37.450488
20
13.0998993333
0
VERTEX
8
2D_LINE_00
10
37.428488
20
13.030566
0
VERTEX
8
2D_LINE_00
10
37.4058213333
20
12.9612326667
0
VERTEX
8
2D_LINE_00
10
37.3838213333
20
12.8918993333
0
VERTEX
8
2D_LINE_00
10
37.3611546667
20
12.8232326667
0
VERTEX
8
2D_LINE_00
10
37.3378213333
20
12.7538993333
0
VERTEX
8
2D_LINE_00
10
37.314488
20
12.6852326667
0
VERTEX
8
2D_LINE_00
10
37.2911546667
20
12.6158993333
0
VERTEX
8
2D_LINE_00
10
37.2671546667
20
12.5472326667
0
VERTEX
8
2D_LINE_00
10
37.2438213333
20
12.478566
0
VERTEX
8
2D_LINE_00
10
37.2191546667
20
12.4098993333
0
VERTEX
8
2D_LINE_00
10
37.1951546667
20
12.3418993333
0
VERTEX
8
2D_LINE_00
10
37.1698213333
20
12.2732326667
0
VERTEX
8
2D_LINE_00
10
37.1451546667
20
12.204566
0
VERTEX
8
2D_LINE_00
10
37.1198213333
20
12.136566
0
VERTEX
8
2D_LINE_00
10
37.094488
20
12.068566
0
VERTEX
8
2D_LINE_00
10
37.068488
20
12.000566
0
VERTEX
8
2D_LINE_00
10
37.042488
20
11.932566
0
VERTEX
8
2D_LINE_00
10
37.016488
20
11.864566
0
VERTEX
8
2D_LINE_00
10
36.9898213333
20
11.796566
0
VERTEX
8
2D_LINE_00
10
36.9631546667
20
11.7292326667
0
VERTEX
8
2D_LINE_00
10
36.936488
20
11.6612326667
0
VERTEX
8
2D_LINE_00
10
36.9091546667
20
11.5938993333
0
VERTEX
8
2D_LINE_00
10
36.8811546667
20
11.526566
0
VERTEX
8
2D_LINE_00
10
36.8538213333
20
11.4592326667
0
VERTEX
8
2D_LINE_00
10
36.8258213333
20
11.3918993333
0
VERTEX
8
2D_LINE_00
10
36.7971546667
20
11.324566
0
VERTEX
8
2D_LINE_00
10
36.7691546667
20
11.2572326667
0
VERTEX
8
2D_LINE_00
10
36.7398213333
20
11.190566
0
VERTEX
8
2D_LINE_00
10
36.7111546667
20
11.1232326667
0
VERTEX
8
2D_LINE_00
10
36.6818213333
20
11.056566
0
VERTEX
8
2D_LINE_00
10
36.652488
20
10.9898993333
0
VERTEX
8
2D_LINE_00
10
36.622488
20
10.922566
0
VERTEX
8
2D_LINE_00
10
36.592488
20
10.8558993333
0
VERTEX
8
2D_LINE_00
10
36.5618213333
20
10.7898993333
0
VERTEX
8
2D_LINE_00
10
36.5318213333
20
10.7232326667
0
VERTEX
8
2D_LINE_00
10
36.500488
20
10.656566
0
VERTEX
8
2D_LINE_00
10
36.4698213333
20
10.590566
0
VERTEX
8
2D_LINE_00
10
36.438488
20
10.5238993333
0
VERTEX
8
2D_LINE_00
10
36.406488
20
10.4578993333
0
VERTEX
8
2D_LINE_00
10
36.3751546667
20
10.3918993333
0
VERTEX
8
2D_LINE_00
10
36.342488
20
10.3252326667
0
VERTEX
8
2D_LINE_00
10
36.310488
20
10.2592326667
0
VERTEX
8
2D_LINE_00
10
36.2778213333
20
10.1938993333
0
VERTEX
8
2D_LINE_00
10
36.2451546667
20
10.1278993333
0
VERTEX
8
2D_LINE_00
10
36.2118213333
20
10.0618993333
0
VERTEX
8
2D_LINE_00
10
36.178488
20
9.996566
0
VERTEX
8
2D_LINE_00
10
36.1451546667
20
9.930566
0
VERTEX
8
2D_LINE_00
10
36.1111546667
20
9.8652326667
0
VERTEX
8
2D_LINE_00
10
36.0771546667
20
9.7998993333
0
VERTEX
8
2D_LINE_00
10
36.042488
20
9.7338993333
0
VERTEX
8
2D_LINE_00
10
36.0078213333
20
9.6692326667
0
VERTEX
8
2D_LINE_00
10
35.9731546667
20
9.6038993333
0
VERTEX
8
2D_LINE_00
10
35.9378213333
20
9.538566
0
VERTEX
8
2D_LINE_00
10
35.902488
20
9.4738993333
0
VERTEX
8
2D_LINE_00
10
35.8671546667
20
9.408566
0
VERTEX
8
2D_LINE_00
10
35.8311546667
20
9.3438993333
0
VERTEX
8
2D_LINE_00
10
35.7951546667
20
9.2792326667
0
VERTEX
8
2D_LINE_00
10
35.7591546667
20
9.214566
0
VERTEX
8
2D_LINE_00
10
35.722488
20
9.150566
0
VERTEX
8
2D_LINE_00
10
35.6858213333
20
9.0858993333
0
VERTEX
8
2D_LINE_00
10
35.648488
20
9.0218993333
0
VERTEX
8
2D_LINE_00
10
35.6111546667
20
8.9578993333
0
VERTEX
8
2D_LINE_00
10
35.5738213333
20
8.8938993333
0
VERTEX
8
2D_LINE_00
10
35.536488
20
8.8298993333
0
VERTEX
8
2D_LINE_00
10
35.498488
20
8.766566
0
VERTEX
8
2D_LINE_00
10
35.460488
20
8.702566
0
VERTEX
8
2D_LINE_00
10
35.4218213333
20
8.6392326667
0
VERTEX
8
2D_LINE_00
10
35.3838213333
20
8.5758993333
0
VERTEX
8
2D_LINE_00
10
35.3451546667
20
8.5132326667
0
VERTEX
8
2D_LINE_00
10
35.3058213333
20
8.4498993333
0
VERTEX
8
2D_LINE_00
10
35.266488
20
8.3872326667
0
VERTEX
8
2D_LINE_00
10
35.2271546667
20
8.324566
0
VERTEX
8
2D_LINE_00
10
35.1878213333
20
8.2618993333
0
VERTEX
8
2D_LINE_00
10
35.1478213333
20
8.1992326667
0
VERTEX
8
2D_LINE_00
10
35.1078213333
20
8.1372326667
0
VERTEX
8
2D_LINE_00
10
35.0678213333
20
8.0752326667
0
VERTEX
8
2D_LINE_00
10
35.0271546667
20
8.0132326667
0
VERTEX
8
2D_LINE_00
10
34.986488
20
7.9518993333
0
VERTEX
8
2D_LINE_00
10
34.9458213333
20
7.890566
0
VERTEX
8
2D_LINE_00
10
34.9051546667
20
7.828566
0
VERTEX
8
2D_LINE_00
10
34.8638213333
20
7.7678993333
0
VERTEX
8
2D_LINE_00
10
34.822488
20
7.706566
0
VERTEX
8
2D_LINE_00
10
34.780488
20
7.6458993333
0
VERTEX
8
2D_LINE_00
10
34.7391546667
20
7.5852326667
0
VERTEX
8
2D_LINE_00
10
34.6971546667
20
7.524566
0
VERTEX
8
2D_LINE_00
10
34.654488
20
7.464566
0
VERTEX
8
2D_LINE_00
10
34.612488
20
7.404566
0
VERTEX
8
2D_LINE_00
10
34.5698213333
20
7.344566
0
VERTEX
8
2D_LINE_00
10
34.5271546667
20
7.2852326667
0
VERTEX
8
2D_LINE_00
10
34.4838213333
20
7.2252326667
0
VERTEX
8
2D_LINE_00
10
34.4411546667
20
7.1658993333
0
VERTEX
8
2D_LINE_00
10
34.3978213333
20
7.106566
0
VERTEX
8
2D_LINE_00
10
34.3538213333
20
7.0478993333
0
VERTEX
8
2D_LINE_00
10
34.310488
20
6.9892326667
0
VERTEX
8
2D_LINE_00
10
34.266488
20
6.930566
0
VERTEX
8
2D_LINE_00
10
34.2218213333
20
6.8718993333
0
VERTEX
8
2D_LINE_00
10
34.1778213333
20
6.8138993333
0
VERTEX
8
2D_LINE_00
10
34.1331546667
20
6.7552326667
0
VERTEX
8
2D_LINE_00
10
34.088488
20
6.6972326667
0
VERTEX
8
2D_LINE_00
10
34.0431546667
20
6.6398993333
0
VERTEX
8
2D_LINE_00
10
33.9978213333
20
6.5818993333
0
VERTEX
8
2D_LINE_00
10
33.952488
20
6.524566
0
VERTEX
8
2D_LINE_00
10
33.9071546667
20
6.4672326667
0
VERTEX
8
2D_LINE_00
10
33.8611546667
20
6.410566
0
VERTEX
8
2D_LINE_00
10
33.8151546667
20
6.3532326667
0
VERTEX
8
2D_LINE_00
10
33.7691546667
20
6.296566
0
VERTEX
8
2D_LINE_00
10
33.722488
20
6.2398993333
0
VERTEX
8
2D_LINE_00
10
33.6758213333
20
6.1832326667
0
VERTEX
8
2D_LINE_00
10
33.6291546667
20
6.1272326667
0
VERTEX
8
2D_LINE_00
10
33.582488
20
6.0712326667
0
VERTEX
8
2D_LINE_00
10
33.5351546667
20
6.0152326667
0
VERTEX
8
2D_LINE_00
10
33.4878213333
20
5.9592326667
0
VERTEX
8
2D_LINE_00
10
33.4398213333
20
5.9038993333
0
VERTEX
8
2D_LINE_00
10
33.3918213333
20
5.848566
0
VERTEX
8
2D_LINE_00
10
33.3438213333
20
5.7932326667
0
VERTEX
8
2D_LINE_00
10
33.2958213333
20
5.7378993333
0
VERTEX
8
2D_LINE_00
10
33.2471546667
20
5.6832326667
0
VERTEX
8
2D_LINE_00
10
33.198488
20
5.6278993333
0
VERTEX
8
2D_LINE_00
10
33.1498213333
20
5.5738993333
0
VERTEX
8
2D_LINE_00
10
33.100488
20
5.5192326667
0
VERTEX
8
2D_LINE_00
10
33.0511546667
20
5.464566
0
VERTEX
8
2D_LINE_00
10
33.0011546667
20
5.410566
0
VERTEX
8
2D_LINE_00
10
32.9518213333
20
5.356566
0
VERTEX
8
2D_LINE_00
10
32.9018213333
20
5.302566
0
VERTEX
8
2D_LINE_00
10
32.8511546667
20
5.2492326667
0
VERTEX
8
2D_LINE_00
10
32.8011546667
20
5.1952326667
0
VERTEX
8
2D_LINE_00
10
32.750488
20
5.1418993333
0
VERTEX
8
2D_LINE_00
10
32.6998213333
20
5.0892326667
0
VERTEX
8
2D_LINE_00
10
32.648488
20
5.0358993333
0
VERTEX
8
2D_LINE_00
10
32.5971546667
20
4.9832326667
0
VERTEX
8
2D_LINE_00
10
32.5458213333
20
4.930566
0
VERTEX
8
2D_LINE_00
10
32.494488
20
4.8778993333
0
VERTEX
8
2D_LINE_00
10
32.442488
20
4.8252326667
0
VERTEX
8
2D_LINE_00
10
32.390488
20
4.7732326667
0
VERTEX
8
2D_LINE_00
10
32.3378213333
20
4.7212326667
0
VERTEX
8
2D_LINE_00
10
32.2858213333
20
4.6692326667
0
VERTEX
8
2D_LINE_00
10
32.2331546667
20
4.6172326667
0
VERTEX
8
2D_LINE_00
10
32.1798213333
20
4.5658993333
0
VERTEX
8
2D_LINE_00
10
32.1271546667
20
4.514566
0
VERTEX
8
2D_LINE_00
10
32.0738213333
20
4.4632326667
0
VERTEX
8
2D_LINE_00
10
32.020488
20
4.4118993333
0
VERTEX
8
2D_LINE_00
10
31.966488
20
4.3612326667
0
VERTEX
8
2D_LINE_00
10
31.912488
20
4.310566
0
VERTEX
8
2D_LINE_00
10
31.858488
20
4.2598993333
0
VERTEX
8
2D_LINE_00
10
31.804488
20
4.2092326667
0
VERTEX
8
2D_LINE_00
10
31.7498213333
20
4.1592326667
0
VERTEX
8
2D_LINE_00
10
31.6951546667
20
4.1092326667
0
VERTEX
8
2D_LINE_00
10
31.640488
20
4.0592326667
0
VERTEX
8
2D_LINE_00
10
31.5858213333
20
4.0098993333
0
VERTEX
8
2D_LINE_00
10
31.530488
20
3.9598993333
0
VERTEX
8
2D_LINE_00
10
31.4751546667
20
3.910566
0
VERTEX
8
2D_LINE_00
10
31.4191546667
20
3.8618993333
0
VERTEX
8
2D_LINE_00
10
31.3638213333
20
3.812566
0
VERTEX
8
2D_LINE_00
10
31.3078213333
20
3.7638993333
0
VERTEX
8
2D_LINE_00
10
31.2518213333
20
3.7152326667
0
VERTEX
8
2D_LINE_00
10
31.1951546667
20
3.666566
0
VERTEX
8
2D_LINE_00
10
31.1391546667
20
3.618566
0
VERTEX
8
2D_LINE_00
10
31.082488
20
3.5698993333
0
VERTEX
8
2D_LINE_00
10
31.0251546667
20
3.5218993333
0
VERTEX
8
2D_LINE_00
10
30.968488
20
3.474566
0
VERTEX
8
2D_LINE_00
10
30.9111546667
20
3.426566
0
VERTEX
8
2D_LINE_00
10
30.8538213333
20
3.3792326667
0
VERTEX
8
2D_LINE_00
10
30.7958213333
20
3.3318993333
0
VERTEX
8
2D_LINE_00
10
30.738488
20
3.2852326667
0
VERTEX
8
2D_LINE_00
10
30.680488
20
3.2378993333
0
VERTEX
8
2D_LINE_00
10
30.622488
20
3.1912326667
0
VERTEX
8
2D_LINE_00
10
30.5638213333
20
3.1452326667
0
VERTEX
8
2D_LINE_00
10
30.5058213333
20
3.098566
0
VERTEX
8
2D_LINE_00
10
30.4471546667
20
3.052566
0
VERTEX
8
2D_LINE_00
10
30.388488
20
3.006566
0
VERTEX
8
2D_LINE_00
10
30.3291546667
20
2.960566
0
VERTEX
8
2D_LINE_00
10
30.270488
20
2.9152326667
0
VERTEX
8
2D_LINE_00
10
30.2111546667
20
2.8698993333
0
VERTEX
8
2D_LINE_00
10
30.1511546667
20
2.824566
0
VERTEX
8
2D_LINE_00
10
30.0918213333
20
2.7792326667
0
VERTEX
8
2D_LINE_00
10
30.0318213333
20
2.734566
0
VERTEX
8
2D_LINE_00
10
29.9718213333
20
2.6898993333
0
VERTEX
8
2D_LINE_00
10
29.9118213333
20
2.6452326667
0
VERTEX
8
2D_LINE_00
10
29.8518213333
20
2.6012326667
0
VERTEX
8
2D_LINE_00
10
29.7911546667
20
2.556566
0
VERTEX
8
2D_LINE_00
10
29.730488
20
2.5132326667
0
VERTEX
8
2D_LINE_00
10
29.6698213333
20
2.4692326667
0
VERTEX
8
2D_LINE_00
10
29.6091546667
20
2.4258993333
0
VERTEX
8
2D_LINE_00
10
29.5478213333
20
2.382566
0
VERTEX
8
2D_LINE_00
10
29.486488
20
2.3392326667
0
VERTEX
8
2D_LINE_00
10
29.4251546667
20
2.2958993333
0
VERTEX
8
2D_LINE_00
10
29.3638213333
20
2.2532326667
0
VERTEX
8
2D_LINE_00
10
29.3018213333
20
2.210566
0
VERTEX
8
2D_LINE_00
10
29.2398213333
20
2.168566
0
VERTEX
8
2D_LINE_00
10
29.1778213333
20
2.1258993333
0
VERTEX
8
2D_LINE_00
10
29.1158213333
20
2.0838993333
0
VERTEX
8
2D_LINE_00
10
29.0531546667
20
2.0418993333
0
VERTEX
8
2D_LINE_00
10
28.9911546667
20
2.000566
0
VERTEX
8
2D_LINE_00
10
28.928488
20
1.9592326667
0
VERTEX
8
2D_LINE_00
10
28.8658213333
20
1.9178993333
0
VERTEX
8
2D_LINE_00
10
28.802488
20
1.876566
0
VERTEX
8
2D_LINE_00
10
28.7398213333
20
1.8358993333
0
VERTEX
8
2D_LINE_00
10
28.676488
20
1.7952326667
0
VERTEX
8
2D_LINE_00
10
28.6131546667
20
1.754566
0
VERTEX
8
2D_LINE_00
10
28.5491546667
20
1.714566
0
VERTEX
8
2D_LINE_00
10
28.4858213333
20
1.674566
0
VERTEX
8
2D_LINE_00
10
28.4218213333
20
1.634566
0
VERTEX
8
2D_LINE_00
10
28.3578213333
20
1.5952326667
0
VERTEX
8
2D_LINE_00
10
28.2938213333
20
1.5552326667
0
VERTEX
8
2D_LINE_00
10
28.2298213333
20
1.5158993333
0
VERTEX
8
2D_LINE_00
10
28.1651546667
20
1.4772326667
0
VERTEX
8
2D_LINE_00
10
28.100488
20
1.4378993333
0
SEQEND
0
INSERT
2
SMOOTH_0$2
8
2D_LINE_00
10
27.8578213333
20
38.928566
0
INSERT
2
SMOOTH_0$2
8
2D_LINE_00
10
27.9231546667
20
38.890566
0
ENDBLK
0
BLOCK
2
DRAWING_109
8
0
10
0
20
0
3
DRAWING_109
70
64
0
POLYLINE
8
2D_LINE_00
66
1
40
0.2
41
0.2
70
1
0
VERTEX
8
2D_LINE_00
10
-0.115
20
0.24795
0
VERTEX
8
2D_LINE_00
10
-0.115
20
-27.24112
42
1
0
VERTEX
8
2D_LINE_00
10
1.885
20
-27.24112
0
VERTEX
8
2D_LINE_00
10
1.885
20
0.24795
42
1
0
SEQEND
0
INSERT
2
SMOOTH_0$2
8
2D_LINE_00
10
-0.115
20
0.24795
0
INSERT
2
SMOOTH_0$2
8
2D_LINE_00
10
-0.115
20
-27.24112
0
ENDBLK
0
BLOCK
2
DRAWING_139
8
0
10
0
20
0
3
DRAWING_139
70
64
0
ENDBLK
0
BLOCK
2
DRAWING_140
8
0
10
0
20
0
3
DRAWING_140
70
64
0
ENDBLK
0
BLOCK
2
DRAWING_141
8
0
10
0
20
0
3
DRAWING_141
70
64
0
ENDBLK
0
BLOCK
2
DRAWING_142
8
0
10
0
20
0
3
DRAWING_142
70
64
0
POLYLINE
8
2D_LINE_00
66
1
40
0.2
41
0.2
0
VERTEX
8
2D_LINE_00
10
49.3272126667
20
-4.5
42
0.4142135624
0
VERTEX
8
2D_LINE_00
10
45.8272126667
20
-8
0
SEQEND
0
INSERT
2
SMOOTH_0$2
8
2D_LINE_00
10
49.3272126667
20
-4.5
0
INSERT
2
SMOOTH_0$2
8
2D_LINE_00
10
45.8272126667
20
-8
0
POLYLINE
8
2D_LINE_00
66
1
40
0.2
41
0.2
0
VERTEX
8
2D_LINE_00
10
45.8272126667
20
-8
0
VERTEX
8
2D_LINE_00
10
45.8272126667
20
-8.658788
0
SEQEND
0
INSERT
2
SMOOTH_0$2
8
2D_LINE_00
10
45.8272126667
20
-8
0
INSERT
2
SMOOTH_0$2
8
2D_LINE_00
10
45.8272126667
20
-8.658788
0
POLYLINE
8
2D_LINE_00
66
1
40
0.2
41
0.2
0
VERTEX
8
2D_LINE_00
10
43.4714233333
20
-11.5888033333
42
0.3521555903
0
VERTEX
8
2D_LINE_00
10
45.8272126667
20
-8.658788
0
SEQEND
0
INSERT
2
SMOOTH_0$2
8
2D_LINE_00
10
43.4714233333
20
-11.5888033333
0
INSERT
2
SMOOTH_0$2
8
2D_LINE_00
10
45.8272126667
20
-8.658788
0
POLYLINE
8
2D_LINE_00
66
1
40
0.2
41
0.2
0
VERTEX
8
2D_LINE_00
10
37.8453133333
20
-12.2
42
0.0541580641
0
VERTEX
8
2D_LINE_00
10
43.471424
20
-11.5888033333
0
SEQEND
0
INSERT
2
SMOOTH_0$2
8
2D_LINE_00
10
37.8453133333
20
-12.2
0
INSERT
2
SMOOTH_0$2
8
2D_LINE_00
10
43.471424
20
-11.5888033333
0
POLYLINE
8
2D_LINE_00
66
1
40
0.2
41
0.2
0
VERTEX
8
2D_LINE_00
10
11.8453133333
20
-12.2
0
VERTEX
8
2D_LINE_00
10
37.8453133333
20
-12.2
0
SEQEND
0
INSERT
2
SMOOTH_0$2
8
2D_LINE_00
10
11.8453133333
20
-12.2
0
INSERT
2
SMOOTH_0$2
8
2D_LINE_00
10
37.8453133333
20
-12.2
0
POLYLINE
8
2D_LINE_00
66
1
40
0.2
41
0.2
0
VERTEX
8
2D_LINE_00
10
8.436942
20
-11.9773553333
42
0.0327366104
0
VERTEX
8
2D_LINE_00
10
11.8453133333
20
-12.2
0
SEQEND
0
INSERT
2
SMOOTH_0$2
8
2D_LINE_00
10
8.436942
20
-11.9773553333
0
INSERT
2
SMOOTH_0$2
8
2D_LINE_00
10
11.8453133333
20
-12.2
0
POLYLINE
8
2D_LINE_00
66
1
40
0.2
41
0.2
0
VERTEX
8
2D_LINE_00
10
5.8272126667
20
-9.0028493333
42
0.3763733489
0
VERTEX
8
2D_LINE_00
10
8.4369413333
20
-11.9773553333
0
SEQEND
0
INSERT
2
SMOOTH_0$2
8
2D_LINE_00
10
5.8272126667
20
-9.0028493333
0
INSERT
2
SMOOTH_0$2
8
2D_LINE_00
10
8.4369413333
20
-11.9773553333
0
POLYLINE
8
2D_LINE_00
66
1
40
0.2
41
0.2
0
VERTEX
8
2D_LINE_00
10
5.8272126667
20
-9.0028493333
0
VERTEX
8
2D_LINE_00
10
5.8272126667
20
-8
0
SEQEND
0
INSERT
2
SMOOTH_0$2
8
2D_LINE_00
10
5.8272126667
20
-9.0028493333
0
INSERT
2
SMOOTH_0$2
8
2D_LINE_00
10
5.8272126667
20
-8
0
POLYLINE
8
2D_LINE_00
66
1
40
0.2
41
0.2
0
VERTEX
8
2D_LINE_00
10
5.8272126667
20
-8
42
0.4142135624
0
VERTEX
8
2D_LINE_00
10
2.3272126667
20
-4.5
0
SEQEND
0
INSERT
2
SMOOTH_0$2
8
2D_LINE_00
10
5.8272126667
20
-8
0
INSERT
2
SMOOTH_0$2
8
2D_LINE_00
10
2.3272126667
20
-4.5
0
POLYLINE
8
2D_LINE_00
66
1
40
0.2
41
0.2
0
VERTEX
8
2D_LINE_00
10
2.3272126667
20
-4.5
0
VERTEX
8
2D_LINE_00
10
-5.417074
20
-4.5
0
SEQEND
0
INSERT
2
SMOOTH_0$2
8
2D_LINE_00
10
2.3272126667
20
-4.5
0
INSERT
2
SMOOTH_0$2
8
2D_LINE_00
10
-5.417074
20
-4.5
0
POLYLINE
8
2D_LINE_00
66
1
40
0.2
41
0.2
0
VERTEX
8
2D_LINE_00
10
-7.6492786667
20
-3.50431
42
0.2130126499
0
VERTEX
8
2D_LINE_00
10
-5.417074
20
-4.5
0
SEQEND
0
INSERT
2
SMOOTH_0$2
8
2D_LINE_00
10
-7.6492786667
20
-3.50431
0
INSERT
2
SMOOTH_0$2
8
2D_LINE_00
10
-5.417074
20
-4.5
0
POLYLINE
8
2D_LINE_00
66
1
40
0.2
41
0.2
0
VERTEX
8
2D_LINE_00
10
-7.1271
20
32.0689653333
42
0.3913924555
0
VERTEX
8
2D_LINE_00
10
-7.6492786667
20
-3.50431
0
SEQEND
0
INSERT
2
SMOOTH_0$2
8
2D_LINE_00
10
-7.1271
20
32.0689653333
0
INSERT
2
SMOOTH_0$2
8
2D_LINE_00
10
-7.6492786667
20
-3.50431
0
POLYLINE
8
2D_LINE_00
66
1
40
0.2
41
0.2
0
VERTEX
8
2D_LINE_00
10
-4.9546866667
20
33
42
0.2052705203
0
VERTEX
8
2D_LINE_00
10
-7.1271
20
32.0689653333
0
SEQEND
0
INSERT
2
SMOOTH_0$2
8
2D_LINE_00
10
-4.9546866667
20
33
0
INSERT
2
SMOOTH_0$2
8
2D_LINE_00
10
-7.1271
20
32.0689653333
0
POLYLINE
8
2D_LINE_00
66
1
40
0.2
41
0.2
0
VERTEX
8
2D_LINE_00
10
-4.9546866667
20
33
0
VERTEX
8
2D_LINE_00
10
2.3272126667
20
33
0
SEQEND
0
INSERT
2
SMOOTH_0$2
8
2D_LINE_00
10
-4.9546866667
20
33
0
INSERT
2
SMOOTH_0$2
8
2D_LINE_00
10
2.3272126667
20
33
0
POLYLINE
8
2D_LINE_00
66
1
40
0.2
41
0.2
0
VERTEX
8
2D_LINE_00
10
2.3272126667
20
33
42
0.4142135624
0
VERTEX
8
2D_LINE_00
10
5.8272126667
20
36.5
0
SEQEND
0
INSERT
2
SMOOTH_0$2
8
2D_LINE_00
10
2.3272126667
20
33
0
INSERT
2
SMOOTH_0$2
8
2D_LINE_00
10
5.8272126667
20
36.5
0
POLYLINE
8
2D_LINE_00
66
1
40
0.2
41
0.2
0
VERTEX
8
2D_LINE_00
10
5.8272126667
20
36.5
0
VERTEX
8
2D_LINE_00
10
5.8272126667
20
37.0028493333
0
SEQEND
0
INSERT
2
SMOOTH_0$2
8
2D_LINE_00
10
5.8272126667
20
36.5
0
INSERT
2
SMOOTH_0$2
8
2D_LINE_00
10
5.8272126667
20
37.0028493333
0
POLYLINE
8
2D_LINE_00
66
1
40
0.2
41
0.2
0
VERTEX
8
2D_LINE_00
10
8.4369413333
20
39.9773553333
42
0.3763733489
0
VERTEX
8
2D_LINE_00
10
5.8272126667
20
37.0028493333
0
SEQEND
0
INSERT
2
SMOOTH_0$2
8
2D_LINE_00
10
8.4369413333
20
39.9773553333
0
INSERT
2
SMOOTH_0$2
8
2D_LINE_00
10
5.8272126667
20
37.0028493333
0
POLYLINE
8
2D_LINE_00
66
1
40
0.2
41
0.2
0
VERTEX
8
2D_LINE_00
10
11.8453133333
20
40.2
42
0.0327366104
0
VERTEX
8
2D_LINE_00
10
8.436942
20
39.9773553333
0
SEQEND
0
INSERT
2
SMOOTH_0$2
8
2D_LINE_00
10
11.8453133333
20
40.2
0
INSERT
2
SMOOTH_0$2
8
2D_LINE_00
10
8.436942
20
39.9773553333
0
POLYLINE
8
2D_LINE_00
66
1
40
0.2
41
0.2
0
VERTEX
8
2D_LINE_00
10
37.8453133333
20
40.2
0
VERTEX
8
2D_LINE_00
10
11.8453133333
20
40.2
0
SEQEND
0
INSERT
2
SMOOTH_0$2
8
2D_LINE_00
10
37.8453133333
20
40.2
0
INSERT
2
SMOOTH_0$2
8
2D_LINE_00
10
11.8453133333
20
40.2
0
POLYLINE
8
2D_LINE_00
66
1
40
0.2
41
0.2
0
VERTEX
8
2D_LINE_00
10
43.471424
20
39.5888033333
42
0.0541580641
0
VERTEX
8
2D_LINE_00
10
37.8453133333
20
40.2
0
SEQEND
0
INSERT
2
SMOOTH_0$2
8
2D_LINE_00
10
43.471424
20
39.5888033333
0
INSERT
2
SMOOTH_0$2
8
2D_LINE_00
10
37.8453133333
20
40.2
0
POLYLINE
8
2D_LINE_00
66
1
40
0.2
41
0.2
0
VERTEX
8
2D_LINE_00
10
45.8272126667
20
36.658788
42
0.3521555903
0
VERTEX
8
2D_LINE_00
10
43.4714233333
20
39.5888033333
0
SEQEND
0
INSERT
2
SMOOTH_0$2
8
2D_LINE_00
10
45.8272126667
20
36.658788
0
INSERT
2
SMOOTH_0$2
8
2D_LINE_00
10
43.4714233333
20
39.5888033333
0
POLYLINE
8
2D_LINE_00
66
1
40
0.2
41
0.2
0
VERTEX
8
2D_LINE_00
10
45.8272126667
20
36.658788
0
VERTEX
8
2D_LINE_00
10
45.8272126667
20
36
0
SEQEND
0
INSERT
2
SMOOTH_0$2
8
2D_LINE_00
10
45.8272126667
20
36.658788
0
INSERT
2
SMOOTH_0$2
8
2D_LINE_00
10
45.8272126667
20
36
0
POLYLINE
8
2D_LINE_00
66
1
40
0.2
41
0.2
0
VERTEX
8
2D_LINE_00
10
45.8272126667
20
36
42
0.4142135624
0
VERTEX
8
2D_LINE_00
10
49.3272126667
20
32.5
0
SEQEND
0
INSERT
2
SMOOTH_0$2
8
2D_LINE_00
10
45.8272126667
20
36
0
INSERT
2
SMOOTH_0$2
8
2D_LINE_00
10
49.3272126667
20
32.5
0
POLYLINE
8
2D_LINE_00
66
1
40
0.2
41
0.2
0
VERTEX
8
2D_LINE_00
10
49.3272126667
20
32.5
0
VERTEX
8
2D_LINE_00
10
55.1077
20
32.5
0
SEQEND
0
INSERT
2
SMOOTH_0$2
8
2D_LINE_00
10
49.3272126667
20
32.5
0
INSERT
2
SMOOTH_0$2
8
2D_LINE_00
10
55.1077
20
32.5
0
POLYLINE
8
2D_LINE_00
66
1
40
0.2
41
0.2
0
VERTEX
8
2D_LINE_00
10
57.3399046667
20
31.50431
42
0.2130126499
0
VERTEX
8
2D_LINE_00
10
55.1077
20
32.5
0
SEQEND
0
INSERT
2
SMOOTH_0$2
8
2D_LINE_00
10
57.3399046667
20
31.50431
0
INSERT
2
SMOOTH_0$2
8
2D_LINE_00
10
55.1077
20
32.5
0
POLYLINE
8
2D_LINE_00
66
1
40
0.2
41
0.2
0
VERTEX
8
2D_LINE_00
10
57.3399053333
20
-3.50431
42
0.3828631169
0
VERTEX
8
2D_LINE_00
10
57.3399053333
20
31.50431
0
SEQEND
0
INSERT
2
SMOOTH_0$2
8
2D_LINE_00
10
57.3399053333
20
-3.50431
0
INSERT
2
SMOOTH_0$2
8
2D_LINE_00
10
57.3399053333
20
31.50431
0
POLYLINE
8
2D_LINE_00
66
1
40
0.2
41
0.2
0
VERTEX
8
2D_LINE_00
10
55.1077
20
-4.5
42
0.2130126499
0
VERTEX
8
2D_LINE_00
10
57.3399046667
20
-3.50431
0
SEQEND
0
INSERT
2
SMOOTH_0$2
8
2D_LINE_00
10
55.1077
20
-4.5
0
INSERT
2
SMOOTH_0$2
8
2D_LINE_00
10
57.3399046667
20
-3.50431
0
POLYLINE
8
2D_LINE_00
66
1
40
0.2
41
0.2
0
VERTEX
8
2D_LINE_00
10
55.1077
20
-4.5
0
VERTEX
8
2D_LINE_00
10
49.3272126667
20
-4.5
0
SEQEND
0
INSERT
2
SMOOTH_0$2
8
2D_LINE_00
10
55.1077
20
-4.5
0
INSERT
2
SMOOTH_0$2
8
2D_LINE_00
10
49.3272126667
20
-4.5
0
ENDBLK
0
BLOCK
2
DRAWING_143
8
0
10
0
20
0
3
DRAWING_143
70
64
0
ENDBLK
0
BLOCK
2
DRAWING_144
8
0
10
0
20
0
3
DRAWING_144
70
64
0
POLYLINE
8
2D_LINE_00
66
1
40
0.2
41
0.2
0
VERTEX
8
2D_LINE_00
10
-26.1546866667
20
33
42
0.4142135624
0
VERTEX
8
2D_LINE_00
10
-27.1546866667
20
32
0
SEQEND
0
INSERT
2
SMOOTH_0$2
8
2D_LINE_00
10
-26.1546866667
20
33
0
INSERT
2
SMOOTH_0$2
8
2D_LINE_00
10
-27.1546866667
20
32
0
POLYLINE
8
2D_LINE_00
66
1
40
0.2
41
0.2
0
VERTEX
8
2D_LINE_00
10
-27.1546866667
20
11
0
VERTEX
8
2D_LINE_00
10
-27.1546866667
20
32
0
SEQEND
0
INSERT
2
SMOOTH_0$2
8
2D_LINE_00
10
-27.1546866667
20
11
0
INSERT
2
SMOOTH_0$2
8
2D_LINE_00
10
-27.1546866667
20
32
0
POLYLINE
8
2D_LINE_00
66
1
40
0.2
41
0.2
0
VERTEX
8
2D_LINE_00
10
-27.1546866667
20
11
42
0.4142135624
0
VERTEX
8
2D_LINE_00
10
-26.1546866667
20
10
0
SEQEND
0
INSERT
2
SMOOTH_0$2
8
2D_LINE_00
10
-27.1546866667
20
11
0
INSERT
2
SMOOTH_0$2
8
2D_LINE_00
10
-26.1546866667
20
10
0
POLYLINE
8
2D_LINE_00
66
1
40
0.2
41
0.2
0
VERTEX
8
2D_LINE_00
10
-0.1962886667
20
10
0
VERTEX
8
2D_LINE_00
10
-26.1546866667
20
10
0
SEQEND
0
INSERT
2
SMOOTH_0$2
8
2D_LINE_00
10
-0.1962886667
20
10
0
INSERT
2
SMOOTH_0$2
8
2D_LINE_00
10
-26.1546866667
20
10
0
POLYLINE
8
2D_LINE_00
66
1
40
0.2
41
0.2
0
VERTEX
8
2D_LINE_00
10
-0.1962886667
20
10
0
VERTEX
8
2D_LINE_00
10
-0.1962886667
20
5.8999993333
0
SEQEND
0
INSERT
2
SMOOTH_0$2
8
2D_LINE_00
10
-0.1962886667
20
10
0
INSERT
2
SMOOTH_0$2
8
2D_LINE_00
10
-0.1962886667
20
5.8999993333
0
POLYLINE
8
2D_LINE_00
66
1
40
0.2
41
0.2
0
VERTEX
8
2D_LINE_00
10
-0.1962886667
20
5.8999993333
0
VERTEX
8
2D_LINE_00
10
14.0222426667
20
5.8999993333
0
SEQEND
0
INSERT
2
SMOOTH_0$2
8
2D_LINE_00
10
-0.1962886667
20
5.8999993333
0
INSERT
2
SMOOTH_0$2
8
2D_LINE_00
10
14.0222426667
20
5.8999993333
0
POLYLINE
8
2D_LINE_00
66
1
40
0.2
41
0.2
0
VERTEX
8
2D_LINE_00
10
14.0222426667
20
0.4704673333
0
VERTEX
8
2D_LINE_00
10
14.0222426667
20
5.8999993333
0
SEQEND
0
INSERT
2
SMOOTH_0$2
8
2D_LINE_00
10
14.0222426667
20
0.4704673333
0
INSERT
2
SMOOTH_0$2
8
2D_LINE_00
10
14.0222426667
20
5.8999993333
0
POLYLINE
8
2D_LINE_00
66
1
40
0.2
41
0.2
0
VERTEX
8
2D_LINE_00
10
14.0222426667
20
0.4704673333
42
0.0703652912
0
VERTEX
8
2D_LINE_00
10
13.8542093333
20
-0.2789873333
0
SEQEND
0
INSERT
2
SMOOTH_0$2
8
2D_LINE_00
10
14.0222426667
20
0.4704673333
0
INSERT
2
SMOOTH_0$2
8
2D_LINE_00
10
13.8542093333
20
-0.2789873333
0
POLYLINE
8
2D_LINE_00
66
1
40
0.2
41
0.2
0
VERTEX
8
2D_LINE_00
10
-26.6599526667
20
-0.1732586667
42
0.3969378206
0
VERTEX
8
2D_LINE_00
10
-29.6546866667
20
2.6490733333
0
SEQEND
0
INSERT
2
SMOOTH_0$2
8
2D_LINE_00
10
-26.6599526667
20
-0.1732586667
0
INSERT
2
SMOOTH_0$2
8
2D_LINE_00
10
-29.6546866667
20
2.6490733333
0
POLYLINE
8
2D_LINE_00
66
1
40
0.2
41
0.2
0
VERTEX
8
2D_LINE_00
10
-45.0179406667
20
10.9665353333
42
0.0747515929
0
VERTEX
8
2D_LINE_00
10
-40.6745413333
20
3.405658
0
SEQEND
0
INSERT
2
SMOOTH_0$2
8
2D_LINE_00
10
-45.0179406667
20
10.9665353333
0
INSERT
2
SMOOTH_0$2
8
2D_LINE_00
10
-40.6745413333
20
3.405658
0
POLYLINE
8
2D_LINE_00
66
1
40
0.2
41
0.2
0
VERTEX
8
2D_LINE_00
10
-21.7078766667
20
48.0864186667
0
VERTEX
8
2D_LINE_00
10
-21.7198766667
20
48.0863186667
0
VERTEX
8
2D_LINE_00
10
-21.7318766667
20
48.0863186667
0
VERTEX
8
2D_LINE_00
10
-21.7438766667
20
48.0862186667
0
VERTEX
8
2D_LINE_00
10
-21.7559766667
20
48.0862186667
0
VERTEX
8
2D_LINE_00
10
-21.7679766667
20
48.0862186667
0
VERTEX
8
2D_LINE_00
10
-21.7799766667
20
48.0861186667
0
VERTEX
8
2D_LINE_00
10
-21.7919766667
20
48.0861186667
0
VERTEX
8
2D_LINE_00
10
-21.8039766667
20
48.0860186667
0
VERTEX
8
2D_LINE_00
10
-21.8159766667
20
48.0860186667
0
VERTEX
8
2D_LINE_00
10
-21.8279766667
20
48.0859186667
0
VERTEX
8
2D_LINE_00
10
-21.8399766667
20
48.0859186667
0
VERTEX
8
2D_LINE_00
10
-21.8519766667
20
48.0858186667
0
VERTEX
8
2D_LINE_00
10
-21.8639766667
20
48.0858186667
0
VERTEX
8
2D_LINE_00
10
-21.8759766667
20
48.0857186667
0
VERTEX
8
2D_LINE_00
10
-21.8879766667
20
48.0857186667
0
VERTEX
8
2D_LINE_00
10
-21.8999766667
20
48.0856186667
0
VERTEX
8
2D_LINE_00
10
-21.9119766667
20
48.0855186667
0
VERTEX
8
2D_LINE_00
10
-21.9239766667
20
48.0855186667
0
VERTEX
8
2D_LINE_00
10
-21.9359766667
20
48.0854186667
0
VERTEX
8
2D_LINE_00
10
-21.9479766667
20
48.0853186667
0
VERTEX
8
2D_LINE_00
10
-21.9599766667
20
48.0853186667
0
VERTEX
8
2D_LINE_00
10
-21.9719766667
20
48.0852186667
0
VERTEX
8
2D_LINE_00
10
-21.9840766667
20
48.0851186667
0
VERTEX
8
2D_LINE_00
10
-21.9960766667
20
48.0850186667
0
VERTEX
8
2D_LINE_00
10
-22.0080766667
20
48.0849186667
0
VERTEX
8
2D_LINE_00
10
-22.0200766667
20
48.0848186667
0
VERTEX
8
2D_LINE_00
10
-22.0320766667
20
48.0847186667
0
VERTEX
8
2D_LINE_00
10
-22.0440766667
20
48.0846186667
0
VERTEX
8
2D_LINE_00
10
-22.0560766667
20
48.0845186667
0
VERTEX
8
2D_LINE_00
10
-22.0680766667
20
48.0844186667
0
VERTEX
8
2D_LINE_00
10
-22.0800766667
20
48.0843186667
0
VERTEX
8
2D_LINE_00
10
-22.0920766667
20
48.0841186667
0
VERTEX
8
2D_LINE_00
10
-22.1040766667
20
48.0840186667
0
VERTEX
8
2D_LINE_00
10
-22.1160766667
20
48.0839186667
0
VERTEX
8
2D_LINE_00
10
-22.1280766667
20
48.0837186667
0
VERTEX
8
2D_LINE_00
10
-22.1400766667
20
48.0836186667
0
VERTEX
8
2D_LINE_00
10
-22.1520766667
20
48.0834186667
0
VERTEX
8
2D_LINE_00
10
-22.1640766667
20
48.0832186667
0
VERTEX
8
2D_LINE_00
10
-22.1760766667
20
48.0831186667
0
VERTEX
8
2D_LINE_00
10
-22.1880766667
20
48.0829186667
0
VERTEX
8
2D_LINE_00
10
-22.2000766667
20
48.0827186667
0
VERTEX
8
2D_LINE_00
10
-22.2120766667
20
48.0825186667
0
VERTEX
8
2D_LINE_00
10
-22.2240766667
20
48.0823186667
0
VERTEX
8
2D_LINE_00
10
-22.2361766667
20
48.0821186667
0
VERTEX
8
2D_LINE_00
10
-22.2481766667
20
48.0819186667
0
VERTEX
8
2D_LINE_00
10
-22.2601766667
20
48.0817186667
0
VERTEX
8
2D_LINE_00
10
-22.2721766667
20
48.0814186667
0
VERTEX
8
2D_LINE_00
10
-22.2841766667
20
48.0812186667
0
VERTEX
8
2D_LINE_00
10
-22.2961766667
20
48.0809186667
0
VERTEX
8
2D_LINE_00
10
-22.3081766667
20
48.0807186667
0
VERTEX
8
2D_LINE_00
10
-22.3201766667
20
48.0804186667
0
VERTEX
8
2D_LINE_00
10
-22.3321766667
20
48.0801186667
0
VERTEX
8
2D_LINE_00
10
-22.3441766667
20
48.0798186667
0
VERTEX
8
2D_LINE_00
10
-22.3561766667
20
48.0795186667
0
VERTEX
8
2D_LINE_00
10
-22.3681766667
20
48.0792186667
0
VERTEX
8
2D_LINE_00
10
-22.3801766667
20
48.0788186667
0
VERTEX
8
2D_LINE_00
10
-22.3921766667
20
48.0785186667
0
VERTEX
8
2D_LINE_00
10
-22.4041766667
20
48.0782186667
0
VERTEX
8
2D_LINE_00
10
-22.4161766667
20
48.0778186667
0
VERTEX
8
2D_LINE_00
10
-22.4281766667
20
48.0774186667
0
VERTEX
8
2D_LINE_00
10
-22.4401766667
20
48.0770186667
0
VERTEX
8
2D_LINE_00
10
-22.4521766667
20
48.0766186667
0
VERTEX
8
2D_LINE_00
10
-22.4641766667
20
48.0762186667
0
VERTEX
8
2D_LINE_00
10
-22.4761766667
20
48.0758186667
0
VERTEX
8
2D_LINE_00
10
-22.4881766667
20
48.0753186667
0
VERTEX
8
2D_LINE_00
10
-22.5001766667
20
48.0748186667
0
VERTEX
8
2D_LINE_00
10
-22.5121766667
20
48.0744186667
0
VERTEX
8
2D_LINE_00
10
-22.5241766667
20
48.0739186667
0
VERTEX
8
2D_LINE_00
10
-22.5361766667
20
48.0734186667
0
VERTEX
8
2D_LINE_00
10
-22.5481766667
20
48.0728186667
0
VERTEX
8
2D_LINE_00
10
-22.5601766667
20
48.0723186667
0
VERTEX
8
2D_LINE_00
10
-22.5720766667
20
48.0718186667
0
VERTEX
8
2D_LINE_00
10
-22.5840766667
20
48.0712186667
0
VERTEX
8
2D_LINE_00
10
-22.5960766667
20
48.0706186667
0
VERTEX
8
2D_LINE_00
10
-22.6080766667
20
48.0700186667
0
VERTEX
8
2D_LINE_00
10
-22.6200766667
20
48.0694186667
0
VERTEX
8
2D_LINE_00
10
-22.6320766667
20
48.0687186667
0
VERTEX
8
2D_LINE_00
10
-22.6440766667
20
48.0681186667
0
VERTEX
8
2D_LINE_00
10
-22.6560766667
20
48.0674186667
0
VERTEX
8
2D_LINE_00
10
-22.6680766667
20
48.0667186667
0
VERTEX
8
2D_LINE_00
10
-22.6799766667
20
48.0660186667
0
VERTEX
8
2D_LINE_00
10
-22.6919766667
20
48.0653186667
0
VERTEX
8
2D_LINE_00
10
-22.7039766667
20
48.0646186667
0
VERTEX
8
2D_LINE_00
10
-22.7159766667
20
48.0638186667
0
VERTEX
8
2D_LINE_00
10
-22.7279766667
20
48.0630186667
0
VERTEX
8
2D_LINE_00
10
-22.7399766667
20
48.0623186667
0
VERTEX
8
2D_LINE_00
10
-22.7518766667
20
48.0614186667
0
VERTEX
8
2D_LINE_00
10
-22.7638766667
20
48.0606186667
0
VERTEX
8
2D_LINE_00
10
-22.7758766667
20
48.0598186667
0
VERTEX
8
2D_LINE_00
10
-22.7878766667
20
48.0589186667
0
VERTEX
8
2D_LINE_00
10
-22.7997766667
20
48.0580186667
0
VERTEX
8
2D_LINE_00
10
-22.8117766667
20
48.0571186667
0
VERTEX
8
2D_LINE_00
10
-22.8237766667
20
48.0562186667
0
VERTEX
8
2D_LINE_00
10
-22.8357766667
20
48.0553186667
0
VERTEX
8
2D_LINE_00
10
-22.8476766667
20
48.0543186667
0
VERTEX
8
2D_LINE_00
10
-22.8596766667
20
48.0533186667
0
VERTEX
8
2D_LINE_00
10
-22.8716766667
20
48.0523186667
0
VERTEX
8
2D_LINE_00
10
-22.8835766667
20
48.0513186667
0
VERTEX
8
2D_LINE_00
10
-22.8955766667
20
48.0503186667
0
VERTEX
8
2D_LINE_00
10
-22.9074766667
20
48.0492186667
0
VERTEX
8
2D_LINE_00
10
-22.9194766667
20
48.0482186667
0
VERTEX
8
2D_LINE_00
10
-22.9314766667
20
48.0471186667
0
VERTEX
8
2D_LINE_00
10
-22.9433766667
20
48.0459186667
0
VERTEX
8
2D_LINE_00
10
-22.9553766667
20
48.0448186667
0
VERTEX
8
2D_LINE_00
10
-22.9672766667
20
48.0437186667
0
VERTEX
8
2D_LINE_00
10
-22.9792766667
20
48.0425186667
0
VERTEX
8
2D_LINE_00
10
-22.9911766667
20
48.0413186667
0
VERTEX
8
2D_LINE_00
10
-23.0031766667
20
48.0401186667
0
VERTEX
8
2D_LINE_00
10
-23.0150766667
20
48.0388186667
0
VERTEX
8
2D_LINE_00
10
-23.0269766667
20
48.0376186667
0
VERTEX
8
2D_LINE_00
10
-23.0389766667
20
48.0363186667
0
VERTEX
8
2D_LINE_00
10
-23.0508766667
20
48.0350186667
0
VERTEX
8
2D_LINE_00
10
-23.0628766667
20
48.0337186667
0
VERTEX
8
2D_LINE_00
10
-23.0747766667
20
48.0323186667
0
VERTEX
8
2D_LINE_00
10
-23.0866766667
20
48.0310186667
0
VERTEX
8
2D_LINE_00
10
-23.0985766667
20
48.0296186667
0
VERTEX
8
2D_LINE_00
10
-23.1105766667
20
48.0282186667
0
VERTEX
8
2D_LINE_00
10
-23.1224766667
20
48.0267186667
0
VERTEX
8
2D_LINE_00
10
-23.1343766667
20
48.0253186667
0
VERTEX
8
2D_LINE_00
10
-23.1462766667
20
48.0238186667
0
VERTEX
8
2D_LINE_00
10
-23.1581766667
20
48.0223186667
0
VERTEX
8
2D_LINE_00
10
-23.1700766667
20
48.0208186667
0
VERTEX
8
2D_LINE_00
10
-23.1820766667
20
48.0192186667
0
VERTEX
8
2D_LINE_00
10
-23.1939766667
20
48.0177186667
0
VERTEX
8
2D_LINE_00
10
-23.2058766667
20
48.0161186667
0
VERTEX
8
2D_LINE_00
10
-23.2177766667
20
48.0145186667
0
VERTEX
8
2D_LINE_00
10
-23.2296766667
20
48.0129186667
0
VERTEX
8
2D_LINE_00
10
-23.2414766667
20
48.0112186667
0
VERTEX
8
2D_LINE_00
10
-23.2533766667
20
48.0095186667
0
VERTEX
8
2D_LINE_00
10
-23.2652766667
20
48.0078186667
0
VERTEX
8
2D_LINE_00
10
-23.2771766667
20
48.0061186667
0
VERTEX
8
2D_LINE_00
10
-23.2890766667
20
48.0044186667
0
VERTEX
8
2D_LINE_00
10
-23.3009766667
20
48.0026186667
0
VERTEX
8
2D_LINE_00
10
-23.3127766667
20
48.0008186667
0
VERTEX
8
2D_LINE_00
10
-23.3246766667
20
47.9990186667
0
VERTEX
8
2D_LINE_00
10
-23.3365766667
20
47.9971186667
0
VERTEX
8
2D_LINE_00
10
-23.3483766667
20
47.9953186667
0
VERTEX
8
2D_LINE_00
10
-23.3602766667
20
47.9934186667
0
VERTEX
8
2D_LINE_00
10
-23.3720766667
20
47.9915186667
0
VERTEX
8
2D_LINE_00
10
-23.3839766667
20
47.9895186667
0
VERTEX
8
2D_LINE_00
10
-23.3957766667
20
47.9876186667
0
VERTEX
8
2D_LINE_00
10
-23.4076766667
20
47.9856186667
0
VERTEX
8
2D_LINE_00
10
-23.4194766667
20
47.9836186667
0
VERTEX
8
2D_LINE_00
10
-23.4312766667
20
47.9815186667
0
VERTEX
8
2D_LINE_00
10
-23.4431766667
20
47.9795186667
0
VERTEX
8
2D_LINE_00
10
-23.4549766667
20
47.9774186667
0
VERTEX
8
2D_LINE_00
10
-23.4667766667
20
47.9753186667
0
VERTEX
8
2D_LINE_00
10
-23.4785766667
20
47.9731186667
0
VERTEX
8
2D_LINE_00
10
-23.4903766667
20
47.9710186667
0
VERTEX
8
2D_LINE_00
10
-23.5022766667
20
47.9688186667
0
VERTEX
8
2D_LINE_00
10
-23.5140766667
20
47.9666186667
0
VERTEX
8
2D_LINE_00
10
-23.5257766667
20
47.9643186667
0
VERTEX
8
2D_LINE_00
10
-23.5375766667
20
47.9620186667
0
VERTEX
8
2D_LINE_00
10
-23.5493766667
20
47.9597186667
0
VERTEX
8
2D_LINE_00
10
-23.5611766667
20
47.9574186667
0
VERTEX
8
2D_LINE_00
10
-23.5729766667
20
47.9551186667
0
VERTEX
8
2D_LINE_00
10
-23.5847766667
20
47.9527186667
0
VERTEX
8
2D_LINE_00
10
-23.5964766667
20
47.9503186667
0
VERTEX
8
2D_LINE_00
10
-23.6082766667
20
47.9478186667
0
VERTEX
8
2D_LINE_00
10
-23.6199766667
20
47.9454186667
0
VERTEX
8
2D_LINE_00
10
-23.6317766667
20
47.9429186667
0
VERTEX
8
2D_LINE_00
10
-23.6434766667
20
47.9404186667
0
VERTEX
8
2D_LINE_00
10
-23.6552766667
20
47.9378186667
0
VERTEX
8
2D_LINE_00
10
-23.6669766667
20
47.9352186667
0
VERTEX
8
2D_LINE_00
10
-23.6786766667
20
47.9326186667
0
VERTEX
8
2D_LINE_00
10
-23.6903766667
20
47.9300186667
0
VERTEX
8
2D_LINE_00
10
-23.7020766667
20
47.9273186667
0
VERTEX
8
2D_LINE_00
10
-23.7138766667
20
47.9247186667
0
VERTEX
8
2D_LINE_00
10
-23.7255766667
20
47.9219186667
0
VERTEX
8
2D_LINE_00
10
-23.7371766667
20
47.9192186667
0
VERTEX
8
2D_LINE_00
10
-23.7488766667
20
47.9164186667
0
VERTEX
8
2D_LINE_00
10
-23.7605766667
20
47.9136186667
0
VERTEX
8
2D_LINE_00
10
-23.7722766667
20
47.9108186667
0
VERTEX
8
2D_LINE_00
10
-23.7839766667
20
47.9079186667
0
VERTEX
8
2D_LINE_00
10
-23.7955766667
20
47.9050186667
0
VERTEX
8
2D_LINE_00
10
-23.8072766667
20
47.9021186667
0
VERTEX
8
2D_LINE_00
10
-23.8188766667
20
47.8991186667
0
VERTEX
8
2D_LINE_00
10
-23.8304766667
20
47.8962186667
0
VERTEX
8
2D_LINE_00
10
-23.8421766667
20
47.8932186667
0
VERTEX
8
2D_LINE_00
10
-23.8537766667
20
47.8901186667
0
VERTEX
8
2D_LINE_00
10
-23.8653766667
20
47.8870186667
0
VERTEX
8
2D_LINE_00
10
-23.8769766667
20
47.8839186667
0
VERTEX
8
2D_LINE_00
10
-23.8885766667
20
47.8808186667
0
VERTEX
8
2D_LINE_00
10
-23.9001766667
20
47.8776186667
0
VERTEX
8
2D_LINE_00
10
-23.9117766667
20
47.8745186667
0
VERTEX
8
2D_LINE_00
10
-23.9232766667
20
47.8712186667
0
VERTEX
8
2D_LINE_00
10
-23.9348766667
20
47.8680186667
0
VERTEX
8
2D_LINE_00
10
-23.9464766667
20
47.8647186667
0
VERTEX
8
2D_LINE_00
10
-23.9579766667
20
47.8614186667
0
VERTEX
8
2D_LINE_00
10
-23.9694766667
20
47.8580186667
0
VERTEX
8
2D_LINE_00
10
-23.9810766667
20
47.8547186667
0
VERTEX
8
2D_LINE_00
10
-23.9925766667
20
47.8512186667
0
VERTEX
8
2D_LINE_00
10
-24.0040766667
20
47.8478186667
0
VERTEX
8
2D_LINE_00
10
-24.0155766667
20
47.8443186667
0
VERTEX
8
2D_LINE_00
10
-24.0270766667
20
47.8408186667
0
VERTEX
8
2D_LINE_00
10
-24.0385766667
20
47.8373186667
0
VERTEX
8
2D_LINE_00
10
-24.0499766667
20
47.8337186667
0
VERTEX
8
2D_LINE_00
10
-24.0614766667
20
47.8301186667
0
VERTEX
8
2D_LINE_00
10
-24.0728766667
20
47.8265186667
0
VERTEX
8
2D_LINE_00
10
-24.0843766667
20
47.8228186667
0
VERTEX
8
2D_LINE_00
10
-24.0957766667
20
47.8191186667
0
VERTEX
8
2D_LINE_00
10
-24.1071766667
20
47.8154186667
0
VERTEX
8
2D_LINE_00
10
-24.1185766667
20
47.8117186667
0
VERTEX
8
2D_LINE_00
10
-24.1299766667
20
47.8079186667
0
VERTEX
8
2D_LINE_00
10
-24.1413766667
20
47.8040186667
0
VERTEX
8
2D_LINE_00
10
-24.1527766667
20
47.8002186667
0
VERTEX
8
2D_LINE_00
10
-24.1641766667
20
47.7963186667
0
VERTEX
8
2D_LINE_00
10
-24.1754766667
20
47.7924186667
0
VERTEX
8
2D_LINE_00
10
-24.1868766667
20
47.7884186667
0
VERTEX
8
2D_LINE_00
10
-24.1981766667
20
47.7844186667
0
VERTEX
8
2D_LINE_00
10
-24.2094766667
20
47.7804186667
0
VERTEX
8
2D_LINE_00
10
-24.2207766667
20
47.7763186667
0
VERTEX
8
2D_LINE_00
10
-24.2320766667
20
47.7723186667
0
VERTEX
8
2D_LINE_00
10
-24.2433766667
20
47.7681186667
0
VERTEX
8
2D_LINE_00
10
-24.2546766667
20
47.7640186667
0
VERTEX
8
2D_LINE_00
10
-24.2659766667
20
47.7598186667
0
VERTEX
8
2D_LINE_00
10
-24.2771766667
20
47.7556186667
0
VERTEX
8
2D_LINE_00
10
-24.2883766667
20
47.7513186667
0
VERTEX
8
2D_LINE_00
10
-24.2996766667
20
47.7470186667
0
VERTEX
8
2D_LINE_00
10
-24.3108766667
20
47.7427186667
0
VERTEX
8
2D_LINE_00
10
-24.3220766667
20
47.7383186667
0
VERTEX
8
2D_LINE_00
10
-24.3331766667
20
47.7339186667
0
VERTEX
8
2D_LINE_00
10
-24.3443766667
20
47.7295186667
0
VERTEX
8
2D_LINE_00
10
-24.3555766667
20
47.7250186667
0
VERTEX
8
2D_LINE_00
10
-24.3666766667
20
47.7205186667
0
VERTEX
8
2D_LINE_00
10
-24.3777766667
20
47.7160186667
0
VERTEX
8
2D_LINE_00
10
-24.3888766667
20
47.7114186667
0
VERTEX
8
2D_LINE_00
10
-24.3999766667
20
47.7068186667
0
VERTEX
8
2D_LINE_00
10
-24.4110766667
20
47.7022186667
0
VERTEX
8
2D_LINE_00
10
-24.4221766667
20
47.6975186667
0
VERTEX
8
2D_LINE_00
10
-24.4331766667
20
47.6928186667
0
VERTEX
8
2D_LINE_00
10
-24.4442766667
20
47.6881186667
0
VERTEX
8
2D_LINE_00
10
-24.4552766667
20
47.6833186667
0
VERTEX
8
2D_LINE_00
10
-24.4662766667
20
47.6785186667
0
VERTEX
8
2D_LINE_00
10
-24.4772766667
20
47.6736186667
0
VERTEX
8
2D_LINE_00
10
-24.4882766667
20
47.6687186667
0
VERTEX
8
2D_LINE_00
10
-24.4991766667
20
47.6638186667
0
VERTEX
8
2D_LINE_00
10
-24.5101766667
20
47.6589186667
0
VERTEX
8
2D_LINE_00
10
-24.5210766667
20
47.6539186667
0
VERTEX
8
2D_LINE_00
10
-24.5319766667
20
47.6488186667
0
VERTEX
8
2D_LINE_00
10
-24.5428766667
20
47.6438186667
0
VERTEX
8
2D_LINE_00
10
-24.5537766667
20
47.6387186667
0
VERTEX
8
2D_LINE_00
10
-24.5645766667
20
47.6335186667
0
VERTEX
8
2D_LINE_00
10
-24.5754766667
20
47.6283186667
0
VERTEX
8
2D_LINE_00
10
-24.5862766667
20
47.6231186667
0
VERTEX
8
2D_LINE_00
10
-24.5970766667
20
47.6179186667
0
VERTEX
8
2D_LINE_00
10
-24.6078766667
20
47.6126186667
0
VERTEX
8
2D_LINE_00
10
-24.6185766667
20
47.6073186667
0
VERTEX
8
2D_LINE_00
10
-24.6293766667
20
47.6019186667
0
VERTEX
8
2D_LINE_00
10
-24.6400766667
20
47.5965186667
0
VERTEX
8
2D_LINE_00
10
-24.6507766667
20
47.5911186667
0
VERTEX
8
2D_LINE_00
10
-24.6614766667
20
47.5856186667
0
VERTEX
8
2D_LINE_00
10
-24.6721766667
20
47.5801186667
0
VERTEX
8
2D_LINE_00
10
-24.6828766667
20
47.5745186667
0
VERTEX
8
2D_LINE_00
10
-24.6934766667
20
47.5690186667
0
VERTEX
8
2D_LINE_00
10
-24.7040766667
20
47.5633186667
0
VERTEX
8
2D_LINE_00
10
-24.7146766667
20
47.5577186667
0
VERTEX
8
2D_LINE_00
10
-24.7252766667
20
47.5520186667
0
VERTEX
8
2D_LINE_00
10
-24.7358766667
20
47.5462186667
0
VERTEX
8
2D_LINE_00
10
-24.7463766667
20
47.5405186667
0
VERTEX
8
2D_LINE_00
10
-24.7568766667
20
47.5347186667
0
VERTEX
8
2D_LINE_00
10
-24.7673766667
20
47.5288186667
0
VERTEX
8
2D_LINE_00
10
-24.7778766667
20
47.5229186667
0
VERTEX
8
2D_LINE_00
10
-24.7883766667
20
47.5170186667
0
VERTEX
8
2D_LINE_00
10
-24.7987766667
20
47.5111186667
0
VERTEX
8
2D_LINE_00
10
-24.8091766667
20
47.5051186667
0
VERTEX
8
2D_LINE_00
10
-24.8195766667
20
47.4990186667
0
VERTEX
8
2D_LINE_00
10
-24.8299766667
20
47.4930186667
0
VERTEX
8
2D_LINE_00
10
-24.8402766667
20
47.4869186667
0
VERTEX
8
2D_LINE_00
10
-24.8505766667
20
47.4807186667
0
VERTEX
8
2D_LINE_00
10
-24.8608766667
20
47.4745186667
0
VERTEX
8
2D_LINE_00
10
-24.8711766667
20
47.4683186667
0
VERTEX
8
2D_LINE_00
10
-24.8814766667
20
47.4621186667
0
VERTEX
8
2D_LINE_00
10
-24.8916766667
20
47.4558186667
0
VERTEX
8
2D_LINE_00
10
-24.9018766667
20
47.4494186667
0
VERTEX
8
2D_LINE_00
10
-24.9120766667
20
47.4431186667
0
VERTEX
8
2D_LINE_00
10
-24.9222766667
20
47.4367186667
0
VERTEX
8
2D_LINE_00
10
-24.9323766667
20
47.4302186667
0
VERTEX
8
2D_LINE_00
10
-24.9424766667
20
47.4237186667
0
VERTEX
8
2D_LINE_00
10
-24.9525766667
20
47.4172186667
0
VERTEX
8
2D_LINE_00
10
-24.9626766667
20
47.4106186667
0
VERTEX
8
2D_LINE_00
10
-24.9726766667
20
47.4040186667
0
VERTEX
8
2D_LINE_00
10
-24.9826766667
20
47.3974186667
0
VERTEX
8
2D_LINE_00
10
-24.9926766667
20
47.3907186667
0
VERTEX
8
2D_LINE_00
10
-25.0026766667
20
47.3840186667
0
VERTEX
8
2D_LINE_00
10
-25.0125766667
20
47.3773186667
0
VERTEX
8
2D_LINE_00
10
-25.0225766667
20
47.3705186667
0
VERTEX
8
2D_LINE_00
10
-25.0323766667
20
47.3636186667
0
VERTEX
8
2D_LINE_00
10
-25.0422766667
20
47.3568186667
0
VERTEX
8
2D_LINE_00
10
-25.0520766667
20
47.3499186667
0
VERTEX
8
2D_LINE_00
10
-25.0619766667
20
47.3429186667
0
VERTEX
8
2D_LINE_00
10
-25.0716766667
20
47.3360186667
0
VERTEX
8
2D_LINE_00
10
-25.0814766667
20
47.3289186667
0
VERTEX
8
2D_LINE_00
10
-25.0911766667
20
47.3219186667
0
VERTEX
8
2D_LINE_00
10
-25.1008766667
20
47.3148186667
0
VERTEX
8
2D_LINE_00
10
-25.1105766667
20
47.3077186667
0
VERTEX
8
2D_LINE_00
10
-25.1201766667
20
47.3005186667
0
VERTEX
8
2D_LINE_00
10
-25.1298766667
20
47.2933186667
0
VERTEX
8
2D_LINE_00
10
-25.1393766667
20
47.2860186667
0
VERTEX
8
2D_LINE_00
10
-25.1489766667
20
47.2788186667
0
VERTEX
8
2D_LINE_00
10
-25.1584766667
20
47.2714186667
0
VERTEX
8
2D_LINE_00
10
-25.1679766667
20
47.2641186667
0
VERTEX
8
2D_LINE_00
10
-25.1774766667
20
47.2567186667
0
VERTEX
8
2D_LINE_00
10
-25.1869766667
20
47.2493186667
0
VERTEX
8
2D_LINE_00
10
-25.1963766667
20
47.2418186667
0
VERTEX
8
2D_LINE_00
10
-25.2057766667
20
47.2343186667
0
VERTEX
8
2D_LINE_00
10
-25.2150766667
20
47.2268186667
0
VERTEX
8
2D_LINE_00
10
-25.2243766667
20
47.2192186667
0
VERTEX
8
2D_LINE_00
10
-25.2336766667
20
47.2116186667
0
VERTEX
8
2D_LINE_00
10
-25.2429766667
20
47.2039186667
0
VERTEX
8
2D_LINE_00
10
-25.2521766667
20
47.1962186667
0
VERTEX
8
2D_LINE_00
10
-25.2613766667
20
47.1885186667
0
VERTEX
8
2D_LINE_00
10
-25.2705766667
20
47.1807186667
0
VERTEX
8
2D_LINE_00
10
-25.2796766667
20
47.1729186667
0
VERTEX
8
2D_LINE_00
10
-25.2887766667
20
47.1651186667
0
VERTEX
8
2D_LINE_00
10
-25.2978766667
20
47.1572186667
0
VERTEX
8
2D_LINE_00
10
-25.3069766667
20
47.1493186667
0
VERTEX
8
2D_LINE_00
10
-25.3159766667
20
47.1413186667
0
VERTEX
8
2D_LINE_00
10
-25.3248766667
20
47.1334186667
0
VERTEX
8
2D_LINE_00
10
-25.3338766667
20
47.1253186667
0
VERTEX
8
2D_LINE_00
10
-25.3427766667
20
47.1173186667
0
VERTEX
8
2D_LINE_00
10
-25.3516766667
20
47.1092186667
0
VERTEX
8
2D_LINE_00
10
-25.3604766667
20
47.1010186667
0
VERTEX
8
2D_LINE_00
10
-25.3692766667
20
47.0929186667
0
VERTEX
8
2D_LINE_00
10
-25.3780766667
20
47.0847186667
0
VERTEX
8
2D_LINE_00
10
-25.3868766667
20
47.0764186667
0
VERTEX
8
2D_LINE_00
10
-25.3955766667
20
47.0682186667
0
VERTEX
8
2D_LINE_00
10
-25.4041766667
20
47.0598186667
0
VERTEX
8
2D_LINE_00
10
-25.4128766667
20
47.0515186667
0
VERTEX
8
2D_LINE_00
10
-25.4214766667
20
47.0431186667
0
VERTEX
8
2D_LINE_00
10
-25.4300766667
20
47.0347186667
0
VERTEX
8
2D_LINE_00
10
-25.4385766667
20
47.0263186667
0
VERTEX
8
2D_LINE_00
10
-25.4470766667
20
47.0178186667
0
VERTEX
8
2D_LINE_00
10
-25.4555766667
20
47.0092186667
0
VERTEX
8
2D_LINE_00
10
-25.4639766667
20
47.0007186667
0
VERTEX
8
2D_LINE_00
10
-25.4723766667
20
46.9921186667
0
VERTEX
8
2D_LINE_00
10
-25.4807766667
20
46.9835186667
0
VERTEX
8
2D_LINE_00
10
-25.4891766667
20
46.9748186667
0
VERTEX
8
2D_LINE_00
10
-25.4974766667
20
46.9662186667
0
VERTEX
8
2D_LINE_00
10
-25.5056766667
20
46.9574186667
0
VERTEX
8
2D_LINE_00
10
-25.5139766667
20
46.9487186667
0
VERTEX
8
2D_LINE_00
10
-25.5221766667
20
46.9399186667
0
VERTEX
8
2D_LINE_00
10
-25.5302766667
20
46.9311186667
0
VERTEX
8
2D_LINE_00
10
-25.5384766667
20
46.9222186667
0
VERTEX
8
2D_LINE_00
10
-25.5465766667
20
46.9134186667
0
VERTEX
8
2D_LINE_00
10
-25.5545766667
20
46.9044186667
0
VERTEX
8
2D_LINE_00
10
-25.5625766667
20
46.8955186667
0
VERTEX
8
2D_LINE_00
10
-25.5705766667
20
46.8865186667
0
VERTEX
8
2D_LINE_00
10
-25.5785766667
20
46.8775186667
0
VERTEX
8
2D_LINE_00
10
-25.5864766667
20
46.8685186667
0
VERTEX
8
2D_LINE_00
10
-25.5943766667
20
46.8594186667
0
VERTEX
8
2D_LINE_00
10
-25.6022766667
20
46.8503186667
0
VERTEX
8
2D_LINE_00
10
-25.6100766667
20
46.8412186667
0
VERTEX
8
2D_LINE_00
10
-25.6178766667
20
46.8321186667
0
VERTEX
8
2D_LINE_00
10
-25.6255766667
20
46.8229186667
0
VERTEX
8
2D_LINE_00
10
-25.6332766667
20
46.8137186667
0
VERTEX
8
2D_LINE_00
10
-25.6409766667
20
46.8044186667
0
VERTEX
8
2D_LINE_00
10
-25.6485766667
20
46.7951186667
0
VERTEX
8
2D_LINE_00
10
-25.6561766667
20
46.7858186667
0
VERTEX
8
2D_LINE_00
10
-25.6637766667
20
46.7765186667
0
VERTEX
8
2D_LINE_00
10
-25.6713766667
20
46.7671186667
0
VERTEX
8
2D_LINE_00
10
-25.6788766667
20
46.7578186667
0
VERTEX
8
2D_LINE_00
10
-25.6862766667
20
46.7483186667
0
VERTEX
8
2D_LINE_00
10
-25.6936766667
20
46.7389186667
0
VERTEX
8
2D_LINE_00
10
-25.7010766667
20
46.7294186667
0
VERTEX
8
2D_LINE_00
10
-25.7084766667
20
46.7199186667
0
VERTEX
8
2D_LINE_00
10
-25.7157766667
20
46.7104186667
0
VERTEX
8
2D_LINE_00
10
-25.7230766667
20
46.7009186667
0
VERTEX
8
2D_LINE_00
10
-25.7303766667
20
46.6913186667
0
VERTEX
8
2D_LINE_00
10
-25.7375766667
20
46.6817186667
0
VERTEX
8
2D_LINE_00
10
-25.7447766667
20
46.6720186667
0
VERTEX
8
2D_LINE_00
10
-25.7518766667
20
46.6624186667
0
VERTEX
8
2D_LINE_00
10
-25.7589766667
20
46.6527186667
0
VERTEX
8
2D_LINE_00
10
-25.7660766667
20
46.6430186667
0
VERTEX
8
2D_LINE_00
10
-25.7731766667
20
46.6333186667
0
VERTEX
8
2D_LINE_00
10
-25.7801766667
20
46.6235186667
0
VERTEX
8
2D_LINE_00
10
-25.7871766667
20
46.6137186667
0
VERTEX
8
2D_LINE_00
10
-25.7940766667
20
46.6039186667
0
VERTEX
8
2D_LINE_00
10
-25.8009766667
20
46.5941186667
0
VERTEX
8
2D_LINE_00
10
-25.8078766667
20
46.5842186667
0
VERTEX
8
2D_LINE_00
10
-25.8146766667
20
46.5744186667
0
VERTEX
8
2D_LINE_00
10
-25.8214766667
20
46.5645186667
0
VERTEX
8
2D_LINE_00
10
-25.8282766667
20
46.5545186667
0
VERTEX
8
2D_LINE_00
10
-25.8350766667
20
46.5446186667
0
VERTEX
8
2D_LINE_00
10
-25.8417766667
20
46.5346186667
0
VERTEX
8
2D_LINE_00
10
-25.8483766667
20
46.5246186667
0
VERTEX
8
2D_LINE_00
10
-25.8550766667
20
46.5146186667
0
VERTEX
8
2D_LINE_00
10
-25.8616766667
20
46.5046186667
0
VERTEX
8
2D_LINE_00
10
-25.8681766667
20
46.4945186667
0
VERTEX
8
2D_LINE_00
10
-25.8747766667
20
46.4844186667
0
VERTEX
8
2D_LINE_00
10
-25.8812766667
20
46.4743186667
0
VERTEX
8
2D_LINE_00
10
-25.8876766667
20
46.4642186667
0
VERTEX
8
2D_LINE_00
10
-25.8941766667
20
46.4541186667
0
VERTEX
8
2D_LINE_00
10
-25.9005766667
20
46.4439186667
0
VERTEX
8
2D_LINE_00
10
-25.9068766667
20
46.4337186667
0
VERTEX
8
2D_LINE_00
10
-25.9132766667
20
46.4235186667
0
VERTEX
8
2D_LINE_00
10
-25.9195766667
20
46.4133186667
0
VERTEX
8
2D_LINE_00
10
-25.9257766667
20
46.4031186667
0
VERTEX
8
2D_LINE_00
10
-25.9320766667
20
46.3928186667
0
VERTEX
8
2D_LINE_00
10
-25.9382766667
20
46.3825186667
0
VERTEX
8
2D_LINE_00
10
-25.9444766667
20
46.3722186667
0
VERTEX
8
2D_LINE_00
10
-25.9505766667
20
46.3619186667
0
VERTEX
8
2D_LINE_00
10
-25.9566766667
20
46.3515186667
0
VERTEX
8
2D_LINE_00
10
-25.9627766667
20
46.3412186667
0
VERTEX
8
2D_LINE_00
10
-25.9687766667
20
46.3308186667
0
VERTEX
8
2D_LINE_00
10
-25.9747766667
20
46.3204186667
0
VERTEX
8
2D_LINE_00
10
-25.9807766667
20
46.3100186667
0
VERTEX
8
2D_LINE_00
10
-25.9866766667
20
46.2995186667
0
VERTEX
8
2D_LINE_00
10
-25.9925766667
20
46.2891186667
0
VERTEX
8
2D_LINE_00
10
-25.9984766667
20
46.2786186667
0
VERTEX
8
2D_LINE_00
10
-26.0042766667
20
46.2681186667
0
VERTEX
8
2D_LINE_00
10
-26.0101766667
20
46.2576186667
0
VERTEX
8
2D_LINE_00
10
-26.0158766667
20
46.2471186667
0
VERTEX
8
2D_LINE_00
10
-26.0216766667
20
46.2365186667
0
VERTEX
8
2D_LINE_00
10
-26.0273766667
20
46.2260186667
0
VERTEX
8
2D_LINE_00
10
-26.0330766667
20
46.2154186667
0
VERTEX
8
2D_LINE_00
10
-26.0387766667
20
46.2048186667
0
VERTEX
8
2D_LINE_00
10
-26.0443766667
20
46.1942186667
0
VERTEX
8
2D_LINE_00
10
-26.0499766667
20
46.1836186667
0
VERTEX
8
2D_LINE_00
10
-26.0554766667
20
46.1729186667
0
VERTEX
8
2D_LINE_00
10
-26.0610766667
20
46.1623186667
0
VERTEX
8
2D_LINE_00
10
-26.0665766667
20
46.1516186667
0
VERTEX
8
2D_LINE_00
10
-26.0719766667
20
46.1409186667
0
VERTEX
8
2D_LINE_00
10
-26.0774766667
20
46.1302186667
0
VERTEX
8
2D_LINE_00
10
-26.0828766667
20
46.1195186667
0
VERTEX
8
2D_LINE_00
10
-26.0882766667
20
46.1088186667
0
VERTEX
8
2D_LINE_00
10
-26.0935766667
20
46.0980186667
0
VERTEX
8
2D_LINE_00
10
-26.0988766667
20
46.0872186667
0
VERTEX
8
2D_LINE_00
10
-26.1041766667
20
46.0765186667
0
VERTEX
8
2D_LINE_00
10
-26.1094766667
20
46.0657186667
0
VERTEX
8
2D_LINE_00
10
-26.1146766667
20
46.0548186667
0
VERTEX
8
2D_LINE_00
10
-26.1198766667
20
46.0440186667
0
VERTEX
8
2D_LINE_00
10
-26.1250766667
20
46.0332186667
0
VERTEX
8
2D_LINE_00
10
-26.1301766667
20
46.0223186667
0
VERTEX
8
2D_LINE_00
10
-26.1352766667
20
46.0115186667
0
VERTEX
8
2D_LINE_00
10
-26.1403766667
20
46.0006186667
0
VERTEX
8
2D_LINE_00
10
-26.1453766667
20
45.9897186667
0
VERTEX
8
2D_LINE_00
10
-26.1504766667
20
45.9788186667
0
VERTEX
8
2D_LINE_00
10
-26.1553766667
20
45.9679186667
0
VERTEX
8
2D_LINE_00
10
-26.1603766667
20
45.9569186667
0
VERTEX
8
2D_LINE_00
10
-26.1652766667
20
45.9460186667
0
VERTEX
8
2D_LINE_00
10
-26.1701766667
20
45.9350186667
0
VERTEX
8
2D_LINE_00
10
-26.1750766667
20
45.9240186667
0
VERTEX
8
2D_LINE_00
10
-26.1799766667
20
45.9131186667
0
VERTEX
8
2D_LINE_00
10
-26.1847766667
20
45.9021186667
0
VERTEX
8
2D_LINE_00
10
-26.1895766667
20
45.8910186667
0
VERTEX
8
2D_LINE_00
10
-26.1942766667
20
45.8800186667
0
VERTEX
8
2D_LINE_00
10
-26.1990766667
20
45.8690186667
0
VERTEX
8
2D_LINE_00
10
-26.2037766667
20
45.8579186667
0
VERTEX
8
2D_LINE_00
10
-26.2084766667
20
45.8469186667
0
VERTEX
8
2D_LINE_00
10
-26.2130766667
20
45.8358186667
0
VERTEX
8
2D_LINE_00
10
-26.2176766667
20
45.8247186667
0
VERTEX
8
2D_LINE_00
10
-26.2222766667
20
45.8136186667
0
VERTEX
8
2D_LINE_00
10
-26.2268766667
20
45.8025186667
0
VERTEX
8
2D_LINE_00
10
-26.2314766667
20
45.7914186667
0
VERTEX
8
2D_LINE_00
10
-26.2359766667
20
45.7803186667
0
VERTEX
8
2D_LINE_00
10
-26.2404766667
20
45.7692186667
0
VERTEX
8
2D_LINE_00
10
-26.2448766667
20
45.7580186667
0
VERTEX
8
2D_LINE_00
10
-26.2492766667
20
45.7468186667
0
VERTEX
8
2D_LINE_00
10
-26.2537766667
20
45.7357186667
0
VERTEX
8
2D_LINE_00
10
-26.2580766667
20
45.7245186667
0
VERTEX
8
2D_LINE_00
10
-26.2624766667
20
45.7133186667
0
VERTEX
8
2D_LINE_00
10
-26.2667766667
20
45.7021186667
0
VERTEX
8
2D_LINE_00
10
-26.2710766667
20
45.6909186667
0
VERTEX
8
2D_LINE_00
10
-26.2753766667
20
45.6797186667
0
VERTEX
8
2D_LINE_00
10
-26.2795766667
20
45.6684186667
0
VERTEX
8
2D_LINE_00
10
-26.2838766667
20
45.6572186667
0
VERTEX
8
2D_LINE_00
10
-26.2879766667
20
45.6459186667
0
VERTEX
8
2D_LINE_00
10
-26.2921766667
20
45.6347186667
0
VERTEX
8
2D_LINE_00
10
-26.2963766667
20
45.6234186667
0
VERTEX
8
2D_LINE_00
10
-26.3004766667
20
45.6121186667
0
VERTEX
8
2D_LINE_00
10
-26.3045766667
20
45.6008186667
0
VERTEX
8
2D_LINE_00
10
-26.3085766667
20
45.5895186667
0
VERTEX
8
2D_LINE_00
10
-26.3126766667
20
45.5782186667
0
VERTEX
8
2D_LINE_00
10
-26.3166766667
20
45.5669186667
0
VERTEX
8
2D_LINE_00
10
-26.3206766667
20
45.5556186667
0
VERTEX
8
2D_LINE_00
10
-26.3245766667
20
45.5443186667
0
VERTEX
8
2D_LINE_00
10
-26.3285766667
20
45.5329186667
0
VERTEX
8
2D_LINE_00
10
-26.3324766667
20
45.5216186667
0
VERTEX
8
2D_LINE_00
10
-26.3363766667
20
45.5102186667
0
VERTEX
8
2D_LINE_00
10
-26.3402766667
20
45.4988186667
0
VERTEX
8
2D_LINE_00
10
-26.3440766667
20
45.4875186667
0
VERTEX
8
2D_LINE_00
10
-26.3478766667
20
45.4761186667
0
VERTEX
8
2D_LINE_00
10
-26.3516766667
20
45.4647186667
0
VERTEX
8
2D_LINE_00
10
-26.3554766667
20
45.4533186667
0
VERTEX
8
2D_LINE_00
10
-26.3591766667
20
45.4419186667
0
VERTEX
8
2D_LINE_00
10
-26.3628766667
20
45.4304186667
0
VERTEX
8
2D_LINE_00
10
-26.3665766667
20
45.4190186667
0
VERTEX
8
2D_LINE_00
10
-26.3702766667
20
45.4076186667
0
VERTEX
8
2D_LINE_00
10
-26.3738766667
20
45.3961186667
0
VERTEX
8
2D_LINE_00
10
-26.3774766667
20
45.3847186667
0
VERTEX
8
2D_LINE_00
10
-26.3810766667
20
45.3732186667
0
VERTEX
8
2D_LINE_00
10
-26.3846766667
20
45.3617186667
0
VERTEX
8
2D_LINE_00
10
-26.3881766667
20
45.3503186667
0
VERTEX
8
2D_LINE_00
10
-26.3917766667
20
45.3388186667
0
VERTEX
8
2D_LINE_00
10
-26.3952766667
20
45.3273186667
0
VERTEX
8
2D_LINE_00
10
-26.3986766667
20
45.3158186667
0
VERTEX
8
2D_LINE_00
10
-26.4021766667
20
45.3043186667
0
VERTEX
8
2D_LINE_00
10
-26.4055766667
20
45.2928186667
0
VERTEX
8
2D_LINE_00
10
-26.4089766667
20
45.2812186667
0
VERTEX
8
2D_LINE_00
10
-26.4123766667
20
45.2697186667
0
VERTEX
8
2D_LINE_00
10
-26.4156766667
20
45.2582186667
0
VERTEX
8
2D_LINE_00
10
-26.4189766667
20
45.2466186667
0
VERTEX
8
2D_LINE_00
10
-26.4222766667
20
45.2351186667
0
VERTEX
8
2D_LINE_00
10
-26.4255766667
20
45.2235186667
0
VERTEX
8
2D_LINE_00
10
-26.4288766667
20
45.2120186667
0
VERTEX
8
2D_LINE_00
10
-26.4320766667
20
45.2004186667
0
VERTEX
8
2D_LINE_00
10
-26.4352766667
20
45.1888186667
0
VERTEX
8
2D_LINE_00
10
-26.4384766667
20
45.1772186667
0
VERTEX
8
2D_LINE_00
10
-26.4415766667
20
45.1656186667
0
VERTEX
8
2D_LINE_00
10
-26.4447766667
20
45.1540186667
0
VERTEX
8
2D_LINE_00
10
-26.4478766667
20
45.1424186667
0
VERTEX
8
2D_LINE_00
10
-26.4508766667
20
45.1308186667
0
VERTEX
8
2D_LINE_00
10
-26.4539766667
20
45.1192186667
0
VERTEX
8
2D_LINE_00
10
-26.4569766667
20
45.1076186667
0
VERTEX
8
2D_LINE_00
10
-26.4600766667
20
45.0960186667
0
VERTEX
8
2D_LINE_00
10
-26.4629766667
20
45.0843186667
0
VERTEX
8
2D_LINE_00
10
-26.4659766667
20
45.0727186667
0
VERTEX
8
2D_LINE_00
10
-26.4688766667
20
45.0610186667
0
VERTEX
8
2D_LINE_00
10
-26.4718766667
20
45.0494186667
0
VERTEX
8
2D_LINE_00
10
-26.4746766667
20
45.0377186667
0
VERTEX
8
2D_LINE_00
10
-26.4775766667
20
45.0261186667
0
VERTEX
8
2D_LINE_00
10
-26.4804766667
20
45.0144186667
0
VERTEX
8
2D_LINE_00
10
-26.4832766667
20
45.0027186667
0
VERTEX
8
2D_LINE_00
10
-26.4860766667
20
44.9910186667
0
VERTEX
8
2D_LINE_00
10
-26.4888766667
20
44.9793186667
0
VERTEX
8
2D_LINE_00
10
-26.4915766667
20
44.9677186667
0
VERTEX
8
2D_LINE_00
10
-26.4942766667
20
44.9560186667
0
VERTEX
8
2D_LINE_00
10
-26.4969766667
20
44.9443186667
0
VERTEX
8
2D_LINE_00
10
-26.4996766667
20
44.9325186667
0
VERTEX
8
2D_LINE_00
10
-26.5023766667
20
44.9208186667
0
VERTEX
8
2D_LINE_00
10
-26.5049766667
20
44.9091186667
0
VERTEX
8
2D_LINE_00
10
-26.5075766667
20
44.8974186667
0
VERTEX
8
2D_LINE_00
10
-26.5101766667
20
44.8857186667
0
VERTEX
8
2D_LINE_00
10
-26.5126766667
20
44.8739186667
0
VERTEX
8
2D_LINE_00
10
-26.5152766667
20
44.8622186667
0
VERTEX
8
2D_LINE_00
10
-26.5177766667
20
44.8504186667
0
VERTEX
8
2D_LINE_00
10
-26.5202766667
20
44.8387186667
0
VERTEX
8
2D_LINE_00
10
-26.5227766667
20
44.8269186667
0
VERTEX
8
2D_LINE_00
10
-26.5251766667
20
44.8152186667
0
VERTEX
8
2D_LINE_00
10
-26.5275766667
20
44.8034186667
0
VERTEX
8
2D_LINE_00
10
-26.5299766667
20
44.7916186667
0
VERTEX
8
2D_LINE_00
10
-26.5323766667
20
44.7799186667
0
VERTEX
8
2D_LINE_00
10
-26.5347766667
20
44.7681186667
0
VERTEX
8
2D_LINE_00
10
-26.5370766667
20
44.7563186667
0
VERTEX
8
2D_LINE_00
10
-26.5393766667
20
44.7445186667
0
VERTEX
8
2D_LINE_00
10
-26.5416766667
20
44.7327186667
0
VERTEX
8
2D_LINE_00
10
-26.5439766667
20
44.7209186667
0
VERTEX
8
2D_LINE_00
10
-26.5461766667
20
44.7091186667
0
VERTEX
8
2D_LINE_00
10
-26.5483766667
20
44.6973186667
0
VERTEX
8
2D_LINE_00
10
-26.5505766667
20
44.6855186667
0
VERTEX
8
2D_LINE_00
10
-26.5527766667
20
44.6737186667
0
VERTEX
8
2D_LINE_00
10
-26.5549766667
20
44.6619186667
0
VERTEX
8
2D_LINE_00
10
-26.5570766667
20
44.6501186667
0
VERTEX
8
2D_LINE_00
10
-26.5591766667
20
44.6383186667
0
VERTEX
8
2D_LINE_00
10
-26.5612766667
20
44.6264186667
0
VERTEX
8
2D_LINE_00
10
-26.5633766667
20
44.6146186667
0
VERTEX
8
2D_LINE_00
10
-26.5654766667
20
44.6028186667
0
VERTEX
8
2D_LINE_00
10
-26.5674766667
20
44.5909186667
0
VERTEX
8
2D_LINE_00
10
-26.5694766667
20
44.5791186667
0
VERTEX
8
2D_LINE_00
10
-26.5714766667
20
44.5672186667
0
VERTEX
8
2D_LINE_00
10
-26.5734766667
20
44.5554186667
0
VERTEX
8
2D_LINE_00
10
-26.5753766667
20
44.5436186667
0
VERTEX
8
2D_LINE_00
10
-26.5772766667
20
44.5317186667
0
VERTEX
8
2D_LINE_00
10
-26.5791766667
20
44.5198186667
0
VERTEX
8
2D_LINE_00
10
-26.5810766667
20
44.5080186667
0
VERTEX
8
2D_LINE_00
10
-26.5829766667
20
44.4961186667
0
VERTEX
8
2D_LINE_00
10
-26.5848766667
20
44.4842186667
0
VERTEX
8
2D_LINE_00
10
-26.5866766667
20
44.4724186667
0
VERTEX
8
2D_LINE_00
10
-26.5884766667
20
44.4605186667
0
VERTEX
8
2D_LINE_00
10
-26.5902766667
20
44.4486186667
0
VERTEX
8
2D_LINE_00
10
-26.5920766667
20
44.4368186667
0
VERTEX
8
2D_LINE_00
10
-26.5937766667
20
44.4249186667
0
VERTEX
8
2D_LINE_00
10
-26.5954766667
20
44.4130186667
0
VERTEX
8
2D_LINE_00
10
-26.5971766667
20
44.4011186667
0
VERTEX
8
2D_LINE_00
10
-26.5988766667
20
44.3892186667
0
VERTEX
8
2D_LINE_00
10
-26.6005766667
20
44.3773186667
0
VERTEX
8
2D_LINE_00
10
-26.6022766667
20
44.3654186667
0
VERTEX
8
2D_LINE_00
10
-26.6038766667
20
44.3535186667
0
VERTEX
8
2D_LINE_00
10
-26.6054766667
20
44.3416186667
0
VERTEX
8
2D_LINE_00
10
-26.6070766667
20
44.3297186667
0
VERTEX
8
2D_LINE_00
10
-26.6086766667
20
44.3178186667
0
VERTEX
8
2D_LINE_00
10
-26.6102766667
20
44.3059186667
0
VERTEX
8
2D_LINE_00
10
-26.6117766667
20
44.2940186667
0
VERTEX
8
2D_LINE_00
10
-26.6132766667
20
44.2821186667
0
VERTEX
8
2D_LINE_00
10
-26.6147766667
20
44.2702186667
0
VERTEX
8
2D_LINE_00
10
-26.6162766667
20
44.2583186667
0
VERTEX
8
2D_LINE_00
10
-26.6177766667
20
44.2464186667
0
VERTEX
8
2D_LINE_00
10
-26.6192766667
20
44.2344186667
0
VERTEX
8
2D_LINE_00
10
-26.6206766667
20
44.2225186667
0
VERTEX
8
2D_LINE_00
10
-26.6220766667
20
44.2106186667
0
VERTEX
8
2D_LINE_00
10
-26.6234766667
20
44.1987186667
0
VERTEX
8
2D_LINE_00
10
-26.6248766667
20
44.1868186667
0
VERTEX
8
2D_LINE_00
10
-26.6262766667
20
44.1748186667
0
VERTEX
8
2D_LINE_00
10
-26.6275766667
20
44.1629186667
0
VERTEX
8
2D_LINE_00
10
-26.6289766667
20
44.1510186667
0
VERTEX
8
2D_LINE_00
10
-26.6302766667
20
44.1390186667
0
VERTEX
8
2D_LINE_00
10
-26.6315766667
20
44.1271186667
0
VERTEX
8
2D_LINE_00
10
-26.6328766667
20
44.1152186667
0
VERTEX
8
2D_LINE_00
10
-26.6341766667
20
44.1032186667
0
VERTEX
8
2D_LINE_00
10
-26.6354766667
20
44.0913186667
0
VERTEX
8
2D_LINE_00
10
-26.6367766667
20
44.0794186667
0
VERTEX
8
2D_LINE_00
10
-26.6379766667
20
44.0674186667
0
VERTEX
8
2D_LINE_00
10
-26.6391766667
20
44.0555186667
0
VERTEX
8
2D_LINE_00
10
-26.6404766667
20
44.0435186667
0
VERTEX
8
2D_LINE_00
10
-26.6416766667
20
44.0316186667
0
VERTEX
8
2D_LINE_00
10
-26.6428766667
20
44.0197186667
0
VERTEX
8
2D_LINE_00
10
-26.6440766667
20
44.0077186667
0
VERTEX
8
2D_LINE_00
10
-26.6452766667
20
43.9958186667
0
VERTEX
8
2D_LINE_00
10
-26.6463766667
20
43.9838186667
0
VERTEX
8
2D_LINE_00
10
-26.6475766667
20
43.9719186667
0
VERTEX
8
2D_LINE_00
10
-26.6486766667
20
43.9599186667
0
VERTEX
8
2D_LINE_00
10
-26.6498766667
20
43.9480186667
0
VERTEX
8
2D_LINE_00
10
-26.6509766667
20
43.9360186667
0
VERTEX
8
2D_LINE_00
10
-26.6520766667
20
43.9241186667
0
VERTEX
8
2D_LINE_00
10
-26.6532766667
20
43.9121186667
0
VERTEX
8
2D_LINE_00
10
-26.6543766667
20
43.9002186667
0
VERTEX
8
2D_LINE_00
10
-26.6554766667
20
43.8882186667
0
VERTEX
8
2D_LINE_00
10
-26.6565766667
20
43.8762186667
0
VERTEX
8
2D_LINE_00
10
-26.6576766667
20
43.8643186667
0
VERTEX
8
2D_LINE_00
10
-26.6586766667
20
43.8523186667
0
VERTEX
8
2D_LINE_00
10
-26.6597766667
20
43.8404186667
0
VERTEX
8
2D_LINE_00
10
-26.6608766667
20
43.8284186667
0
VERTEX
8
2D_LINE_00
10
-26.6619766667
20
43.8164186667
0
VERTEX
8
2D_LINE_00
10
-26.6629766667
20
43.8045186667
0
VERTEX
8
2D_LINE_00
10
-26.6640766667
20
43.7925186667
0
VERTEX
8
2D_LINE_00
10
-26.6650766667
20
43.7806186667
0
VERTEX
8
2D_LINE_00
10
-26.6661766667
20
43.7686186667
0
VERTEX
8
2D_LINE_00
10
-26.6671766667
20
43.7566186667
0
VERTEX
8
2D_LINE_00
10
-26.6682766667
20
43.7447186667
0
VERTEX
8
2D_LINE_00
10
-26.6692766667
20
43.7327186667
0
VERTEX
8
2D_LINE_00
10
-26.6702766667
20
43.7208186667
0
VERTEX
8
2D_LINE_00
10
-26.6713766667
20
43.7088186667
0
VERTEX
8
2D_LINE_00
10
-26.6723766667
20
43.6968186667
0
VERTEX
8
2D_LINE_00
10
-26.6733766667
20
43.6849186667
0
VERTEX
8
2D_LINE_00
10
-26.6743766667
20
43.6729186667
0
VERTEX
8
2D_LINE_00
10
-26.6754766667
20
43.6609186667
0
VERTEX
8
2D_LINE_00
10
-26.6764766667
20
43.6490186667
0
VERTEX
8
2D_LINE_00
10
-26.6774766667
20
43.6370186667
0
SEQEND
0
INSERT
2
SMOOTH_0$2
8
2D_LINE_00
10
-21.7078766667
20
48.0864186667
0
INSERT
2
SMOOTH_0$2
8
2D_LINE_00
10
-21.7198766667
20
48.0863186667
0
POLYLINE
8
2D_LINE_00
66
1
40
0.2
41
0.2
0
VERTEX
8
2D_LINE_00
10
8.8563586667
20
48.0863813333
0
VERTEX
8
2D_LINE_00
10
-21.7079093333
20
48.0863813333
0
SEQEND
0
INSERT
2
SMOOTH_0$2
8
2D_LINE_00
10
8.8563586667
20
48.0863813333
0
INSERT
2
SMOOTH_0$2
8
2D_LINE_00
10
-21.7079093333
20
48.0863813333
0
POLYLINE
8
2D_LINE_00
66
1
40
0.2
41
0.2
0
VERTEX
8
2D_LINE_00
10
8.8704233333
20
-4.8771813333
0
VERTEX
8
2D_LINE_00
10
8.8833233333
20
-4.8770813333
0
VERTEX
8
2D_LINE_00
10
8.8962233333
20
-4.8770813333
0
VERTEX
8
2D_LINE_00
10
8.9092233333
20
-4.8769813333
0
VERTEX
8
2D_LINE_00
10
8.9221233333
20
-4.8769813333
0
VERTEX
8
2D_LINE_00
10
8.9350233333
20
-4.8768813333
0
VERTEX
8
2D_LINE_00
10
8.9479233333
20
-4.8768813333
0
VERTEX
8
2D_LINE_00
10
8.9609233333
20
-4.8768813333
0
VERTEX
8
2D_LINE_00
10
8.9738233333
20
-4.8767813333
0
VERTEX
8
2D_LINE_00
10
8.9867233333
20
-4.8767813333
0
VERTEX
8
2D_LINE_00
10
8.9997233333
20
-4.8766813333
0
VERTEX
8
2D_LINE_00
10
9.0126233333
20
-4.8765813333
0
VERTEX
8
2D_LINE_00
10
9.0255233333
20
-4.8765813333
0
VERTEX
8
2D_LINE_00
10
9.0385233333
20
-4.8764813333
0
VERTEX
8
2D_LINE_00
10
9.0514233333
20
-4.8764813333
0
VERTEX
8
2D_LINE_00
10
9.0643233333
20
-4.8763813333
0
VERTEX
8
2D_LINE_00
10
9.0772233333
20
-4.8762813333
0
VERTEX
8
2D_LINE_00
10
9.0902233333
20
-4.8762813333
0
VERTEX
8
2D_LINE_00
10
9.1031233333
20
-4.8761813333
0
VERTEX
8
2D_LINE_00
10
9.1160233333
20
-4.8760813333
0
VERTEX
8
2D_LINE_00
10
9.1290233333
20
-4.8759813333
0
VERTEX
8
2D_LINE_00
10
9.1419233333
20
-4.8758813333
0
VERTEX
8
2D_LINE_00
10
9.1548233333
20
-4.8757813333
0
VERTEX
8
2D_LINE_00
10
9.1678233333
20
-4.8756813333
0
VERTEX
8
2D_LINE_00
10
9.1807233333
20
-4.8755813333
0
VERTEX
8
2D_LINE_00
10
9.1936233333
20
-4.8754813333
0
VERTEX
8
2D_LINE_00
10
9.2065233333
20
-4.8753813333
0
VERTEX
8
2D_LINE_00
10
9.2195233333
20
-4.8752813333
0
VERTEX
8
2D_LINE_00
10
9.2324233333
20
-4.8751813333
0
VERTEX
8
2D_LINE_00
10
9.2453233333
20
-4.8750813333
0
VERTEX
8
2D_LINE_00
10
9.2583233333
20
-4.8748813333
0
VERTEX
8
2D_LINE_00
10
9.2712233333
20
-4.8747813333
0
VERTEX
8
2D_LINE_00
10
9.2841233333
20
-4.8745813333
0
VERTEX
8
2D_LINE_00
10
9.2971233333
20
-4.8744813333
0
VERTEX
8
2D_LINE_00
10
9.3100233333
20
-4.8742813333
0
VERTEX
8
2D_LINE_00
10
9.3229233333
20
-4.8740813333
0
VERTEX
8
2D_LINE_00
10
9.3358233333
20
-4.8739813333
0
VERTEX
8
2D_LINE_00
10
9.3488233333
20
-4.8737813333
0
VERTEX
8
2D_LINE_00
10
9.3617233333
20
-4.8735813333
0
VERTEX
8
2D_LINE_00
10
9.3746233333
20
-4.8733813333
0
VERTEX
8
2D_LINE_00
10
9.3876233333
20
-4.8731813333
0
VERTEX
8
2D_LINE_00
10
9.4005233333
20
-4.8729813333
0
VERTEX
8
2D_LINE_00
10
9.4134233333
20
-4.8726813333
0
VERTEX
8
2D_LINE_00
10
9.4263233333
20
-4.8724813333
0
VERTEX
8
2D_LINE_00
10
9.4393233333
20
-4.8721813333
0
VERTEX
8
2D_LINE_00
10
9.4522233333
20
-4.8719813333
0
VERTEX
8
2D_LINE_00
10
9.4651233333
20
-4.8716813333
0
VERTEX
8
2D_LINE_00
10
9.4781233333
20
-4.8713813333
0
VERTEX
8
2D_LINE_00
10
9.4910233333
20
-4.8710813333
0
VERTEX
8
2D_LINE_00
10
9.5039233333
20
-4.8707813333
0
VERTEX
8
2D_LINE_00
10
9.5168233333
20
-4.8704813333
0
VERTEX
8
2D_LINE_00
10
9.5298233333
20
-4.8701813333
0
VERTEX
8
2D_LINE_00
10
9.5427233333
20
-4.8697813333
0
VERTEX
8
2D_LINE_00
10
9.5556233333
20
-4.8694813333
0
VERTEX
8
2D_LINE_00
10
9.5685233333
20
-4.8690813333
0
VERTEX
8
2D_LINE_00
10
9.5815233333
20
-4.8686813333
0
VERTEX
8
2D_LINE_00
10
9.5944233333
20
-4.8682813333
0
VERTEX
8
2D_LINE_00
10
9.6073233333
20
-4.8678813333
0
VERTEX
8
2D_LINE_00
10
9.6202233333
20
-4.8674813333
0
VERTEX
8
2D_LINE_00
10
9.6332233333
20
-4.8670813333
0
VERTEX
8
2D_LINE_00
10
9.6461233333
20
-4.8665813333
0
VERTEX
8
2D_LINE_00
10
9.6590233333
20
-4.8660813333
0
VERTEX
8
2D_LINE_00
10
9.6719233333
20
-4.8655813333
0
VERTEX
8
2D_LINE_00
10
9.6848233333
20
-4.8650813333
0
VERTEX
8
2D_LINE_00
10
9.6978233333
20
-4.8645813333
0
VERTEX
8
2D_LINE_00
10
9.7107233333
20
-4.8640813333
0
VERTEX
8
2D_LINE_00
10
9.7236233333
20
-4.8634813333
0
VERTEX
8
2D_LINE_00
10
9.7365233333
20
-4.8628813333
0
VERTEX
8
2D_LINE_00
10
9.7494233333
20
-4.8622813333
0
VERTEX
8
2D_LINE_00
10
9.7624233333
20
-4.8616813333
0
VERTEX
8
2D_LINE_00
10
9.7753233333
20
-4.8610813333
0
VERTEX
8
2D_LINE_00
10
9.7882233333
20
-4.8603813333
0
VERTEX
8
2D_LINE_00
10
9.8011233333
20
-4.8597813333
0
VERTEX
8
2D_LINE_00
10
9.8140233333
20
-4.8590813333
0
VERTEX
8
2D_LINE_00
10
9.8269233333
20
-4.8583813333
0
VERTEX
8
2D_LINE_00
10
9.8398233333
20
-4.8576813333
0
VERTEX
8
2D_LINE_00
10
9.8527233333
20
-4.8568813333
0
VERTEX
8
2D_LINE_00
10
9.8657233333
20
-4.8561813333
0
VERTEX
8
2D_LINE_00
10
9.8786233333
20
-4.8553813333
0
VERTEX
8
2D_LINE_00
10
9.8915233333
20
-4.8545813333
0
VERTEX
8
2D_LINE_00
10
9.9044233333
20
-4.8536813333
0
VERTEX
8
2D_LINE_00
10
9.9173233333
20
-4.8528813333
0
VERTEX
8
2D_LINE_00
10
9.9302233333
20
-4.8519813333
0
VERTEX
8
2D_LINE_00
10
9.9431233333
20
-4.8510813333
0
VERTEX
8
2D_LINE_00
10
9.9560233333
20
-4.8501813333
0
VERTEX
8
2D_LINE_00
10
9.9689233333
20
-4.8492813333
0
VERTEX
8
2D_LINE_00
10
9.9818233333
20
-4.8483813333
0
VERTEX
8
2D_LINE_00
10
9.9947233333
20
-4.8473813333
0
VERTEX
8
2D_LINE_00
10
10.0076233333
20
-4.8463813333
0
VERTEX
8
2D_LINE_00
10
10.0205233333
20
-4.8453813333
0
VERTEX
8
2D_LINE_00
10
10.0333233333
20
-4.8442813333
0
VERTEX
8
2D_LINE_00
10
10.0462233333
20
-4.8432813333
0
VERTEX
8
2D_LINE_00
10
10.0591233333
20
-4.8421813333
0
VERTEX
8
2D_LINE_00
10
10.0720233333
20
-4.8410813333
0
VERTEX
8
2D_LINE_00
10
10.0849233333
20
-4.8399813333
0
VERTEX
8
2D_LINE_00
10
10.0978233333
20
-4.8387813333
0
VERTEX
8
2D_LINE_00
10
10.1107233333
20
-4.8376813333
0
VERTEX
8
2D_LINE_00
10
10.1235233333
20
-4.8364813333
0
VERTEX
8
2D_LINE_00
10
10.1364233333
20
-4.8351813333
0
VERTEX
8
2D_LINE_00
10
10.1493233333
20
-4.8339813333
0
VERTEX
8
2D_LINE_00
10
10.1621233333
20
-4.8326813333
0
VERTEX
8
2D_LINE_00
10
10.1750233333
20
-4.8314813333
0
VERTEX
8
2D_LINE_00
10
10.1879233333
20
-4.8300813333
0
VERTEX
8
2D_LINE_00
10
10.2007233333
20
-4.8287813333
0
VERTEX
8
2D_LINE_00
10
10.2136233333
20
-4.8274813333
0
VERTEX
8
2D_LINE_00
10
10.2265233333
20
-4.8260813333
0
VERTEX
8
2D_LINE_00
10
10.2393233333
20
-4.8246813333
0
VERTEX
8
2D_LINE_00
10
10.2522233333
20
-4.8231813333
0
VERTEX
8
2D_LINE_00
10
10.2650233333
20
-4.8217813333
0
VERTEX
8
2D_LINE_00
10
10.2779233333
20
-4.8202813333
0
VERTEX
8
2D_LINE_00
10
10.2907233333
20
-4.8187813333
0
VERTEX
8
2D_LINE_00
10
10.3036233333
20
-4.8172813333
0
VERTEX
8
2D_LINE_00
10
10.3164233333
20
-4.8156813333
0
VERTEX
8
2D_LINE_00
10
10.3292233333
20
-4.8140813333
0
VERTEX
8
2D_LINE_00
10
10.3421233333
20
-4.8124813333
0
VERTEX
8
2D_LINE_00
10
10.3549233333
20
-4.8108813333
0
VERTEX
8
2D_LINE_00
10
10.3677233333
20
-4.8091813333
0
VERTEX
8
2D_LINE_00
10
10.3805233333
20
-4.8074813333
0
VERTEX
8
2D_LINE_00
10
10.3934233333
20
-4.8057813333
0
VERTEX
8
2D_LINE_00
10
10.4062233333
20
-4.8040813333
0
VERTEX
8
2D_LINE_00
10
10.4190233333
20
-4.8022813333
0
VERTEX
8
2D_LINE_00
10
10.4318233333
20
-4.8005813333
0
VERTEX
8
2D_LINE_00
10
10.4446233333
20
-4.7986813333
0
VERTEX
8
2D_LINE_00
10
10.4574233333
20
-4.7968813333
0
VERTEX
8
2D_LINE_00
10
10.4702233333
20
-4.7949813333
0
VERTEX
8
2D_LINE_00
10
10.4830233333
20
-4.7930813333
0
VERTEX
8
2D_LINE_00
10
10.4958233333
20
-4.7911813333
0
VERTEX
8
2D_LINE_00
10
10.5086233333
20
-4.7892813333
0
VERTEX
8
2D_LINE_00
10
10.5213233333
20
-4.7872813333
0
VERTEX
8
2D_LINE_00
10
10.5341233333
20
-4.7852813333
0
VERTEX
8
2D_LINE_00
10
10.5469233333
20
-4.7832813333
0
VERTEX
8
2D_LINE_00
10
10.5597233333
20
-4.7811813333
0
VERTEX
8
2D_LINE_00
10
10.5724233333
20
-4.7790813333
0
VERTEX
8
2D_LINE_00
10
10.5852233333
20
-4.7769813333
0
VERTEX
8
2D_LINE_00
10
10.5979233333
20
-4.7748813333
0
VERTEX
8
2D_LINE_00
10
10.6107233333
20
-4.7726813333
0
VERTEX
8
2D_LINE_00
10
10.6234233333
20
-4.7704813333
0
VERTEX
8
2D_LINE_00
10
10.6362233333
20
-4.7682813333
0
VERTEX
8
2D_LINE_00
10
10.6489233333
20
-4.7659813333
0
VERTEX
8
2D_LINE_00
10
10.6616233333
20
-4.7636813333
0
VERTEX
8
2D_LINE_00
10
10.6743233333
20
-4.7613813333
0
VERTEX
8
2D_LINE_00
10
10.6871233333
20
-4.7590813333
0
VERTEX
8
2D_LINE_00
10
10.6998233333
20
-4.7566813333
0
VERTEX
8
2D_LINE_00
10
10.7125233333
20
-4.7542813333
0
VERTEX
8
2D_LINE_00
10
10.7252233333
20
-4.7517813333
0
VERTEX
8
2D_LINE_00
10
10.7379233333
20
-4.7493813333
0
VERTEX
8
2D_LINE_00
10
10.7506233333
20
-4.7468813333
0
VERTEX
8
2D_LINE_00
10
10.7632233333
20
-4.7442813333
0
VERTEX
8
2D_LINE_00
10
10.7759233333
20
-4.7417813333
0
VERTEX
8
2D_LINE_00
10
10.7886233333
20
-4.7391813333
0
VERTEX
8
2D_LINE_00
10
10.8013233333
20
-4.7364813333
0
VERTEX
8
2D_LINE_00
10
10.8139233333
20
-4.7338813333
0
VERTEX
8
2D_LINE_00
10
10.8266233333
20
-4.7311813333
0
VERTEX
8
2D_LINE_00
10
10.8392233333
20
-4.7284813333
0
VERTEX
8
2D_LINE_00
10
10.8519233333
20
-4.7256813333
0
VERTEX
8
2D_LINE_00
10
10.8645233333
20
-4.7228813333
0
VERTEX
8
2D_LINE_00
10
10.8771233333
20
-4.7200813333
0
VERTEX
8
2D_LINE_00
10
10.8897233333
20
-4.7172813333
0
VERTEX
8
2D_LINE_00
10
10.9023233333
20
-4.7143813333
0
VERTEX
8
2D_LINE_00
10
10.9149233333
20
-4.7114813333
0
VERTEX
8
2D_LINE_00
10
10.9275233333
20
-4.7084813333
0
VERTEX
8
2D_LINE_00
10
10.9401233333
20
-4.7054813333
0
VERTEX
8
2D_LINE_00
10
10.9527233333
20
-4.7024813333
0
VERTEX
8
2D_LINE_00
10
10.9653233333
20
-4.6994813333
0
VERTEX
8
2D_LINE_00
10
10.9778233333
20
-4.6963813333
0
VERTEX
8
2D_LINE_00
10
10.9904233333
20
-4.6931813333
0
VERTEX
8
2D_LINE_00
10
11.0029233333
20
-4.6900813333
0
VERTEX
8
2D_LINE_00
10
11.0155233333
20
-4.6868813333
0
VERTEX
8
2D_LINE_00
10
11.0280233333
20
-4.6836813333
0
VERTEX
8
2D_LINE_00
10
11.0405233333
20
-4.6803813333
0
VERTEX
8
2D_LINE_00
10
11.0530233333
20
-4.6770813333
0
VERTEX
8
2D_LINE_00
10
11.0656233333
20
-4.6737813333
0
VERTEX
8
2D_LINE_00
10
11.0780233333
20
-4.6704813333
0
VERTEX
8
2D_LINE_00
10
11.0905233333
20
-4.6670813333
0
VERTEX
8
2D_LINE_00
10
11.1030233333
20
-4.6635813333
0
VERTEX
8
2D_LINE_00
10
11.1155233333
20
-4.6601813333
0
VERTEX
8
2D_LINE_00
10
11.1279233333
20
-4.6566813333
0
VERTEX
8
2D_LINE_00
10
11.1404233333
20
-4.6530813333
0
VERTEX
8
2D_LINE_00
10
11.1528233333
20
-4.6495813333
0
VERTEX
8
2D_LINE_00
10
11.1652233333
20
-4.6459813333
0
VERTEX
8
2D_LINE_00
10
11.1776233333
20
-4.6422813333
0
VERTEX
8
2D_LINE_00
10
11.1901233333
20
-4.6385813333
0
VERTEX
8
2D_LINE_00
10
11.2024233333
20
-4.6348813333
0
VERTEX
8
2D_LINE_00
10
11.2148233333
20
-4.6311813333
0
VERTEX
8
2D_LINE_00
10
11.2272233333
20
-4.6273813333
0
VERTEX
8
2D_LINE_00
10
11.2396233333
20
-4.6235813333
0
VERTEX
8
2D_LINE_00
10
11.2519233333
20
-4.6196813333
0
VERTEX
8
2D_LINE_00
10
11.2642233333
20
-4.6157813333
0
VERTEX
8
2D_LINE_00
10
11.2766233333
20
-4.6118813333
0
VERTEX
8
2D_LINE_00
10
11.2889233333
20
-4.6078813333
0
VERTEX
8
2D_LINE_00
10
11.3012233333
20
-4.6038813333
0
VERTEX
8
2D_LINE_00
10
11.3135233333
20
-4.5998813333
0
VERTEX
8
2D_LINE_00
10
11.3258233333
20
-4.5957813333
0
VERTEX
8
2D_LINE_00
10
11.3380233333
20
-4.5916813333
0
VERTEX
8
2D_LINE_00
10
11.3503233333
20
-4.5874813333
0
VERTEX
8
2D_LINE_00
10
11.3625233333
20
-4.5832813333
0
VERTEX
8
2D_LINE_00
10
11.3747233333
20
-4.5790813333
0
VERTEX
8
2D_LINE_00
10
11.3870233333
20
-4.5747813333
0
VERTEX
8
2D_LINE_00
10
11.3992233333
20
-4.5704813333
0
VERTEX
8
2D_LINE_00
10
11.4114233333
20
-4.5661813333
0
VERTEX
8
2D_LINE_00
10
11.4235233333
20
-4.5617813333
0
VERTEX
8
2D_LINE_00
10
11.4357233333
20
-4.5573813333
0
VERTEX
8
2D_LINE_00
10
11.4478233333
20
-4.5528813333
0
VERTEX
8
2D_LINE_00
10
11.4600233333
20
-4.5483813333
0
VERTEX
8
2D_LINE_00
10
11.4721233333
20
-4.5438813333
0
VERTEX
8
2D_LINE_00
10
11.4842233333
20
-4.5392813333
0
VERTEX
8
2D_LINE_00
10
11.4963233333
20
-4.5346813333
0
VERTEX
8
2D_LINE_00
10
11.5083233333
20
-4.5299813333
0
VERTEX
8
2D_LINE_00
10
11.5204233333
20
-4.5252813333
0
VERTEX
8
2D_LINE_00
10
11.5324233333
20
-4.5205813333
0
VERTEX
8
2D_LINE_00
10
11.5445233333
20
-4.5157813333
0
VERTEX
8
2D_LINE_00
10
11.5565233333
20
-4.5109813333
0
VERTEX
8
2D_LINE_00
10
11.5685233333
20
-4.5060813333
0
VERTEX
8
2D_LINE_00
10
11.5805233333
20
-4.5011813333
0
VERTEX
8
2D_LINE_00
10
11.5924233333
20
-4.4962813333
0
VERTEX
8
2D_LINE_00
10
11.6044233333
20
-4.4912813333
0
VERTEX
8
2D_LINE_00
10
11.6163233333
20
-4.4862813333
0
VERTEX
8
2D_LINE_00
10
11.6282233333
20
-4.4811813333
0
VERTEX
8
2D_LINE_00
10
11.6401233333
20
-4.4761813333
0
VERTEX
8
2D_LINE_00
10
11.6520233333
20
-4.4709813333
0
VERTEX
8
2D_LINE_00
10
11.6638233333
20
-4.4657813333
0
VERTEX
8
2D_LINE_00
10
11.6757233333
20
-4.4605813333
0
VERTEX
8
2D_LINE_00
10
11.6875233333
20
-4.4553813333
0
VERTEX
8
2D_LINE_00
10
11.6993233333
20
-4.4500813333
0
VERTEX
8
2D_LINE_00
10
11.7111233333
20
-4.4446813333
0
VERTEX
8
2D_LINE_00
10
11.7228233333
20
-4.4392813333
0
VERTEX
8
2D_LINE_00
10
11.7346233333
20
-4.4338813333
0
VERTEX
8
2D_LINE_00
10
11.7463233333
20
-4.4283813333
0
VERTEX
8
2D_LINE_00
10
11.7580233333
20
-4.4228813333
0
VERTEX
8
2D_LINE_00
10
11.7697233333
20
-4.4173813333
0
VERTEX
8
2D_LINE_00
10
11.7814233333
20
-4.4117813333
0
VERTEX
8
2D_LINE_00
10
11.7930233333
20
-4.4060813333
0
VERTEX
8
2D_LINE_00
10
11.8046233333
20
-4.4004813333
0
VERTEX
8
2D_LINE_00
10
11.8162233333
20
-4.3946813333
0
VERTEX
8
2D_LINE_00
10
11.8278233333
20
-4.3889813333
0
VERTEX
8
2D_LINE_00
10
11.8394233333
20
-4.3831813333
0
VERTEX
8
2D_LINE_00
10
11.8509233333
20
-4.3772813333
0
VERTEX
8
2D_LINE_00
10
11.8625233333
20
-4.3713813333
0
VERTEX
8
2D_LINE_00
10
11.8740233333
20
-4.3654813333
0
VERTEX
8
2D_LINE_00
10
11.8854233333
20
-4.3594813333
0
VERTEX
8
2D_LINE_00
10
11.8969233333
20
-4.3534813333
0
VERTEX
8
2D_LINE_00
10
11.9083233333
20
-4.3473813333
0
VERTEX
8
2D_LINE_00
10
11.9197233333
20
-4.3412813333
0
VERTEX
8
2D_LINE_00
10
11.9311233333
20
-4.3351813333
0
VERTEX
8
2D_LINE_00
10
11.9425233333
20
-4.3289813333
0
VERTEX
8
2D_LINE_00
10
11.9538233333
20
-4.3226813333
0
VERTEX
8
2D_LINE_00
10
11.9651233333
20
-4.3164813333
0
VERTEX
8
2D_LINE_00
10
11.9764233333
20
-4.3100813333
0
VERTEX
8
2D_LINE_00
10
11.9877233333
20
-4.3037813333
0
VERTEX
8
2D_LINE_00
10
11.9989233333
20
-4.2973813333
0
VERTEX
8
2D_LINE_00
10
12.0102233333
20
-4.2908813333
0
VERTEX
8
2D_LINE_00
10
12.0214233333
20
-4.2843813333
0
VERTEX
8
2D_LINE_00
10
12.0325233333
20
-4.2778813333
0
VERTEX
8
2D_LINE_00
10
12.0437233333
20
-4.2712813333
0
VERTEX
8
2D_LINE_00
10
12.0548233333
20
-4.2646813333
0
VERTEX
8
2D_LINE_00
10
12.0659233333
20
-4.2579813333
0
VERTEX
8
2D_LINE_00
10
12.0769233333
20
-4.2512813333
0
VERTEX
8
2D_LINE_00
10
12.0880233333
20
-4.2444813333
0
VERTEX
8
2D_LINE_00
10
12.0990233333
20
-4.2376813333
0
VERTEX
8
2D_LINE_00
10
12.1100233333
20
-4.2308813333
0
VERTEX
8
2D_LINE_00
10
12.1209233333
20
-4.2239813333
0
VERTEX
8
2D_LINE_00
10
12.1319233333
20
-4.2170813333
0
VERTEX
8
2D_LINE_00
10
12.1428233333
20
-4.2100813333
0
VERTEX
8
2D_LINE_00
10
12.1536233333
20
-4.2030813333
0
VERTEX
8
2D_LINE_00
10
12.1645233333
20
-4.1959813333
0
VERTEX
8
2D_LINE_00
10
12.1753233333
20
-4.1888813333
0
VERTEX
8
2D_LINE_00
10
12.1861233333
20
-4.1817813333
0
VERTEX
8
2D_LINE_00
10
12.1969233333
20
-4.1745813333
0
VERTEX
8
2D_LINE_00
10
12.2076233333
20
-4.1673813333
0
VERTEX
8
2D_LINE_00
10
12.2183233333
20
-4.1600813333
0
VERTEX
8
2D_LINE_00
10
12.2290233333
20
-4.1527813333
0
VERTEX
8
2D_LINE_00
10
12.2396233333
20
-4.1453813333
0
VERTEX
8
2D_LINE_00
10
12.2502233333
20
-4.1379813333
0
VERTEX
8
2D_LINE_00
10
12.2608233333
20
-4.1304813333
0
VERTEX
8
2D_LINE_00
10
12.2713233333
20
-4.1229813333
0
VERTEX
8
2D_LINE_00
10
12.2819233333
20
-4.1154813333
0
VERTEX
8
2D_LINE_00
10
12.2923233333
20
-4.1078813333
0
VERTEX
8
2D_LINE_00
10
12.3028233333
20
-4.1002813333
0
VERTEX
8
2D_LINE_00
10
12.3132233333
20
-4.0925813333
0
VERTEX
8
2D_LINE_00
10
12.3236233333
20
-4.0848813333
0
VERTEX
8
2D_LINE_00
10
12.3340233333
20
-4.0770813333
0
VERTEX
8
2D_LINE_00
10
12.3443233333
20
-4.0692813333
0
VERTEX
8
2D_LINE_00
10
12.3546233333
20
-4.0614813333
0
VERTEX
8
2D_LINE_00
10
12.3649233333
20
-4.0535813333
0
VERTEX
8
2D_LINE_00
10
12.3751233333
20
-4.0455813333
0
VERTEX
8
2D_LINE_00
10
12.3853233333
20
-4.0376813333
0
VERTEX
8
2D_LINE_00
10
12.3954233333
20
-4.0296813333
0
VERTEX
8
2D_LINE_00
10
12.4056233333
20
-4.0215813333
0
VERTEX
8
2D_LINE_00
10
12.4157233333
20
-4.0134813333
0
VERTEX
8
2D_LINE_00
10
12.4257233333
20
-4.0052813333
0
VERTEX
8
2D_LINE_00
10
12.4357233333
20
-3.9970813333
0
VERTEX
8
2D_LINE_00
10
12.4457233333
20
-3.9888813333
0
VERTEX
8
2D_LINE_00
10
12.4557233333
20
-3.9805813333
0
VERTEX
8
2D_LINE_00
10
12.4656233333
20
-3.9722813333
0
VERTEX
8
2D_LINE_00
10
12.4755233333
20
-3.9639813333
0
VERTEX
8
2D_LINE_00
10
12.4853233333
20
-3.9555813333
0
VERTEX
8
2D_LINE_00
10
12.4951233333
20
-3.9470813333
0
VERTEX
8
2D_LINE_00
10
12.5049233333
20
-3.9385813333
0
VERTEX
8
2D_LINE_00
10
12.5146233333
20
-3.9300813333
0
VERTEX
8
2D_LINE_00
10
12.5243233333
20
-3.9214813333
0
VERTEX
8
2D_LINE_00
10
12.5340233333
20
-3.9128813333
0
VERTEX
8
2D_LINE_00
10
12.5436233333
20
-3.9041813333
0
VERTEX
8
2D_LINE_00
10
12.5532233333
20
-3.8954813333
0
VERTEX
8
2D_LINE_00
10
12.5627233333
20
-3.8867813333
0
VERTEX
8
2D_LINE_00
10
12.5722233333
20
-3.8779813333
0
VERTEX
8
2D_LINE_00
10
12.5817233333
20
-3.8691813333
0
VERTEX
8
2D_LINE_00
10
12.5911233333
20
-3.8602813333
0
VERTEX
8
2D_LINE_00
10
12.6005233333
20
-3.8513813333
0
VERTEX
8
2D_LINE_00
10
12.6098233333
20
-3.8424813333
0
VERTEX
8
2D_LINE_00
10
12.6191233333
20
-3.8334813333
0
VERTEX
8
2D_LINE_00
10
12.6284233333
20
-3.8243813333
0
VERTEX
8
2D_LINE_00
10
12.6376233333
20
-3.8153813333
0
VERTEX
8
2D_LINE_00
10
12.6468233333
20
-3.8061813333
0
VERTEX
8
2D_LINE_00
10
12.6560233333
20
-3.7970813333
0
VERTEX
8
2D_LINE_00
10
12.6651233333
20
-3.7878813333
0
VERTEX
8
2D_LINE_00
10
12.6741233333
20
-3.7786813333
0
VERTEX
8
2D_LINE_00
10
12.6832233333
20
-3.7693813333
0
VERTEX
8
2D_LINE_00
10
12.6922233333
20
-3.7600813333
0
VERTEX
8
2D_LINE_00
10
12.7011233333
20
-3.7506813333
0
VERTEX
8
2D_LINE_00
10
12.7100233333
20
-3.7412813333
0
VERTEX
8
2D_LINE_00
10
12.7189233333
20
-3.7318813333
0
VERTEX
8
2D_LINE_00
10
12.7277233333
20
-3.7224813333
0
VERTEX
8
2D_LINE_00
10
12.7365233333
20
-3.7128813333
0
VERTEX
8
2D_LINE_00
10
12.7453233333
20
-3.7033813333
0
VERTEX
8
2D_LINE_00
10
12.7540233333
20
-3.6937813333
0
VERTEX
8
2D_LINE_00
10
12.7626233333
20
-3.6841813333
0
VERTEX
8
2D_LINE_00
10
12.7713233333
20
-3.6745813333
0
VERTEX
8
2D_LINE_00
10
12.7798233333
20
-3.6648813333
0
VERTEX
8
2D_LINE_00
10
12.7884233333
20
-3.6551813333
0
VERTEX
8
2D_LINE_00
10
12.7969233333
20
-3.6453813333
0
VERTEX
8
2D_LINE_00
10
12.8054233333
20
-3.6355813333
0
VERTEX
8
2D_LINE_00
10
12.8138233333
20
-3.6257813333
0
VERTEX
8
2D_LINE_00
10
12.8222233333
20
-3.6158813333
0
VERTEX
8
2D_LINE_00
10
12.8305233333
20
-3.6059813333
0
VERTEX
8
2D_LINE_00
10
12.8388233333
20
-3.5960813333
0
VERTEX
8
2D_LINE_00
10
12.8470233333
20
-3.5860813333
0
VERTEX
8
2D_LINE_00
10
12.8553233333
20
-3.5760813333
0
VERTEX
8
2D_LINE_00
10
12.8634233333
20
-3.5660813333
0
VERTEX
8
2D_LINE_00
10
12.8716233333
20
-3.5559813333
0
VERTEX
8
2D_LINE_00
10
12.8797233333
20
-3.5458813333
0
VERTEX
8
2D_LINE_00
10
12.8877233333
20
-3.5357813333
0
VERTEX
8
2D_LINE_00
10
12.8957233333
20
-3.5255813333
0
VERTEX
8
2D_LINE_00
10
12.9037233333
20
-3.5153813333
0
VERTEX
8
2D_LINE_00
10
12.9116233333
20
-3.5051813333
0
VERTEX
8
2D_LINE_00
10
12.9195233333
20
-3.4948813333
0
VERTEX
8
2D_LINE_00
10
12.9273233333
20
-3.4845813333
0
VERTEX
8
2D_LINE_00
10
12.9351233333
20
-3.4742813333
0
VERTEX
8
2D_LINE_00
10
12.9429233333
20
-3.4638813333
0
VERTEX
8
2D_LINE_00
10
12.9506233333
20
-3.4534813333
0
VERTEX
8
2D_LINE_00
10
12.9583233333
20
-3.4430813333
0
VERTEX
8
2D_LINE_00
10
12.9659233333
20
-3.4326813333
0
VERTEX
8
2D_LINE_00
10
12.9735233333
20
-3.4221813333
0
VERTEX
8
2D_LINE_00
10
12.9811233333
20
-3.4116813333
0
VERTEX
8
2D_LINE_00
10
12.9886233333
20
-3.4011813333
0
VERTEX
8
2D_LINE_00
10
12.9960233333
20
-3.3905813333
0
VERTEX
8
2D_LINE_00
10
13.0035233333
20
-3.3799813333
0
VERTEX
8
2D_LINE_00
10
13.0109233333
20
-3.3693813333
0
VERTEX
8
2D_LINE_00
10
13.0182233333
20
-3.3586813333
0
VERTEX
8
2D_LINE_00
10
13.0255233333
20
-3.3479813333
0
VERTEX
8
2D_LINE_00
10
13.0328233333
20
-3.3372813333
0
VERTEX
8
2D_LINE_00
10
13.0400233333
20
-3.3265813333
0
VERTEX
8
2D_LINE_00
10
13.0472233333
20
-3.3157813333
0
VERTEX
8
2D_LINE_00
10
13.0544233333
20
-3.3049813333
0
VERTEX
8
2D_LINE_00
10
13.0615233333
20
-3.2941813333
0
VERTEX
8
2D_LINE_00
10
13.0685233333
20
-3.2833813333
0
VERTEX
8
2D_LINE_00
10
13.0756233333
20
-3.2724813333
0
VERTEX
8
2D_LINE_00
10
13.0825233333
20
-3.2615813333
0
VERTEX
8
2D_LINE_00
10
13.0895233333
20
-3.2506813333
0
VERTEX
8
2D_LINE_00
10
13.0964233333
20
-3.2397813333
0
VERTEX
8
2D_LINE_00
10
13.1033233333
20
-3.2287813333
0
VERTEX
8
2D_LINE_00
10
13.1101233333
20
-3.2177813333
0
VERTEX
8
2D_LINE_00
10
13.1169233333
20
-3.2067813333
0
VERTEX
8
2D_LINE_00
10
13.1236233333
20
-3.1957813333
0
VERTEX
8
2D_LINE_00
10
13.1304233333
20
-3.1846813333
0
VERTEX
8
2D_LINE_00
10
13.1370233333
20
-3.1735813333
0
VERTEX
8
2D_LINE_00
10
13.1437233333
20
-3.1624813333
0
VERTEX
8
2D_LINE_00
10
13.1502233333
20
-3.1513813333
0
VERTEX
8
2D_LINE_00
10
13.1568233333
20
-3.1401813333
0
VERTEX
8
2D_LINE_00
10
13.1633233333
20
-3.1289813333
0
VERTEX
8
2D_LINE_00
10
13.1698233333
20
-3.1178813333
0
VERTEX
8
2D_LINE_00
10
13.1762233333
20
-3.1065813333
0
VERTEX
8
2D_LINE_00
10
13.1826233333
20
-3.0953813333
0
VERTEX
8
2D_LINE_00
10
13.1890233333
20
-3.0840813333
0
VERTEX
8
2D_LINE_00
10
13.1953233333
20
-3.0727813333
0
VERTEX
8
2D_LINE_00
10
13.2016233333
20
-3.0614813333
0
VERTEX
8
2D_LINE_00
10
13.2079233333
20
-3.0501813333
0
VERTEX
8
2D_LINE_00
10
13.2141233333
20
-3.0388813333
0
VERTEX
8
2D_LINE_00
10
13.2202233333
20
-3.0274813333
0
VERTEX
8
2D_LINE_00
10
13.2264233333
20
-3.0160813333
0
VERTEX
8
2D_LINE_00
10
13.2325233333
20
-3.0046813333
0
VERTEX
8
2D_LINE_00
10
13.2385233333
20
-2.9932813333
0
VERTEX
8
2D_LINE_00
10
13.2445233333
20
-2.9817813333
0
VERTEX
8
2D_LINE_00
10
13.2505233333
20
-2.9703813333
0
VERTEX
8
2D_LINE_00
10
13.2565233333
20
-2.9588813333
0
VERTEX
8
2D_LINE_00
10
13.2624233333
20
-2.9473813333
0
VERTEX
8
2D_LINE_00
10
13.2683233333
20
-2.9358813333
0
VERTEX
8
2D_LINE_00
10
13.2741233333
20
-2.9242813333
0
VERTEX
8
2D_LINE_00
10
13.2799233333
20
-2.9127813333
0
VERTEX
8
2D_LINE_00
10
13.2857233333
20
-2.9011813333
0
VERTEX
8
2D_LINE_00
10
13.2914233333
20
-2.8895813333
0
VERTEX
8
2D_LINE_00
10
13.2971233333
20
-2.8779813333
0
VERTEX
8
2D_LINE_00
10
13.3027233333
20
-2.8662813333
0
VERTEX
8
2D_LINE_00
10
13.3084233333
20
-2.8546813333
0
VERTEX
8
2D_LINE_00
10
13.3140233333
20
-2.8429813333
0
VERTEX
8
2D_LINE_00
10
13.3195233333
20
-2.8313813333
0
VERTEX
8
2D_LINE_00
10
13.3250233333
20
-2.8196813333
0
VERTEX
8
2D_LINE_00
10
13.3305233333
20
-2.8078813333
0
VERTEX
8
2D_LINE_00
10
13.3359233333
20
-2.7961813333
0
VERTEX
8
2D_LINE_00
10
13.3414233333
20
-2.7844813333
0
VERTEX
8
2D_LINE_00
10
13.3467233333
20
-2.7726813333
0
VERTEX
8
2D_LINE_00
10
13.3521233333
20
-2.7608813333
0
VERTEX
8
2D_LINE_00
10
13.3574233333
20
-2.7490813333
0
VERTEX
8
2D_LINE_00
10
13.3626233333
20
-2.7372813333
0
VERTEX
8
2D_LINE_00
10
13.3679233333
20
-2.7254813333
0
VERTEX
8
2D_LINE_00
10
13.3731233333
20
-2.7135813333
0
VERTEX
8
2D_LINE_00
10
13.3783233333
20
-2.7017813333
0
VERTEX
8
2D_LINE_00
10
13.3834233333
20
-2.6898813333
0
VERTEX
8
2D_LINE_00
10
13.3885233333
20
-2.6779813333
0
VERTEX
8
2D_LINE_00
10
13.3936233333
20
-2.6660813333
0
VERTEX
8
2D_LINE_00
10
13.3986233333
20
-2.6541813333
0
VERTEX
8
2D_LINE_00
10
13.4036233333
20
-2.6422813333
0
VERTEX
8
2D_LINE_00
10
13.4086233333
20
-2.6302813333
0
VERTEX
8
2D_LINE_00
10
13.4135233333
20
-2.6183813333
0
VERTEX
8
2D_LINE_00
10
13.4184233333
20
-2.6063813333
0
VERTEX
8
2D_LINE_00
10
13.4233233333
20
-2.5943813333
0
VERTEX
8
2D_LINE_00
10
13.4281233333
20
-2.5823813333
0
VERTEX
8
2D_LINE_00
10
13.4329233333
20
-2.5703813333
0
VERTEX
8
2D_LINE_00
10
13.4377233333
20
-2.5583813333
0
VERTEX
8
2D_LINE_00
10
13.4424233333
20
-2.5463813333
0
VERTEX
8
2D_LINE_00
10
13.4471233333
20
-2.5342813333
0
VERTEX
8
2D_LINE_00
10
13.4518233333
20
-2.5222813333
0
VERTEX
8
2D_LINE_00
10
13.4564233333
20
-2.5101813333
0
VERTEX
8
2D_LINE_00
10
13.4610233333
20
-2.4980813333
0
VERTEX
8
2D_LINE_00
10
13.4656233333
20
-2.4859813333
0
VERTEX
8
2D_LINE_00
10
13.4702233333
20
-2.4738813333
0
VERTEX
8
2D_LINE_00
10
13.4747233333
20
-2.4617813333
0
VERTEX
8
2D_LINE_00
10
13.4792233333
20
-2.4496813333
0
VERTEX
8
2D_LINE_00
10
13.4836233333
20
-2.4374813333
0
VERTEX
8
2D_LINE_00
10
13.4880233333
20
-2.4253813333
0
VERTEX
8
2D_LINE_00
10
13.4924233333
20
-2.4131813333
0
VERTEX
8
2D_LINE_00
10
13.4968233333
20
-2.4010813333
0
VERTEX
8
2D_LINE_00
10
13.5011233333
20
-2.3888813333
0
VERTEX
8
2D_LINE_00
10
13.5054233333
20
-2.3766813333
0
VERTEX
8
2D_LINE_00
10
13.5097233333
20
-2.3644813333
0
VERTEX
8
2D_LINE_00
10
13.5139233333
20
-2.3522813333
0
VERTEX
8
2D_LINE_00
10
13.5181233333
20
-2.3399813333
0
VERTEX
8
2D_LINE_00
10
13.5223233333
20
-2.3277813333
0
VERTEX
8
2D_LINE_00
10
13.5265233333
20
-2.3154813333
0
VERTEX
8
2D_LINE_00
10
13.5306233333
20
-2.3032813333
0
VERTEX
8
2D_LINE_00
10
13.5347233333
20
-2.2909813333
0
VERTEX
8
2D_LINE_00
10
13.5387233333
20
-2.2786813333
0
VERTEX
8
2D_LINE_00
10
13.5428233333
20
-2.2663813333
0
VERTEX
8
2D_LINE_00
10
13.5468233333
20
-2.2540813333
0
VERTEX
8
2D_LINE_00
10
13.5508233333
20
-2.2417813333
0
VERTEX
8
2D_LINE_00
10
13.5547233333
20
-2.2294813333
0
VERTEX
8
2D_LINE_00
10
13.5586233333
20
-2.2171813333
0
VERTEX
8
2D_LINE_00
10
13.5625233333
20
-2.2047813333
0
VERTEX
8
2D_LINE_00
10
13.5664233333
20
-2.1924813333
0
VERTEX
8
2D_LINE_00
10
13.5702233333
20
-2.1800813333
0
VERTEX
8
2D_LINE_00
10
13.5740233333
20
-2.1677813333
0
VERTEX
8
2D_LINE_00
10
13.5778233333
20
-2.1553813333
0
VERTEX
8
2D_LINE_00
10
13.5816233333
20
-2.1429813333
0
VERTEX
8
2D_LINE_00
10
13.5853233333
20
-2.1305813333
0
VERTEX
8
2D_LINE_00
10
13.5890233333
20
-2.1181813333
0
VERTEX
8
2D_LINE_00
10
13.5927233333
20
-2.1057813333
0
VERTEX
8
2D_LINE_00
10
13.5963233333
20
-2.0933813333
0
VERTEX
8
2D_LINE_00
10
13.5999233333
20
-2.0808813333
0
VERTEX
8
2D_LINE_00
10
13.6035233333
20
-2.0684813333
0
VERTEX
8
2D_LINE_00
10
13.6071233333
20
-2.0560813333
0
VERTEX
8
2D_LINE_00
10
13.6106233333
20
-2.0435813333
0
VERTEX
8
2D_LINE_00
10
13.6141233333
20
-2.0310813333
0
VERTEX
8
2D_LINE_00
10
13.6176233333
20
-2.0186813333
0
VERTEX
8
2D_LINE_00
10
13.6210233333
20
-2.0061813333
0
VERTEX
8
2D_LINE_00
10
13.6244233333
20
-1.9936813333
0
VERTEX
8
2D_LINE_00
10
13.6278233333
20
-1.9811813333
0
VERTEX
8
2D_LINE_00
10
13.6312233333
20
-1.9686813333
0
VERTEX
8
2D_LINE_00
10
13.6345233333
20
-1.9561813333
0
VERTEX
8
2D_LINE_00
10
13.6378233333
20
-1.9436813333
0
VERTEX
8
2D_LINE_00
10
13.6411233333
20
-1.9310813333
0
VERTEX
8
2D_LINE_00
10
13.6443233333
20
-1.9185813333
0
VERTEX
8
2D_LINE_00
10
13.6475233333
20
-1.9060813333
0
VERTEX
8
2D_LINE_00
10
13.6507233333
20
-1.8934813333
0
VERTEX
8
2D_LINE_00
10
13.6539233333
20
-1.8808813333
0
VERTEX
8
2D_LINE_00
10
13.6570233333
20
-1.8683813333
0
VERTEX
8
2D_LINE_00
10
13.6601233333
20
-1.8557813333
0
VERTEX
8
2D_LINE_00
10
13.6632233333
20
-1.8431813333
0
VERTEX
8
2D_LINE_00
10
13.6663233333
20
-1.8305813333
0
VERTEX
8
2D_LINE_00
10
13.6693233333
20
-1.8180813333
0
VERTEX
8
2D_LINE_00
10
13.6723233333
20
-1.8054813333
0
VERTEX
8
2D_LINE_00
10
13.6753233333
20
-1.7927813333
0
VERTEX
8
2D_LINE_00
10
13.6782233333
20
-1.7801813333
0
VERTEX
8
2D_LINE_00
10
13.6811233333
20
-1.7675813333
0
VERTEX
8
2D_LINE_00
10
13.6840233333
20
-1.7549813333
0
VERTEX
8
2D_LINE_00
10
13.6868233333
20
-1.7423813333
0
VERTEX
8
2D_LINE_00
10
13.6897233333
20
-1.7296813333
0
VERTEX
8
2D_LINE_00
10
13.6925233333
20
-1.7170813333
0
VERTEX
8
2D_LINE_00
10
13.6952233333
20
-1.7043813333
0
VERTEX
8
2D_LINE_00
10
13.6980233333
20
-1.6917813333
0
VERTEX
8
2D_LINE_00
10
13.7007233333
20
-1.6790813333
0
VERTEX
8
2D_LINE_00
10
13.7034233333
20
-1.6663813333
0
VERTEX
8
2D_LINE_00
10
13.7060233333
20
-1.6537813333
0
VERTEX
8
2D_LINE_00
10
13.7087233333
20
-1.6410813333
0
VERTEX
8
2D_LINE_00
10
13.7113233333
20
-1.6283813333
0
VERTEX
8
2D_LINE_00
10
13.7138233333
20
-1.6156813333
0
VERTEX
8
2D_LINE_00
10
13.7164233333
20
-1.6029813333
0
VERTEX
8
2D_LINE_00
10
13.7189233333
20
-1.5902813333
0
VERTEX
8
2D_LINE_00
10
13.7214233333
20
-1.5775813333
0
VERTEX
8
2D_LINE_00
10
13.7238233333
20
-1.5648813333
0
VERTEX
8
2D_LINE_00
10
13.7263233333
20
-1.5521813333
0
VERTEX
8
2D_LINE_00
10
13.7287233333
20
-1.5393813333
0
VERTEX
8
2D_LINE_00
10
13.7311233333
20
-1.5266813333
0
VERTEX
8
2D_LINE_00
10
13.7334233333
20
-1.5139813333
0
VERTEX
8
2D_LINE_00
10
13.7357233333
20
-1.5011813333
0
VERTEX
8
2D_LINE_00
10
13.7380233333
20
-1.4884813333
0
VERTEX
8
2D_LINE_00
10
13.7403233333
20
-1.4757813333
0
VERTEX
8
2D_LINE_00
10
13.7425233333
20
-1.4629813333
0
VERTEX
8
2D_LINE_00
10
13.7447233333
20
-1.4502813333
0
VERTEX
8
2D_LINE_00
10
13.7469233333
20
-1.4374813333
0
VERTEX
8
2D_LINE_00
10
13.7490233333
20
-1.4246813333
0
VERTEX
8
2D_LINE_00
10
13.7512233333
20
-1.4119813333
0
VERTEX
8
2D_LINE_00
10
13.7533233333
20
-1.3991813333
0
VERTEX
8
2D_LINE_00
10
13.7553233333
20
-1.3863813333
0
VERTEX
8
2D_LINE_00
10
13.7574233333
20
-1.3735813333
0
VERTEX
8
2D_LINE_00
10
13.7594233333
20
-1.3608813333
0
VERTEX
8
2D_LINE_00
10
13.7613233333
20
-1.3480813333
0
VERTEX
8
2D_LINE_00
10
13.7633233333
20
-1.3352813333
0
VERTEX
8
2D_LINE_00
10
13.7652233333
20
-1.3224813333
0
VERTEX
8
2D_LINE_00
10
13.7671233333
20
-1.3096813333
0
VERTEX
8
2D_LINE_00
10
13.7690233333
20
-1.2968813333
0
VERTEX
8
2D_LINE_00
10
13.7708233333
20
-1.2840813333
0
VERTEX
8
2D_LINE_00
10
13.7726233333
20
-1.2712813333
0
VERTEX
8
2D_LINE_00
10
13.7744233333
20
-1.2584813333
0
VERTEX
8
2D_LINE_00
10
13.7762233333
20
-1.2456813333
0
VERTEX
8
2D_LINE_00
10
13.7779233333
20
-1.2327813333
0
VERTEX
8
2D_LINE_00
10
13.7796233333
20
-1.2199813333
0
VERTEX
8
2D_LINE_00
10
13.7813233333
20
-1.2071813333
0
VERTEX
8
2D_LINE_00
10
13.7829233333
20
-1.1943813333
0
VERTEX
8
2D_LINE_00
10
13.7845233333
20
-1.1814813333
0
VERTEX
8
2D_LINE_00
10
13.7861233333
20
-1.1686813333
0
VERTEX
8
2D_LINE_00
10
13.7877233333
20
-1.1558813333
0
VERTEX
8
2D_LINE_00
10
13.7892233333
20
-1.1429813333
0
VERTEX
8
2D_LINE_00
10
13.7907233333
20
-1.1301813333
0
VERTEX
8
2D_LINE_00
10
13.7922233333
20
-1.1173813333
0
VERTEX
8
2D_LINE_00
10
13.7937233333
20
-1.1044813333
0
VERTEX
8
2D_LINE_00
10
13.7951233333
20
-1.0916813333
0
VERTEX
8
2D_LINE_00
10
13.7966233333
20
-1.0787813333
0
VERTEX
8
2D_LINE_00
10
13.7980233333
20
-1.0659813333
0
VERTEX
8
2D_LINE_00
10
13.7993233333
20
-1.0530813333
0
VERTEX
8
2D_LINE_00
10
13.8007233333
20
-1.0402813333
0
VERTEX
8
2D_LINE_00
10
13.8020233333
20
-1.0273813333
0
VERTEX
8
2D_LINE_00
10
13.8033233333
20
-1.0144813333
0
VERTEX
8
2D_LINE_00
10
13.8046233333
20
-1.0016813333
0
VERTEX
8
2D_LINE_00
10
13.8059233333
20
-0.9887813333
0
VERTEX
8
2D_LINE_00
10
13.8071233333
20
-0.9758813333
0
VERTEX
8
2D_LINE_00
10
13.8083233333
20
-0.9630813333
0
VERTEX
8
2D_LINE_00
10
13.8095233333
20
-0.9501813333
0
VERTEX
8
2D_LINE_00
10
13.8107233333
20
-0.9372813333
0
VERTEX
8
2D_LINE_00
10
13.8119233333
20
-0.9244813333
0
VERTEX
8
2D_LINE_00
10
13.8130233333
20
-0.9115813333
0
VERTEX
8
2D_LINE_00
10
13.8142233333
20
-0.8986813333
0
VERTEX
8
2D_LINE_00
10
13.8153233333
20
-0.8857813333
0
VERTEX
8
2D_LINE_00
10
13.8164233333
20
-0.8728813333
0
VERTEX
8
2D_LINE_00
10
13.8175233333
20
-0.8600813333
0
VERTEX
8
2D_LINE_00
10
13.8185233333
20
-0.8471813333
0
VERTEX
8
2D_LINE_00
10
13.8196233333
20
-0.8342813333
0
VERTEX
8
2D_LINE_00
10
13.8206233333
20
-0.8213813333
0
VERTEX
8
2D_LINE_00
10
13.8216233333
20
-0.8084813333
0
VERTEX
8
2D_LINE_00
10
13.8226233333
20
-0.7955813333
0
VERTEX
8
2D_LINE_00
10
13.8236233333
20
-0.7826813333
0
VERTEX
8
2D_LINE_00
10
13.8245233333
20
-0.7697813333
0
VERTEX
8
2D_LINE_00
10
13.8255233333
20
-0.7568813333
0
VERTEX
8
2D_LINE_00
10
13.8264233333
20
-0.7439813333
0
VERTEX
8
2D_LINE_00
10
13.8274233333
20
-0.7310813333
0
VERTEX
8
2D_LINE_00
10
13.8283233333
20
-0.7181813333
0
VERTEX
8
2D_LINE_00
10
13.8292233333
20
-0.7052813333
0
VERTEX
8
2D_LINE_00
10
13.8301233333
20
-0.6923813333
0
VERTEX
8
2D_LINE_00
10
13.8309233333
20
-0.6794813333
0
VERTEX
8
2D_LINE_00
10
13.8318233333
20
-0.6665813333
0
VERTEX
8
2D_LINE_00
10
13.8327233333
20
-0.6536813333
0
VERTEX
8
2D_LINE_00
10
13.8335233333
20
-0.6407813333
0
VERTEX
8
2D_LINE_00
10
13.8343233333
20
-0.6278813333
0
VERTEX
8
2D_LINE_00
10
13.8351233333
20
-0.6149813333
0
VERTEX
8
2D_LINE_00
10
13.8360233333
20
-0.6019813333
0
VERTEX
8
2D_LINE_00
10
13.8368233333
20
-0.5890813333
0
VERTEX
8
2D_LINE_00
10
13.8376233333
20
-0.5761813333
0
VERTEX
8
2D_LINE_00
10
13.8383233333
20
-0.5632813333
0
VERTEX
8
2D_LINE_00
10
13.8391233333
20
-0.5503813333
0
VERTEX
8
2D_LINE_00
10
13.8399233333
20
-0.5374813333
0
VERTEX
8
2D_LINE_00
10
13.8406233333
20
-0.5244813333
0
VERTEX
8
2D_LINE_00
10
13.8414233333
20
-0.5115813333
0
VERTEX
8
2D_LINE_00
10
13.8421233333
20
-0.4986813333
0
VERTEX
8
2D_LINE_00
10
13.8429233333
20
-0.4857813333
0
VERTEX
8
2D_LINE_00
10
13.8436233333
20
-0.4728813333
0
VERTEX
8
2D_LINE_00
10
13.8444233333
20
-0.4598813333
0
VERTEX
8
2D_LINE_00
10
13.8451233333
20
-0.4469813333
0
VERTEX
8
2D_LINE_00
10
13.8458233333
20
-0.4340813333
0
VERTEX
8
2D_LINE_00
10
13.8465233333
20
-0.4211813333
0
VERTEX
8
2D_LINE_00
10
13.8472233333
20
-0.4082813333
0
VERTEX
8
2D_LINE_00
10
13.8479233333
20
-0.3952813333
0
VERTEX
8
2D_LINE_00
10
13.8486233333
20
-0.3823813333
0
VERTEX
8
2D_LINE_00
10
13.8493233333
20
-0.3694813333
0
VERTEX
8
2D_LINE_00
10
13.8500233333
20
-0.3565813333
0
VERTEX
8
2D_LINE_00
10
13.8507233333
20
-0.3435813333
0
VERTEX
8
2D_LINE_00
10
13.8514233333
20
-0.3306813333
0
VERTEX
8
2D_LINE_00
10
13.8521233333
20
-0.3177813333
0
VERTEX
8
2D_LINE_00
10
13.8528233333
20
-0.3048813333
0
VERTEX
8
2D_LINE_00
10
13.8535233333
20
-0.2918813333
0
VERTEX
8
2D_LINE_00
10
13.8542233333
20
-0.2789813333
0
SEQEND
0
INSERT
2
SMOOTH_0$2
8
2D_LINE_00
10
8.8704233333
20
-4.8771813333
0
INSERT
2
SMOOTH_0$2
8
2D_LINE_00
10
8.8833233333
20
-4.8770813333
0
POLYLINE
8
2D_LINE_00
66
1
40
0.2
41
0.2
0
VERTEX
8
2D_LINE_00
10
-30.4046866667
20
40.3
42
0.3823629087
0
VERTEX
8
2D_LINE_00
10
-26.6774966667
20
43.6370213333
0
SEQEND
0
INSERT
2
SMOOTH_0$2
8
2D_LINE_00
10
-30.4046866667
20
40.3
0
INSERT
2
SMOOTH_0$2
8
2D_LINE_00
10
-26.6774966667
20
43.6370213333
0
POLYLINE
8
2D_LINE_00
66
1
40
0.2
41
0.2
0
VERTEX
8
2D_LINE_00
10
-40.8934453333
20
39.524336
42
0.0716808913
0
VERTEX
8
2D_LINE_00
10
-45.0179406667
20
32.2427006667
0
SEQEND
0
INSERT
2
SMOOTH_0$2
8
2D_LINE_00
10
-40.8934453333
20
39.524336
0
INSERT
2
SMOOTH_0$2
8
2D_LINE_00
10
-45.0179406667
20
32.2427006667
0
POLYLINE
8
2D_LINE_00
66
1
40
0.2
41
0.2
0
VERTEX
8
2D_LINE_00
10
-21.668728
20
-4.8771453333
0
VERTEX
8
2D_LINE_00
10
8.8703826667
20
-4.8771453333
0
SEQEND
0
INSERT
2
SMOOTH_0$2
8
2D_LINE_00
10
-21.668728
20
-4.8771453333
0
INSERT
2
SMOOTH_0$2
8
2D_LINE_00
10
8.8703826667
20
-4.8771453333
0
POLYLINE
8
2D_LINE_00
66
1
40
0.2
41
0.2
0
VERTEX
8
2D_LINE_00
10
-26.6599766667
20
-0.1732813333
0
VERTEX
8
2D_LINE_00
10
-26.6595766667
20
-0.1857813333
0
VERTEX
8
2D_LINE_00
10
-26.6591766667
20
-0.1981813333
0
VERTEX
8
2D_LINE_00
10
-26.6587766667
20
-0.2106813333
0
VERTEX
8
2D_LINE_00
10
-26.6583766667
20
-0.2231813333
0
VERTEX
8
2D_LINE_00
10
-26.6580766667
20
-0.2356813333
0
VERTEX
8
2D_LINE_00
10
-26.6576766667
20
-0.2480813333
0
VERTEX
8
2D_LINE_00
10
-26.6572766667
20
-0.2605813333
0
VERTEX
8
2D_LINE_00
10
-26.6568766667
20
-0.2730813333
0
VERTEX
8
2D_LINE_00
10
-26.6564766667
20
-0.2855813333
0
VERTEX
8
2D_LINE_00
10
-26.6560766667
20
-0.2979813333
0
VERTEX
8
2D_LINE_00
10
-26.6556766667
20
-0.3104813333
0
VERTEX
8
2D_LINE_00
10
-26.6552766667
20
-0.3229813333
0
VERTEX
8
2D_LINE_00
10
-26.6548766667
20
-0.3354813333
0
VERTEX
8
2D_LINE_00
10
-26.6544766667
20
-0.3478813333
0
VERTEX
8
2D_LINE_00
10
-26.6539766667
20
-0.3603813333
0
VERTEX
8
2D_LINE_00
10
-26.6535766667
20
-0.3728813333
0
VERTEX
8
2D_LINE_00
10
-26.6531766667
20
-0.3853813333
0
VERTEX
8
2D_LINE_00
10
-26.6526766667
20
-0.3977813333
0
VERTEX
8
2D_LINE_00
10
-26.6522766667
20
-0.4102813333
0
VERTEX
8
2D_LINE_00
10
-26.6517766667
20
-0.4227813333
0
VERTEX
8
2D_LINE_00
10
-26.6513766667
20
-0.4352813333
0
VERTEX
8
2D_LINE_00
10
-26.6508766667
20
-0.4476813333
0
VERTEX
8
2D_LINE_00
10
-26.6503766667
20
-0.4601813333
0
VERTEX
8
2D_LINE_00
10
-26.6499766667
20
-0.4726813333
0
VERTEX
8
2D_LINE_00
10
-26.6494766667
20
-0.4850813333
0
VERTEX
8
2D_LINE_00
10
-26.6489766667
20
-0.4975813333
0
VERTEX
8
2D_LINE_00
10
-26.6483766667
20
-0.5100813333
0
VERTEX
8
2D_LINE_00
10
-26.6478766667
20
-0.5225813333
0
VERTEX
8
2D_LINE_00
10
-26.6473766667
20
-0.5349813333
0
VERTEX
8
2D_LINE_00
10
-26.6467766667
20
-0.5474813333
0
VERTEX
8
2D_LINE_00
10
-26.6462766667
20
-0.5599813333
0
VERTEX
8
2D_LINE_00
10
-26.6456766667
20
-0.5723813333
0
VERTEX
8
2D_LINE_00
10
-26.6450766667
20
-0.5848813333
0
VERTEX
8
2D_LINE_00
10
-26.6444766667
20
-0.5973813333
0
VERTEX
8
2D_LINE_00
10
-26.6438766667
20
-0.6097813333
0
VERTEX
8
2D_LINE_00
10
-26.6432766667
20
-0.6222813333
0
VERTEX
8
2D_LINE_00
10
-26.6426766667
20
-0.6347813333
0
VERTEX
8
2D_LINE_00
10
-26.6419766667
20
-0.6471813333
0
VERTEX
8
2D_LINE_00
10
-26.6413766667
20
-0.6596813333
0
VERTEX
8
2D_LINE_00
10
-26.6406766667
20
-0.6721813333
0
VERTEX
8
2D_LINE_00
10
-26.6399766667
20
-0.6845813333
0
VERTEX
8
2D_LINE_00
10
-26.6392766667
20
-0.6970813333
0
VERTEX
8
2D_LINE_00
10
-26.6385766667
20
-0.7095813333
0
VERTEX
8
2D_LINE_00
10
-26.6378766667
20
-0.7219813333
0
VERTEX
8
2D_LINE_00
10
-26.6370766667
20
-0.7344813333
0
VERTEX
8
2D_LINE_00
10
-26.6362766667
20
-0.7468813333
0
VERTEX
8
2D_LINE_00
10
-26.6354766667
20
-0.7593813333
0
VERTEX
8
2D_LINE_00
10
-26.6346766667
20
-0.7718813333
0
VERTEX
8
2D_LINE_00
10
-26.6338766667
20
-0.7842813333
0
VERTEX
8
2D_LINE_00
10
-26.6330766667
20
-0.7967813333
0
VERTEX
8
2D_LINE_00
10
-26.6321766667
20
-0.8091813333
0
VERTEX
8
2D_LINE_00
10
-26.6313766667
20
-0.8216813333
0
VERTEX
8
2D_LINE_00
10
-26.6304766667
20
-0.8340813333
0
VERTEX
8
2D_LINE_00
10
-26.6295766667
20
-0.8465813333
0
VERTEX
8
2D_LINE_00
10
-26.6285766667
20
-0.8589813333
0
VERTEX
8
2D_LINE_00
10
-26.6276766667
20
-0.8714813333
0
VERTEX
8
2D_LINE_00
10
-26.6266766667
20
-0.8838813333
0
VERTEX
8
2D_LINE_00
10
-26.6256766667
20
-0.8963813333
0
VERTEX
8
2D_LINE_00
10
-26.6246766667
20
-0.9087813333
0
VERTEX
8
2D_LINE_00
10
-26.6236766667
20
-0.9211813333
0
VERTEX
8
2D_LINE_00
10
-26.6226766667
20
-0.9336813333
0
VERTEX
8
2D_LINE_00
10
-26.6215766667
20
-0.9460813333
0
VERTEX
8
2D_LINE_00
10
-26.6204766667
20
-0.9585813333
0
VERTEX
8
2D_LINE_00
10
-26.6193766667
20
-0.9709813333
0
VERTEX
8
2D_LINE_00
10
-26.6182766667
20
-0.9833813333
0
VERTEX
8
2D_LINE_00
10
-26.6170766667
20
-0.9958813333
0
VERTEX
8
2D_LINE_00
10
-26.6159766667
20
-1.0082813333
0
VERTEX
8
2D_LINE_00
10
-26.6147766667
20
-1.0206813333
0
VERTEX
8
2D_LINE_00
10
-26.6135766667
20
-1.0330813333
0
VERTEX
8
2D_LINE_00
10
-26.6122766667
20
-1.0455813333
0
VERTEX
8
2D_LINE_00
10
-26.6110766667
20
-1.0579813333
0
VERTEX
8
2D_LINE_00
10
-26.6097766667
20
-1.0703813333
0
VERTEX
8
2D_LINE_00
10
-26.6084766667
20
-1.0827813333
0
VERTEX
8
2D_LINE_00
10
-26.6070766667
20
-1.0951813333
0
VERTEX
8
2D_LINE_00
10
-26.6057766667
20
-1.1075813333
0
VERTEX
8
2D_LINE_00
10
-26.6043766667
20
-1.1199813333
0
VERTEX
8
2D_LINE_00
10
-26.6029766667
20
-1.1323813333
0
VERTEX
8
2D_LINE_00
10
-26.6015766667
20
-1.1447813333
0
VERTEX
8
2D_LINE_00
10
-26.6001766667
20
-1.1571813333
0
VERTEX
8
2D_LINE_00
10
-26.5986766667
20
-1.1695813333
0
VERTEX
8
2D_LINE_00
10
-26.5971766667
20
-1.1819813333
0
VERTEX
8
2D_LINE_00
10
-26.5956766667
20
-1.1943813333
0
VERTEX
8
2D_LINE_00
10
-26.5940766667
20
-1.2067813333
0
VERTEX
8
2D_LINE_00
10
-26.5924766667
20
-1.2191813333
0
VERTEX
8
2D_LINE_00
10
-26.5908766667
20
-1.2315813333
0
VERTEX
8
2D_LINE_00
10
-26.5892766667
20
-1.2439813333
0
VERTEX
8
2D_LINE_00
10
-26.5876766667
20
-1.2562813333
0
VERTEX
8
2D_LINE_00
10
-26.5859766667
20
-1.2686813333
0
VERTEX
8
2D_LINE_00
10
-26.5842766667
20
-1.2810813333
0
VERTEX
8
2D_LINE_00
10
-26.5825766667
20
-1.2933813333
0
VERTEX
8
2D_LINE_00
10
-26.5807766667
20
-1.3057813333
0
VERTEX
8
2D_LINE_00
10
-26.5790766667
20
-1.3181813333
0
VERTEX
8
2D_LINE_00
10
-26.5772766667
20
-1.3304813333
0
VERTEX
8
2D_LINE_00
10
-26.5754766667
20
-1.3428813333
0
VERTEX
8
2D_LINE_00
10
-26.5735766667
20
-1.3551813333
0
VERTEX
8
2D_LINE_00
10
-26.5716766667
20
-1.3675813333
0
VERTEX
8
2D_LINE_00
10
-26.5697766667
20
-1.3798813333
0
VERTEX
8
2D_LINE_00
10
-26.5678766667
20
-1.3921813333
0
VERTEX
8
2D_LINE_00
10
-26.5659766667
20
-1.4045813333
0
VERTEX
8
2D_LINE_00
10
-26.5639766667
20
-1.4168813333
0
VERTEX
8
2D_LINE_00
10
-26.5619766667
20
-1.4291813333
0
VERTEX
8
2D_LINE_00
10
-26.5599766667
20
-1.4414813333
0
VERTEX
8
2D_LINE_00
10
-26.5578766667
20
-1.4538813333
0
VERTEX
8
2D_LINE_00
10
-26.5558766667
20
-1.4661813333
0
VERTEX
8
2D_LINE_00
10
-26.5537766667
20
-1.4784813333
0
VERTEX
8
2D_LINE_00
10
-26.5515766667
20
-1.4907813333
0
VERTEX
8
2D_LINE_00
10
-26.5494766667
20
-1.5030813333
0
VERTEX
8
2D_LINE_00
10
-26.5472766667
20
-1.5153813333
0
VERTEX
8
2D_LINE_00
10
-26.5450766667
20
-1.5276813333
0
VERTEX
8
2D_LINE_00
10
-26.5428766667
20
-1.5399813333
0
VERTEX
8
2D_LINE_00
10
-26.5406766667
20
-1.5521813333
0
VERTEX
8
2D_LINE_00
10
-26.5383766667
20
-1.5644813333
0
VERTEX
8
2D_LINE_00
10
-26.5360766667
20
-1.5767813333
0
VERTEX
8
2D_LINE_00
10
-26.5337766667
20
-1.5890813333
0
VERTEX
8
2D_LINE_00
10
-26.5313766667
20
-1.6012813333
0
VERTEX
8
2D_LINE_00
10
-26.5289766667
20
-1.6135813333
0
VERTEX
8
2D_LINE_00
10
-26.5265766667
20
-1.6257813333
0
VERTEX
8
2D_LINE_00
10
-26.5241766667
20
-1.6380813333
0
VERTEX
8
2D_LINE_00
10
-26.5217766667
20
-1.6502813333
0
VERTEX
8
2D_LINE_00
10
-26.5192766667
20
-1.6625813333
0
VERTEX
8
2D_LINE_00
10
-26.5167766667
20
-1.6747813333
0
VERTEX
8
2D_LINE_00
10
-26.5142766667
20
-1.6869813333
0
VERTEX
8
2D_LINE_00
10
-26.5116766667
20
-1.6991813333
0
VERTEX
8
2D_LINE_00
10
-26.5091766667
20
-1.7114813333
0
VERTEX
8
2D_LINE_00
10
-26.5065766667
20
-1.7236813333
0
VERTEX
8
2D_LINE_00
10
-26.5038766667
20
-1.7358813333
0
VERTEX
8
2D_LINE_00
10
-26.5012766667
20
-1.7480813333
0
VERTEX
8
2D_LINE_00
10
-26.4985766667
20
-1.7602813333
0
VERTEX
8
2D_LINE_00
10
-26.4958766667
20
-1.7724813333
0
VERTEX
8
2D_LINE_00
10
-26.4931766667
20
-1.7845813333
0
VERTEX
8
2D_LINE_00
10
-26.4903766667
20
-1.7967813333
0
VERTEX
8
2D_LINE_00
10
-26.4875766667
20
-1.8089813333
0
VERTEX
8
2D_LINE_00
10
-26.4847766667
20
-1.8211813333
0
VERTEX
8
2D_LINE_00
10
-26.4819766667
20
-1.8332813333
0
VERTEX
8
2D_LINE_00
10
-26.4791766667
20
-1.8454813333
0
VERTEX
8
2D_LINE_00
10
-26.4762766667
20
-1.8575813333
0
VERTEX
8
2D_LINE_00
10
-26.4733766667
20
-1.8697813333
0
VERTEX
8
2D_LINE_00
10
-26.4703766667
20
-1.8818813333
0
VERTEX
8
2D_LINE_00
10
-26.4674766667
20
-1.8939813333
0
VERTEX
8
2D_LINE_00
10
-26.4644766667
20
-1.9060813333
0
VERTEX
8
2D_LINE_00
10
-26.4614766667
20
-1.9182813333
0
VERTEX
8
2D_LINE_00
10
-26.4583766667
20
-1.9303813333
0
VERTEX
8
2D_LINE_00
10
-26.4553766667
20
-1.9424813333
0
VERTEX
8
2D_LINE_00
10
-26.4522766667
20
-1.9545813333
0
VERTEX
8
2D_LINE_00
10
-26.4491766667
20
-1.9666813333
0
VERTEX
8
2D_LINE_00
10
-26.4459766667
20
-1.9786813333
0
VERTEX
8
2D_LINE_00
10
-26.4428766667
20
-1.9907813333
0
VERTEX
8
2D_LINE_00
10
-26.4396766667
20
-2.0028813333
0
VERTEX
8
2D_LINE_00
10
-26.4363766667
20
-2.0148813333
0
VERTEX
8
2D_LINE_00
10
-26.4331766667
20
-2.0269813333
0
VERTEX
8
2D_LINE_00
10
-26.4298766667
20
-2.0390813333
0
VERTEX
8
2D_LINE_00
10
-26.4265766667
20
-2.0510813333
0
VERTEX
8
2D_LINE_00
10
-26.4232766667
20
-2.0630813333
0
VERTEX
8
2D_LINE_00
10
-26.4198766667
20
-2.0751813333
0
VERTEX
8
2D_LINE_00
10
-26.4165766667
20
-2.0871813333
0
VERTEX
8
2D_LINE_00
10
-26.4131766667
20
-2.0991813333
0
VERTEX
8
2D_LINE_00
10
-26.4096766667
20
-2.1111813333
0
VERTEX
8
2D_LINE_00
10
-26.4062766667
20
-2.1231813333
0
VERTEX
8
2D_LINE_00
10
-26.4027766667
20
-2.1351813333
0
VERTEX
8
2D_LINE_00
10
-26.3992766667
20
-2.1471813333
0
VERTEX
8
2D_LINE_00
10
-26.3956766667
20
-2.1590813333
0
VERTEX
8
2D_LINE_00
10
-26.3921766667
20
-2.1710813333
0
VERTEX
8
2D_LINE_00
10
-26.3885766667
20
-2.1830813333
0
VERTEX
8
2D_LINE_00
10
-26.3848766667
20
-2.1949813333
0
VERTEX
8
2D_LINE_00
10
-26.3812766667
20
-2.2069813333
0
VERTEX
8
2D_LINE_00
10
-26.3775766667
20
-2.2188813333
0
VERTEX
8
2D_LINE_00
10
-26.3738766667
20
-2.2307813333
0
VERTEX
8
2D_LINE_00
10
-26.3701766667
20
-2.2426813333
0
VERTEX
8
2D_LINE_00
10
-26.3663766667
20
-2.2545813333
0
VERTEX
8
2D_LINE_00
10
-26.3625766667
20
-2.2664813333
0
VERTEX
8
2D_LINE_00
10
-26.3587766667
20
-2.2783813333
0
VERTEX
8
2D_LINE_00
10
-26.3549766667
20
-2.2902813333
0
VERTEX
8
2D_LINE_00
10
-26.3510766667
20
-2.3021813333
0
VERTEX
8
2D_LINE_00
10
-26.3471766667
20
-2.3139813333
0
VERTEX
8
2D_LINE_00
10
-26.3432766667
20
-2.3258813333
0
VERTEX
8
2D_LINE_00
10
-26.3392766667
20
-2.3376813333
0
VERTEX
8
2D_LINE_00
10
-26.3352766667
20
-2.3495813333
0
VERTEX
8
2D_LINE_00
10
-26.3312766667
20
-2.3613813333
0
VERTEX
8
2D_LINE_00
10
-26.3272766667
20
-2.3731813333
0
VERTEX
8
2D_LINE_00
10
-26.3231766667
20
-2.3849813333
0
VERTEX
8
2D_LINE_00
10
-26.3190766667
20
-2.3967813333
0
VERTEX
8
2D_LINE_00
10
-26.3148766667
20
-2.4085813333
0
VERTEX
8
2D_LINE_00
10
-26.3107766667
20
-2.4203813333
0
VERTEX
8
2D_LINE_00
10
-26.3065766667
20
-2.4320813333
0
VERTEX
8
2D_LINE_00
10
-26.3023766667
20
-2.4438813333
0
VERTEX
8
2D_LINE_00
10
-26.2980766667
20
-2.4555813333
0
VERTEX
8
2D_LINE_00
10
-26.2937766667
20
-2.4673813333
0
VERTEX
8
2D_LINE_00
10
-26.2894766667
20
-2.4790813333
0
VERTEX
8
2D_LINE_00
10
-26.2851766667
20
-2.4907813333
0
VERTEX
8
2D_LINE_00
10
-26.2807766667
20
-2.5024813333
0
VERTEX
8
2D_LINE_00
10
-26.2763766667
20
-2.5141813333
0
VERTEX
8
2D_LINE_00
10
-26.2719766667
20
-2.5257813333
0
VERTEX
8
2D_LINE_00
10
-26.2674766667
20
-2.5374813333
0
VERTEX
8
2D_LINE_00
10
-26.2629766667
20
-2.5491813333
0
VERTEX
8
2D_LINE_00
10
-26.2584766667
20
-2.5607813333
0
VERTEX
8
2D_LINE_00
10
-26.2538766667
20
-2.5723813333
0
VERTEX
8
2D_LINE_00
10
-26.2492766667
20
-2.5839813333
0
VERTEX
8
2D_LINE_00
10
-26.2446766667
20
-2.5955813333
0
VERTEX
8
2D_LINE_00
10
-26.2400766667
20
-2.6071813333
0
VERTEX
8
2D_LINE_00
10
-26.2353766667
20
-2.6187813333
0
VERTEX
8
2D_LINE_00
10
-26.2306766667
20
-2.6303813333
0
VERTEX
8
2D_LINE_00
10
-26.2258766667
20
-2.6418813333
0
VERTEX
8
2D_LINE_00
10
-26.2211766667
20
-2.6534813333
0
VERTEX
8
2D_LINE_00
10
-26.2163766667
20
-2.6649813333
0
VERTEX
8
2D_LINE_00
10
-26.2114766667
20
-2.6764813333
0
VERTEX
8
2D_LINE_00
10
-26.2065766667
20
-2.6879813333
0
VERTEX
8
2D_LINE_00
10
-26.2016766667
20
-2.6994813333
0
VERTEX
8
2D_LINE_00
10
-26.1967766667
20
-2.7109813333
0
VERTEX
8
2D_LINE_00
10
-26.1917766667
20
-2.7223813333
0
VERTEX
8
2D_LINE_00
10
-26.1867766667
20
-2.7338813333
0
VERTEX
8
2D_LINE_00
10
-26.1817766667
20
-2.7452813333
0
VERTEX
8
2D_LINE_00
10
-26.1766766667
20
-2.7566813333
0
VERTEX
8
2D_LINE_00
10
-26.1715766667
20
-2.7680813333
0
VERTEX
8
2D_LINE_00
10
-26.1664766667
20
-2.7794813333
0
VERTEX
8
2D_LINE_00
10
-26.1612766667
20
-2.7908813333
0
VERTEX
8
2D_LINE_00
10
-26.1560766667
20
-2.8021813333
0
VERTEX
8
2D_LINE_00
10
-26.1508766667
20
-2.8135813333
0
VERTEX
8
2D_LINE_00
10
-26.1455766667
20
-2.8248813333
0
VERTEX
8
2D_LINE_00
10
-26.1402766667
20
-2.8361813333
0
VERTEX
8
2D_LINE_00
10
-26.1349766667
20
-2.8474813333
0
VERTEX
8
2D_LINE_00
10
-26.1295766667
20
-2.8587813333
0
VERTEX
8
2D_LINE_00
10
-26.1241766667
20
-2.8699813333
0
VERTEX
8
2D_LINE_00
10
-26.1187766667
20
-2.8812813333
0
VERTEX
8
2D_LINE_00
10
-26.1132766667
20
-2.8924813333
0
VERTEX
8
2D_LINE_00
10
-26.1077766667
20
-2.9036813333
0
VERTEX
8
2D_LINE_00
10
-26.1022766667
20
-2.9148813333
0
VERTEX
8
2D_LINE_00
10
-26.0966766667
20
-2.9260813333
0
VERTEX
8
2D_LINE_00
10
-26.0910766667
20
-2.9371813333
0
VERTEX
8
2D_LINE_00
10
-26.0853766667
20
-2.9483813333
0
VERTEX
8
2D_LINE_00
10
-26.0797766667
20
-2.9594813333
0
VERTEX
8
2D_LINE_00
10
-26.0740766667
20
-2.9705813333
0
VERTEX
8
2D_LINE_00
10
-26.0682766667
20
-2.9816813333
0
VERTEX
8
2D_LINE_00
10
-26.0624766667
20
-2.9927813333
0
VERTEX
8
2D_LINE_00
10
-26.0566766667
20
-3.0037813333
0
VERTEX
8
2D_LINE_00
10
-26.0507766667
20
-3.0147813333
0
VERTEX
8
2D_LINE_00
10
-26.0449766667
20
-3.0258813333
0
VERTEX
8
2D_LINE_00
10
-26.0389766667
20
-3.0368813333
0
VERTEX
8
2D_LINE_00
10
-26.0330766667
20
-3.0477813333
0
VERTEX
8
2D_LINE_00
10
-26.0270766667
20
-3.0587813333
0
VERTEX
8
2D_LINE_00
10
-26.0209766667
20
-3.0696813333
0
VERTEX
8
2D_LINE_00
10
-26.0149766667
20
-3.0805813333
0
VERTEX
8
2D_LINE_00
10
-26.0087766667
20
-3.0914813333
0
VERTEX
8
2D_LINE_00
10
-26.0026766667
20
-3.1023813333
0
VERTEX
8
2D_LINE_00
10
-25.9964766667
20
-3.1132813333
0
VERTEX
8
2D_LINE_00
10
-25.9902766667
20
-3.1240813333
0
VERTEX
8
2D_LINE_00
10
-25.9839766667
20
-3.1348813333
0
VERTEX
8
2D_LINE_00
10
-25.9776766667
20
-3.1456813333
0
VERTEX
8
2D_LINE_00
10
-25.9713766667
20
-3.1564813333
0
VERTEX
8
2D_LINE_00
10
-25.9650766667
20
-3.1671813333
0
VERTEX
8
2D_LINE_00
10
-25.9585766667
20
-3.1778813333
0
VERTEX
8
2D_LINE_00
10
-25.9521766667
20
-3.1885813333
0
VERTEX
8
2D_LINE_00
10
-25.9456766667
20
-3.1992813333
0
VERTEX
8
2D_LINE_00
10
-25.9391766667
20
-3.2099813333
0
VERTEX
8
2D_LINE_00
10
-25.9326766667
20
-3.2205813333
0
VERTEX
8
2D_LINE_00
10
-25.9260766667
20
-3.2311813333
0
VERTEX
8
2D_LINE_00
10
-25.9193766667
20
-3.2417813333
0
VERTEX
8
2D_LINE_00
10
-25.9127766667
20
-3.2523813333
0
VERTEX
8
2D_LINE_00
10
-25.9060766667
20
-3.2628813333
0
VERTEX
8
2D_LINE_00
10
-25.8992766667
20
-3.2733813333
0
VERTEX
8
2D_LINE_00
10
-25.8925766667
20
-3.2838813333
0
VERTEX
8
2D_LINE_00
10
-25.8856766667
20
-3.2943813333
0
VERTEX
8
2D_LINE_00
10
-25.8788766667
20
-3.3047813333
0
VERTEX
8
2D_LINE_00
10
-25.8719766667
20
-3.3152813333
0
VERTEX
8
2D_LINE_00
10
-25.8650766667
20
-3.3255813333
0
VERTEX
8
2D_LINE_00
10
-25.8580766667
20
-3.3359813333
0
VERTEX
8
2D_LINE_00
10
-25.8510766667
20
-3.3463813333
0
VERTEX
8
2D_LINE_00
10
-25.8439766667
20
-3.3566813333
0
VERTEX
8
2D_LINE_00
10
-25.8369766667
20
-3.3669813333
0
VERTEX
8
2D_LINE_00
10
-25.8297766667
20
-3.3771813333
0
VERTEX
8
2D_LINE_00
10
-25.8226766667
20
-3.3874813333
0
VERTEX
8
2D_LINE_00
10
-25.8154766667
20
-3.3976813333
0
VERTEX
8
2D_LINE_00
10
-25.8081766667
20
-3.4077813333
0
VERTEX
8
2D_LINE_00
10
-25.8009766667
20
-3.4179813333
0
VERTEX
8
2D_LINE_00
10
-25.7935766667
20
-3.4280813333
0
VERTEX
8
2D_LINE_00
10
-25.7862766667
20
-3.4381813333
0
VERTEX
8
2D_LINE_00
10
-25.7788766667
20
-3.4482813333
0
VERTEX
8
2D_LINE_00
10
-25.7714766667
20
-3.4582813333
0
VERTEX
8
2D_LINE_00
10
-25.7639766667
20
-3.4682813333
0
VERTEX
8
2D_LINE_00
10
-25.7564766667
20
-3.4782813333
0
VERTEX
8
2D_LINE_00
10
-25.7488766667
20
-3.4882813333
0
VERTEX
8
2D_LINE_00
10
-25.7412766667
20
-3.4981813333
0
VERTEX
8
2D_LINE_00
10
-25.7336766667
20
-3.5080813333
0
VERTEX
8
2D_LINE_00
10
-25.7259766667
20
-3.5179813333
0
VERTEX
8
2D_LINE_00
10
-25.7182766667
20
-3.5277813333
0
VERTEX
8
2D_LINE_00
10
-25.7105766667
20
-3.5375813333
0
VERTEX
8
2D_LINE_00
10
-25.7027766667
20
-3.5473813333
0
VERTEX
8
2D_LINE_00
10
-25.6949766667
20
-3.5570813333
0
VERTEX
8
2D_LINE_00
10
-25.6870766667
20
-3.5667813333
0
VERTEX
8
2D_LINE_00
10
-25.6791766667
20
-3.5764813333
0
VERTEX
8
2D_LINE_00
10
-25.6712766667
20
-3.5860813333
0
VERTEX
8
2D_LINE_00
10
-25.6632766667
20
-3.5956813333
0
VERTEX
8
2D_LINE_00
10
-25.6552766667
20
-3.6052813333
0
VERTEX
8
2D_LINE_00
10
-25.6471766667
20
-3.6148813333
0
VERTEX
8
2D_LINE_00
10
-25.6390766667
20
-3.6243813333
0
VERTEX
8
2D_LINE_00
10
-25.6309766667
20
-3.6338813333
0
VERTEX
8
2D_LINE_00
10
-25.6227766667
20
-3.6432813333
0
VERTEX
8
2D_LINE_00
10
-25.6145766667
20
-3.6526813333
0
VERTEX
8
2D_LINE_00
10
-25.6062766667
20
-3.6620813333
0
VERTEX
8
2D_LINE_00
10
-25.5980766667
20
-3.6714813333
0
VERTEX
8
2D_LINE_00
10
-25.5896766667
20
-3.6807813333
0
VERTEX
8
2D_LINE_00
10
-25.5813766667
20
-3.6900813333
0
VERTEX
8
2D_LINE_00
10
-25.5729766667
20
-3.6992813333
0
VERTEX
8
2D_LINE_00
10
-25.5644766667
20
-3.7084813333
0
VERTEX
8
2D_LINE_00
10
-25.5559766667
20
-3.7176813333
0
VERTEX
8
2D_LINE_00
10
-25.5474766667
20
-3.7267813333
0
VERTEX
8
2D_LINE_00
10
-25.5389766667
20
-3.7358813333
0
VERTEX
8
2D_LINE_00
10
-25.5303766667
20
-3.7449813333
0
VERTEX
8
2D_LINE_00
10
-25.5216766667
20
-3.7539813333
0
VERTEX
8
2D_LINE_00
10
-25.5130766667
20
-3.7629813333
0
VERTEX
8
2D_LINE_00
10
-25.5043766667
20
-3.7719813333
0
VERTEX
8
2D_LINE_00
10
-25.4955766667
20
-3.7808813333
0
VERTEX
8
2D_LINE_00
10
-25.4867766667
20
-3.7897813333
0
VERTEX
8
2D_LINE_00
10
-25.4779766667
20
-3.7985813333
0
VERTEX
8
2D_LINE_00
10
-25.4690766667
20
-3.8073813333
0
VERTEX
8
2D_LINE_00
10
-25.4602766667
20
-3.8161813333
0
VERTEX
8
2D_LINE_00
10
-25.4512766667
20
-3.8249813333
0
VERTEX
8
2D_LINE_00
10
-25.4423766667
20
-3.8335813333
0
VERTEX
8
2D_LINE_00
10
-25.4332766667
20
-3.8422813333
0
VERTEX
8
2D_LINE_00
10
-25.4242766667
20
-3.8508813333
0
VERTEX
8
2D_LINE_00
10
-25.4151766667
20
-3.8594813333
0
VERTEX
8
2D_LINE_00
10
-25.4060766667
20
-3.8679813333
0
VERTEX
8
2D_LINE_00
10
-25.3969766667
20
-3.8764813333
0
VERTEX
8
2D_LINE_00
10
-25.3877766667
20
-3.8849813333
0
VERTEX
8
2D_LINE_00
10
-25.3784766667
20
-3.8933813333
0
VERTEX
8
2D_LINE_00
10
-25.3692766667
20
-3.9017813333
0
VERTEX
8
2D_LINE_00
10
-25.3599766667
20
-3.9101813333
0
VERTEX
8
2D_LINE_00
10
-25.3506766667
20
-3.9184813333
0
VERTEX
8
2D_LINE_00
10
-25.3412766667
20
-3.9266813333
0
VERTEX
8
2D_LINE_00
10
-25.3318766667
20
-3.9349813333
0
VERTEX
8
2D_LINE_00
10
-25.3223766667
20
-3.9431813333
0
VERTEX
8
2D_LINE_00
10
-25.3129766667
20
-3.9512813333
0
VERTEX
8
2D_LINE_00
10
-25.3034766667
20
-3.9593813333
0
VERTEX
8
2D_LINE_00
10
-25.2938766667
20
-3.9674813333
0
VERTEX
8
2D_LINE_00
10
-25.2843766667
20
-3.9754813333
0
VERTEX
8
2D_LINE_00
10
-25.2747766667
20
-3.9834813333
0
VERTEX
8
2D_LINE_00
10
-25.2650766667
20
-3.9913813333
0
VERTEX
8
2D_LINE_00
10
-25.2553766667
20
-3.9992813333
0
VERTEX
8
2D_LINE_00
10
-25.2456766667
20
-4.0071813333
0
VERTEX
8
2D_LINE_00
10
-25.2359766667
20
-4.0149813333
0
VERTEX
8
2D_LINE_00
10
-25.2261766667
20
-4.0227813333
0
VERTEX
8
2D_LINE_00
10
-25.2163766667
20
-4.0305813333
0
VERTEX
8
2D_LINE_00
10
-25.2065766667
20
-4.0382813333
0
VERTEX
8
2D_LINE_00
10
-25.1966766667
20
-4.0459813333
0
VERTEX
8
2D_LINE_00
10
-25.1867766667
20
-4.0535813333
0
VERTEX
8
2D_LINE_00
10
-25.1768766667
20
-4.0611813333
0
VERTEX
8
2D_LINE_00
10
-25.1669766667
20
-4.0686813333
0
VERTEX
8
2D_LINE_00
10
-25.1569766667
20
-4.0761813333
0
VERTEX
8
2D_LINE_00
10
-25.1468766667
20
-4.0836813333
0
VERTEX
8
2D_LINE_00
10
-25.1368766667
20
-4.0910813333
0
VERTEX
8
2D_LINE_00
10
-25.1267766667
20
-4.0984813333
0
VERTEX
8
2D_LINE_00
10
-25.1166766667
20
-4.1058813333
0
VERTEX
8
2D_LINE_00
10
-25.1065766667
20
-4.1131813333
0
VERTEX
8
2D_LINE_00
10
-25.0963766667
20
-4.1203813333
0
VERTEX
8
2D_LINE_00
10
-25.0861766667
20
-4.1275813333
0
VERTEX
8
2D_LINE_00
10
-25.0759766667
20
-4.1347813333
0
VERTEX
8
2D_LINE_00
10
-25.0656766667
20
-4.1419813333
0
VERTEX
8
2D_LINE_00
10
-25.0554766667
20
-4.1490813333
0
VERTEX
8
2D_LINE_00
10
-25.0450766667
20
-4.1560813333
0
VERTEX
8
2D_LINE_00
10
-25.0347766667
20
-4.1630813333
0
VERTEX
8
2D_LINE_00
10
-25.0243766667
20
-4.1700813333
0
VERTEX
8
2D_LINE_00
10
-25.0140766667
20
-4.1770813333
0
VERTEX
8
2D_LINE_00
10
-25.0035766667
20
-4.1839813333
0
VERTEX
8
2D_LINE_00
10
-24.9931766667
20
-4.1907813333
0
VERTEX
8
2D_LINE_00
10
-24.9826766667
20
-4.1975813333
0
VERTEX
8
2D_LINE_00
10
-24.9721766667
20
-4.2043813333
0
VERTEX
8
2D_LINE_00
10
-24.9616766667
20
-4.2110813333
0
VERTEX
8
2D_LINE_00
10
-24.9510766667
20
-4.2177813333
0
VERTEX
8
2D_LINE_00
10
-24.9405766667
20
-4.2244813333
0
VERTEX
8
2D_LINE_00
10
-24.9299766667
20
-4.2310813333
0
VERTEX
8
2D_LINE_00
10
-24.9192766667
20
-4.2376813333
0
VERTEX
8
2D_LINE_00
10
-24.9086766667
20
-4.2441813333
0
VERTEX
8
2D_LINE_00
10
-24.8979766667
20
-4.2506813333
0
VERTEX
8
2D_LINE_00
10
-24.8872766667
20
-4.2570813333
0
VERTEX
8
2D_LINE_00
10
-24.8765766667
20
-4.2634813333
0
VERTEX
8
2D_LINE_00
10
-24.8658766667
20
-4.2698813333
0
VERTEX
8
2D_LINE_00
10
-24.8550766667
20
-4.2761813333
0
VERTEX
8
2D_LINE_00
10
-24.8442766667
20
-4.2824813333
0
VERTEX
8
2D_LINE_00
10
-24.8334766667
20
-4.2887813333
0
VERTEX
8
2D_LINE_00
10
-24.8225766667
20
-4.2949813333
0
VERTEX
8
2D_LINE_00
10
-24.8117766667
20
-4.3010813333
0
VERTEX
8
2D_LINE_00
10
-24.8008766667
20
-4.3072813333
0
VERTEX
8
2D_LINE_00
10
-24.7899766667
20
-4.3133813333
0
VERTEX
8
2D_LINE_00
10
-24.7789766667
20
-4.3193813333
0
VERTEX
8
2D_LINE_00
10
-24.7680766667
20
-4.3253813333
0
VERTEX
8
2D_LINE_00
10
-24.7570766667
20
-4.3313813333
0
VERTEX
8
2D_LINE_00
10
-24.7460766667
20
-4.3372813333
0
VERTEX
8
2D_LINE_00
10
-24.7350766667
20
-4.3431813333
0
VERTEX
8
2D_LINE_00
10
-24.7240766667
20
-4.3489813333
0
VERTEX
8
2D_LINE_00
10
-24.7129766667
20
-4.3547813333
0
VERTEX
8
2D_LINE_00
10
-24.7018766667
20
-4.3605813333
0
VERTEX
8
2D_LINE_00
10
-24.6907766667
20
-4.3662813333
0
VERTEX
8
2D_LINE_00
10
-24.6796766667
20
-4.3719813333
0
VERTEX
8
2D_LINE_00
10
-24.6685766667
20
-4.3776813333
0
VERTEX
8
2D_LINE_00
10
-24.6573766667
20
-4.3832813333
0
VERTEX
8
2D_LINE_00
10
-24.6461766667
20
-4.3888813333
0
VERTEX
8
2D_LINE_00
10
-24.6349766667
20
-4.3943813333
0
VERTEX
8
2D_LINE_00
10
-24.6237766667
20
-4.3998813333
0
VERTEX
8
2D_LINE_00
10
-24.6125766667
20
-4.4052813333
0
VERTEX
8
2D_LINE_00
10
-24.6012766667
20
-4.4106813333
0
VERTEX
8
2D_LINE_00
10
-24.5899766667
20
-4.4160813333
0
VERTEX
8
2D_LINE_00
10
-24.5787766667
20
-4.4213813333
0
VERTEX
8
2D_LINE_00
10
-24.5673766667
20
-4.4266813333
0
VERTEX
8
2D_LINE_00
10
-24.5560766667
20
-4.4319813333
0
VERTEX
8
2D_LINE_00
10
-24.5447766667
20
-4.4371813333
0
VERTEX
8
2D_LINE_00
10
-24.5333766667
20
-4.4423813333
0
VERTEX
8
2D_LINE_00
10
-24.5219766667
20
-4.4474813333
0
VERTEX
8
2D_LINE_00
10
-24.5105766667
20
-4.4525813333
0
VERTEX
8
2D_LINE_00
10
-24.4991766667
20
-4.4576813333
0
VERTEX
8
2D_LINE_00
10
-24.4877766667
20
-4.4626813333
0
VERTEX
8
2D_LINE_00
10
-24.4763766667
20
-4.4676813333
0
VERTEX
8
2D_LINE_00
10
-24.4648766667
20
-4.4726813333
0
VERTEX
8
2D_LINE_00
10
-24.4533766667
20
-4.4775813333
0
VERTEX
8
2D_LINE_00
10
-24.4418766667
20
-4.4823813333
0
VERTEX
8
2D_LINE_00
10
-24.4303766667
20
-4.4872813333
0
VERTEX
8
2D_LINE_00
10
-24.4188766667
20
-4.4920813333
0
VERTEX
8
2D_LINE_00
10
-24.4072766667
20
-4.4967813333
0
VERTEX
8
2D_LINE_00
10
-24.3957766667
20
-4.5015813333
0
VERTEX
8
2D_LINE_00
10
-24.3841766667
20
-4.5062813333
0
VERTEX
8
2D_LINE_00
10
-24.3725766667
20
-4.5108813333
0
VERTEX
8
2D_LINE_00
10
-24.3609766667
20
-4.5154813333
0
VERTEX
8
2D_LINE_00
10
-24.3493766667
20
-4.5200813333
0
VERTEX
8
2D_LINE_00
10
-24.3377766667
20
-4.5245813333
0
VERTEX
8
2D_LINE_00
10
-24.3260766667
20
-4.5290813333
0
VERTEX
8
2D_LINE_00
10
-24.3144766667
20
-4.5335813333
0
VERTEX
8
2D_LINE_00
10
-24.3027766667
20
-4.5379813333
0
VERTEX
8
2D_LINE_00
10
-24.2910766667
20
-4.5423813333
0
VERTEX
8
2D_LINE_00
10
-24.2793766667
20
-4.5467813333
0
VERTEX
8
2D_LINE_00
10
-24.2676766667
20
-4.5510813333
0
VERTEX
8
2D_LINE_00
10
-24.2559766667
20
-4.5553813333
0
VERTEX
8
2D_LINE_00
10
-24.2442766667
20
-4.5596813333
0
VERTEX
8
2D_LINE_00
10
-24.2324766667
20
-4.5638813333
0
VERTEX
8
2D_LINE_00
10
-24.2206766667
20
-4.5680813333
0
VERTEX
8
2D_LINE_00
10
-24.2089766667
20
-4.5721813333
0
VERTEX
8
2D_LINE_00
10
-24.1971766667
20
-4.5762813333
0
VERTEX
8
2D_LINE_00
10
-24.1853766667
20
-4.5803813333
0
VERTEX
8
2D_LINE_00
10
-24.1735766667
20
-4.5843813333
0
VERTEX
8
2D_LINE_00
10
-24.1616766667
20
-4.5883813333
0
VERTEX
8
2D_LINE_00
10
-24.1498766667
20
-4.5923813333
0
VERTEX
8
2D_LINE_00
10
-24.1380766667
20
-4.5962813333
0
VERTEX
8
2D_LINE_00
10
-24.1261766667
20
-4.6002813333
0
VERTEX
8
2D_LINE_00
10
-24.1142766667
20
-4.6040813333
0
VERTEX
8
2D_LINE_00
10
-24.1023766667
20
-4.6079813333
0
VERTEX
8
2D_LINE_00
10
-24.0904766667
20
-4.6117813333
0
VERTEX
8
2D_LINE_00
10
-24.0785766667
20
-4.6154813333
0
VERTEX
8
2D_LINE_00
10
-24.0666766667
20
-4.6192813333
0
VERTEX
8
2D_LINE_00
10
-24.0547766667
20
-4.6229813333
0
VERTEX
8
2D_LINE_00
10
-24.0428766667
20
-4.6265813333
0
VERTEX
8
2D_LINE_00
10
-24.0308766667
20
-4.6302813333
0
VERTEX
8
2D_LINE_00
10
-24.0189766667
20
-4.6338813333
0
VERTEX
8
2D_LINE_00
10
-24.0069766667
20
-4.6373813333
0
VERTEX
8
2D_LINE_00
10
-23.9949766667
20
-4.6409813333
0
VERTEX
8
2D_LINE_00
10
-23.9830766667
20
-4.6444813333
0
VERTEX
8
2D_LINE_00
10
-23.9710766667
20
-4.6478813333
0
VERTEX
8
2D_LINE_00
10
-23.9590766667
20
-4.6513813333
0
VERTEX
8
2D_LINE_00
10
-23.9469766667
20
-4.6547813333
0
VERTEX
8
2D_LINE_00
10
-23.9349766667
20
-4.6580813333
0
VERTEX
8
2D_LINE_00
10
-23.9229766667
20
-4.6614813333
0
VERTEX
8
2D_LINE_00
10
-23.9109766667
20
-4.6647813333
0
VERTEX
8
2D_LINE_00
10
-23.8988766667
20
-4.6680813333
0
VERTEX
8
2D_LINE_00
10
-23.8868766667
20
-4.6712813333
0
VERTEX
8
2D_LINE_00
10
-23.8747766667
20
-4.6744813333
0
VERTEX
8
2D_LINE_00
10
-23.8626766667
20
-4.6776813333
0
VERTEX
8
2D_LINE_00
10
-23.8505766667
20
-4.6808813333
0
VERTEX
8
2D_LINE_00
10
-23.8384766667
20
-4.6839813333
0
VERTEX
8
2D_LINE_00
10
-23.8264766667
20
-4.6870813333
0
VERTEX
8
2D_LINE_00
10
-23.8142766667
20
-4.6900813333
0
VERTEX
8
2D_LINE_00
10
-23.8021766667
20
-4.6930813333
0
VERTEX
8
2D_LINE_00
10
-23.7900766667
20
-4.6960813333
0
VERTEX
8
2D_LINE_00
10
-23.7779766667
20
-4.6990813333
0
VERTEX
8
2D_LINE_00
10
-23.7657766667
20
-4.7019813333
0
VERTEX
8
2D_LINE_00
10
-23.7536766667
20
-4.7048813333
0
VERTEX
8
2D_LINE_00
10
-23.7415766667
20
-4.7077813333
0
VERTEX
8
2D_LINE_00
10
-23.7293766667
20
-4.7105813333
0
VERTEX
8
2D_LINE_00
10
-23.7171766667
20
-4.7133813333
0
VERTEX
8
2D_LINE_00
10
-23.7050766667
20
-4.7161813333
0
VERTEX
8
2D_LINE_00
10
-23.6928766667
20
-4.7189813333
0
VERTEX
8
2D_LINE_00
10
-23.6806766667
20
-4.7216813333
0
VERTEX
8
2D_LINE_00
10
-23.6684766667
20
-4.7243813333
0
VERTEX
8
2D_LINE_00
10
-23.6562766667
20
-4.7269813333
0
VERTEX
8
2D_LINE_00
10
-23.6440766667
20
-4.7295813333
0
VERTEX
8
2D_LINE_00
10
-23.6318766667
20
-4.7321813333
0
VERTEX
8
2D_LINE_00
10
-23.6196766667
20
-4.7347813333
0
VERTEX
8
2D_LINE_00
10
-23.6074766667
20
-4.7372813333
0
VERTEX
8
2D_LINE_00
10
-23.5951766667
20
-4.7397813333
0
VERTEX
8
2D_LINE_00
10
-23.5829766667
20
-4.7422813333
0
VERTEX
8
2D_LINE_00
10
-23.5706766667
20
-4.7447813333
0
VERTEX
8
2D_LINE_00
10
-23.5584766667
20
-4.7471813333
0
VERTEX
8
2D_LINE_00
10
-23.5461766667
20
-4.7495813333
0
VERTEX
8
2D_LINE_00
10
-23.5339766667
20
-4.7519813333
0
VERTEX
8
2D_LINE_00
10
-23.5216766667
20
-4.7542813333
0
VERTEX
8
2D_LINE_00
10
-23.5094766667
20
-4.7565813333
0
VERTEX
8
2D_LINE_00
10
-23.4971766667
20
-4.7588813333
0
VERTEX
8
2D_LINE_00
10
-23.4848766667
20
-4.7610813333
0
VERTEX
8
2D_LINE_00
10
-23.4725766667
20
-4.7633813333
0
VERTEX
8
2D_LINE_00
10
-23.4602766667
20
-4.7655813333
0
VERTEX
8
2D_LINE_00
10
-23.4479766667
20
-4.7676813333
0
VERTEX
8
2D_LINE_00
10
-23.4356766667
20
-4.7698813333
0
VERTEX
8
2D_LINE_00
10
-23.4233766667
20
-4.7719813333
0
VERTEX
8
2D_LINE_00
10
-23.4110766667
20
-4.7740813333
0
VERTEX
8
2D_LINE_00
10
-23.3987766667
20
-4.7760813333
0
VERTEX
8
2D_LINE_00
10
-23.3864766667
20
-4.7781813333
0
VERTEX
8
2D_LINE_00
10
-23.3741766667
20
-4.7801813333
0
VERTEX
8
2D_LINE_00
10
-23.3617766667
20
-4.7821813333
0
VERTEX
8
2D_LINE_00
10
-23.3494766667
20
-4.7840813333
0
VERTEX
8
2D_LINE_00
10
-23.3371766667
20
-4.7860813333
0
VERTEX
8
2D_LINE_00
10
-23.3247766667
20
-4.7879813333
0
VERTEX
8
2D_LINE_00
10
-23.3124766667
20
-4.7898813333
0
VERTEX
8
2D_LINE_00
10
-23.3000766667
20
-4.7916813333
0
VERTEX
8
2D_LINE_00
10
-23.2877766667
20
-4.7935813333
0
VERTEX
8
2D_LINE_00
10
-23.2753766667
20
-4.7953813333
0
VERTEX
8
2D_LINE_00
10
-23.2630766667
20
-4.7971813333
0
VERTEX
8
2D_LINE_00
10
-23.2506766667
20
-4.7988813333
0
VERTEX
8
2D_LINE_00
10
-23.2383766667
20
-4.8006813333
0
VERTEX
8
2D_LINE_00
10
-23.2259766667
20
-4.8023813333
0
VERTEX
8
2D_LINE_00
10
-23.2135766667
20
-4.8040813333
0
VERTEX
8
2D_LINE_00
10
-23.2011766667
20
-4.8056813333
0
VERTEX
8
2D_LINE_00
10
-23.1888766667
20
-4.8073813333
0
VERTEX
8
2D_LINE_00
10
-23.1764766667
20
-4.8089813333
0
VERTEX
8
2D_LINE_00
10
-23.1640766667
20
-4.8105813333
0
VERTEX
8
2D_LINE_00
10
-23.1516766667
20
-4.8121813333
0
VERTEX
8
2D_LINE_00
10
-23.1392766667
20
-4.8136813333
0
VERTEX
8
2D_LINE_00
10
-23.1268766667
20
-4.8151813333
0
VERTEX
8
2D_LINE_00
10
-23.1144766667
20
-4.8166813333
0
VERTEX
8
2D_LINE_00
10
-23.1021766667
20
-4.8181813333
0
VERTEX
8
2D_LINE_00
10
-23.0897766667
20
-4.8196813333
0
VERTEX
8
2D_LINE_00
10
-23.0773766667
20
-4.8210813333
0
VERTEX
8
2D_LINE_00
10
-23.0648766667
20
-4.8224813333
0
VERTEX
8
2D_LINE_00
10
-23.0524766667
20
-4.8238813333
0
VERTEX
8
2D_LINE_00
10
-23.0400766667
20
-4.8252813333
0
VERTEX
8
2D_LINE_00
10
-23.0276766667
20
-4.8265813333
0
VERTEX
8
2D_LINE_00
10
-23.0152766667
20
-4.8279813333
0
VERTEX
8
2D_LINE_00
10
-23.0028766667
20
-4.8292813333
0
VERTEX
8
2D_LINE_00
10
-22.9904766667
20
-4.8304813333
0
VERTEX
8
2D_LINE_00
10
-22.9779766667
20
-4.8317813333
0
VERTEX
8
2D_LINE_00
10
-22.9655766667
20
-4.8329813333
0
VERTEX
8
2D_LINE_00
10
-22.9531766667
20
-4.8342813333
0
VERTEX
8
2D_LINE_00
10
-22.9407766667
20
-4.8354813333
0
VERTEX
8
2D_LINE_00
10
-22.9282766667
20
-4.8365813333
0
VERTEX
8
2D_LINE_00
10
-22.9158766667
20
-4.8377813333
0
VERTEX
8
2D_LINE_00
10
-22.9034766667
20
-4.8388813333
0
VERTEX
8
2D_LINE_00
10
-22.8909766667
20
-4.8399813333
0
VERTEX
8
2D_LINE_00
10
-22.8785766667
20
-4.8410813333
0
VERTEX
8
2D_LINE_00
10
-22.8661766667
20
-4.8421813333
0
VERTEX
8
2D_LINE_00
10
-22.8536766667
20
-4.8431813333
0
VERTEX
8
2D_LINE_00
10
-22.8412766667
20
-4.8441813333
0
VERTEX
8
2D_LINE_00
10
-22.8287766667
20
-4.8451813333
0
VERTEX
8
2D_LINE_00
10
-22.8163766667
20
-4.8461813333
0
VERTEX
8
2D_LINE_00
10
-22.8039766667
20
-4.8471813333
0
VERTEX
8
2D_LINE_00
10
-22.7914766667
20
-4.8480813333
0
VERTEX
8
2D_LINE_00
10
-22.7790766667
20
-4.8490813333
0
VERTEX
8
2D_LINE_00
10
-22.7665766667
20
-4.8499813333
0
VERTEX
8
2D_LINE_00
10
-22.7541766667
20
-4.8507813333
0
VERTEX
8
2D_LINE_00
10
-22.7416766667
20
-4.8516813333
0
VERTEX
8
2D_LINE_00
10
-22.7291766667
20
-4.8524813333
0
VERTEX
8
2D_LINE_00
10
-22.7167766667
20
-4.8533813333
0
VERTEX
8
2D_LINE_00
10
-22.7042766667
20
-4.8541813333
0
VERTEX
8
2D_LINE_00
10
-22.6918766667
20
-4.8548813333
0
VERTEX
8
2D_LINE_00
10
-22.6793766667
20
-4.8556813333
0
VERTEX
8
2D_LINE_00
10
-22.6669766667
20
-4.8563813333
0
VERTEX
8
2D_LINE_00
10
-22.6544766667
20
-4.8571813333
0
VERTEX
8
2D_LINE_00
10
-22.6419766667
20
-4.8578813333
0
VERTEX
8
2D_LINE_00
10
-22.6295766667
20
-4.8585813333
0
VERTEX
8
2D_LINE_00
10
-22.6170766667
20
-4.8591813333
0
VERTEX
8
2D_LINE_00
10
-22.6045766667
20
-4.8598813333
0
VERTEX
8
2D_LINE_00
10
-22.5921766667
20
-4.8604813333
0
VERTEX
8
2D_LINE_00
10
-22.5796766667
20
-4.8610813333
0
VERTEX
8
2D_LINE_00
10
-22.5671766667
20
-4.8616813333
0
VERTEX
8
2D_LINE_00
10
-22.5547766667
20
-4.8622813333
0
VERTEX
8
2D_LINE_00
10
-22.5422766667
20
-4.8627813333
0
VERTEX
8
2D_LINE_00
10
-22.5297766667
20
-4.8633813333
0
VERTEX
8
2D_LINE_00
10
-22.5173766667
20
-4.8638813333
0
VERTEX
8
2D_LINE_00
10
-22.5048766667
20
-4.8643813333
0
VERTEX
8
2D_LINE_00
10
-22.4923766667
20
-4.8648813333
0
VERTEX
8
2D_LINE_00
10
-22.4798766667
20
-4.8653813333
0
VERTEX
8
2D_LINE_00
10
-22.4674766667
20
-4.8658813333
0
VERTEX
8
2D_LINE_00
10
-22.4549766667
20
-4.8662813333
0
VERTEX
8
2D_LINE_00
10
-22.4424766667
20
-4.8666813333
0
VERTEX
8
2D_LINE_00
10
-22.4299766667
20
-4.8671813333
0
VERTEX
8
2D_LINE_00
10
-22.4175766667
20
-4.8675813333
0
VERTEX
8
2D_LINE_00
10
-22.4050766667
20
-4.8679813333
0
VERTEX
8
2D_LINE_00
10
-22.3925766667
20
-4.8682813333
0
VERTEX
8
2D_LINE_00
10
-22.3800766667
20
-4.8686813333
0
VERTEX
8
2D_LINE_00
10
-22.3676766667
20
-4.8690813333
0
VERTEX
8
2D_LINE_00
10
-22.3551766667
20
-4.8693813333
0
VERTEX
8
2D_LINE_00
10
-22.3426766667
20
-4.8697813333
0
VERTEX
8
2D_LINE_00
10
-22.3301766667
20
-4.8700813333
0
VERTEX
8
2D_LINE_00
10
-22.3176766667
20
-4.8703813333
0
VERTEX
8
2D_LINE_00
10
-22.3052766667
20
-4.8706813333
0
VERTEX
8
2D_LINE_00
10
-22.2927766667
20
-4.8709813333
0
VERTEX
8
2D_LINE_00
10
-22.2802766667
20
-4.8712813333
0
VERTEX
8
2D_LINE_00
10
-22.2677766667
20
-4.8714813333
0
VERTEX
8
2D_LINE_00
10
-22.2553766667
20
-4.8717813333
0
VERTEX
8
2D_LINE_00
10
-22.2428766667
20
-4.8719813333
0
VERTEX
8
2D_LINE_00
10
-22.2303766667
20
-4.8722813333
0
VERTEX
8
2D_LINE_00
10
-22.2178766667
20
-4.8724813333
0
VERTEX
8
2D_LINE_00
10
-22.2053766667
20
-4.8726813333
0
VERTEX
8
2D_LINE_00
10
-22.1929766667
20
-4.8729813333
0
VERTEX
8
2D_LINE_00
10
-22.1804766667
20
-4.8731813333
0
VERTEX
8
2D_LINE_00
10
-22.1679766667
20
-4.8733813333
0
VERTEX
8
2D_LINE_00
10
-22.1554766667
20
-4.8735813333
0
VERTEX
8
2D_LINE_00
10
-22.1429766667
20
-4.8736813333
0
VERTEX
8
2D_LINE_00
10
-22.1305766667
20
-4.8738813333
0
VERTEX
8
2D_LINE_00
10
-22.1180766667
20
-4.8740813333
0
VERTEX
8
2D_LINE_00
10
-22.1055766667
20
-4.8742813333
0
VERTEX
8
2D_LINE_00
10
-22.0930766667
20
-4.8743813333
0
VERTEX
8
2D_LINE_00
10
-22.0805766667
20
-4.8745813333
0
VERTEX
8
2D_LINE_00
10
-22.0681766667
20
-4.8746813333
0
VERTEX
8
2D_LINE_00
10
-22.0556766667
20
-4.8748813333
0
VERTEX
8
2D_LINE_00
10
-22.0431766667
20
-4.8749813333
0
VERTEX
8
2D_LINE_00
10
-22.0306766667
20
-4.8750813333
0
VERTEX
8
2D_LINE_00
10
-22.0181766667
20
-4.8751813333
0
VERTEX
8
2D_LINE_00
10
-22.0056766667
20
-4.8753813333
0
VERTEX
8
2D_LINE_00
10
-21.9932766667
20
-4.8754813333
0
VERTEX
8
2D_LINE_00
10
-21.9807766667
20
-4.8755813333
0
VERTEX
8
2D_LINE_00
10
-21.9682766667
20
-4.8756813333
0
VERTEX
8
2D_LINE_00
10
-21.9557766667
20
-4.8757813333
0
VERTEX
8
2D_LINE_00
10
-21.9432766667
20
-4.8758813333
0
VERTEX
8
2D_LINE_00
10
-21.9308766667
20
-4.8759813333
0
VERTEX
8
2D_LINE_00
10
-21.9183766667
20
-4.8759813333
0
VERTEX
8
2D_LINE_00
10
-21.9058766667
20
-4.8760813333
0
VERTEX
8
2D_LINE_00
10
-21.8933766667
20
-4.8761813333
0
VERTEX
8
2D_LINE_00
10
-21.8808766667
20
-4.8762813333
0
VERTEX
8
2D_LINE_00
10
-21.8684766667
20
-4.8762813333
0
VERTEX
8
2D_LINE_00
10
-21.8559766667
20
-4.8763813333
0
VERTEX
8
2D_LINE_00
10
-21.8434766667
20
-4.8764813333
0
VERTEX
8
2D_LINE_00
10
-21.8309766667
20
-4.8764813333
0
VERTEX
8
2D_LINE_00
10
-21.8184766667
20
-4.8765813333
0
VERTEX
8
2D_LINE_00
10
-21.8059766667
20
-4.8765813333
0
VERTEX
8
2D_LINE_00
10
-21.7935766667
20
-4.8766813333
0
VERTEX
8
2D_LINE_00
10
-21.7810766667
20
-4.8766813333
0
VERTEX
8
2D_LINE_00
10
-21.7685766667
20
-4.8767813333
0
VERTEX
8
2D_LINE_00
10
-21.7560766667
20
-4.8767813333
0
VERTEX
8
2D_LINE_00
10
-21.7435766667
20
-4.8768813333
0
VERTEX
8
2D_LINE_00
10
-21.7311766667
20
-4.8768813333
0
VERTEX
8
2D_LINE_00
10
-21.7186766667
20
-4.8769813333
0
VERTEX
8
2D_LINE_00
10
-21.7061766667
20
-4.8769813333
0
VERTEX
8
2D_LINE_00
10
-21.6936766667
20
-4.8770813333
0
VERTEX
8
2D_LINE_00
10
-21.6811766667
20
-4.8770813333
0
VERTEX
8
2D_LINE_00
10
-21.6687766667
20
-4.8771813333
0
SEQEND
0
INSERT
2
SMOOTH_0$2
8
2D_LINE_00
10
-26.6599766667
20
-0.1732813333
0
INSERT
2
SMOOTH_0$2
8
2D_LINE_00
10
-26.6595766667
20
-0.1857813333
0
POLYLINE
8
2D_LINE_00
66
1
40
0.2
41
0.2
0
VERTEX
8
2D_LINE_00
10
-45.1545766667
20
11.6933186667
0
VERTEX
8
2D_LINE_00
10
-45.1545766667
20
11.6894186667
0
VERTEX
8
2D_LINE_00
10
-45.1545766667
20
11.6855186667
0
VERTEX
8
2D_LINE_00
10
-45.1545766667
20
11.6816186667
0
VERTEX
8
2D_LINE_00
10
-45.1545766667
20
11.6777186667
0
VERTEX
8
2D_LINE_00
10
-45.1545766667
20
11.6738186667
0
VERTEX
8
2D_LINE_00
10
-45.1545766667
20
11.6699186667
0
VERTEX
8
2D_LINE_00
10
-45.1545766667
20
11.6660186667
0
VERTEX
8
2D_LINE_00
10
-45.1545766667
20
11.6621186667
0
VERTEX
8
2D_LINE_00
10
-45.1545766667
20
11.6582186667
0
VERTEX
8
2D_LINE_00
10
-45.1545766667
20
11.6543186667
0
VERTEX
8
2D_LINE_00
10
-45.1545766667
20
11.6504186667
0
VERTEX
8
2D_LINE_00
10
-45.1545766667
20
11.6465186667
0
VERTEX
8
2D_LINE_00
10
-45.1545766667
20
11.6426186667
0
VERTEX
8
2D_LINE_00
10
-45.1535766667
20
11.6387186667
0
VERTEX
8
2D_LINE_00
10
-45.1535766667
20
11.6347186667
0
VERTEX
8
2D_LINE_00
10
-45.1535766667
20
11.6308186667
0
VERTEX
8
2D_LINE_00
10
-45.1535766667
20
11.6269186667
0
VERTEX
8
2D_LINE_00
10
-45.1535766667
20
11.6230186667
0
VERTEX
8
2D_LINE_00
10
-45.1535766667
20
11.6191186667
0
VERTEX
8
2D_LINE_00
10
-45.1535766667
20
11.6152186667
0
VERTEX
8
2D_LINE_00
10
-45.1535766667
20
11.6113186667
0
VERTEX
8
2D_LINE_00
10
-45.1535766667
20
11.6074186667
0
VERTEX
8
2D_LINE_00
10
-45.1535766667
20
11.6035186667
0
VERTEX
8
2D_LINE_00
10
-45.1535766667
20
11.5996186667
0
VERTEX
8
2D_LINE_00
10
-45.1535766667
20
11.5957186667
0
VERTEX
8
2D_LINE_00
10
-45.1535766667
20
11.5918186667
0
VERTEX
8
2D_LINE_00
10
-45.1535766667
20
11.5879186667
0
VERTEX
8
2D_LINE_00
10
-45.1525766667
20
11.5840186667
0
VERTEX
8
2D_LINE_00
10
-45.1525766667
20
11.5801186667
0
VERTEX
8
2D_LINE_00
10
-45.1525766667
20
11.5762186667
0
VERTEX
8
2D_LINE_00
10
-45.1525766667
20
11.5723186667
0
VERTEX
8
2D_LINE_00
10
-45.1525766667
20
11.5684186667
0
VERTEX
8
2D_LINE_00
10
-45.1525766667
20
11.5645186667
0
VERTEX
8
2D_LINE_00
10
-45.1525766667
20
11.5606186667
0
VERTEX
8
2D_LINE_00
10
-45.1525766667
20
11.5567186667
0
VERTEX
8
2D_LINE_00
10
-45.1515766667
20
11.5528186667
0
VERTEX
8
2D_LINE_00
10
-45.1515766667
20
11.5489186667
0
VERTEX
8
2D_LINE_00
10
-45.1515766667
20
11.5450186667
0
VERTEX
8
2D_LINE_00
10
-45.1515766667
20
11.5411186667
0
VERTEX
8
2D_LINE_00
10
-45.1515766667
20
11.5372186667
0
VERTEX
8
2D_LINE_00
10
-45.1515766667
20
11.5333186667
0
VERTEX
8
2D_LINE_00
10
-45.1505766667
20
11.5294186667
0
VERTEX
8
2D_LINE_00
10
-45.1505766667
20
11.5255186667
0
VERTEX
8
2D_LINE_00
10
-45.1505766667
20
11.5216186667
0
VERTEX
8
2D_LINE_00
10
-45.1505766667
20
11.5177186667
0
VERTEX
8
2D_LINE_00
10
-45.1505766667
20
11.5138186667
0
VERTEX
8
2D_LINE_00
10
-45.1495766667
20
11.5099186667
0
VERTEX
8
2D_LINE_00
10
-45.1495766667
20
11.5060186667
0
VERTEX
8
2D_LINE_00
10
-45.1495766667
20
11.5021186667
0
VERTEX
8
2D_LINE_00
10
-45.1495766667
20
11.4982186667
0
VERTEX
8
2D_LINE_00
10
-45.1495766667
20
11.4944186667
0
VERTEX
8
2D_LINE_00
10
-45.1485766667
20
11.4905186667
0
VERTEX
8
2D_LINE_00
10
-45.1485766667
20
11.4866186667
0
VERTEX
8
2D_LINE_00
10
-45.1485766667
20
11.4827186667
0
VERTEX
8
2D_LINE_00
10
-45.1475766667
20
11.4788186667
0
VERTEX
8
2D_LINE_00
10
-45.1475766667
20
11.4749186667
0
VERTEX
8
2D_LINE_00
10
-45.1475766667
20
11.4710186667
0
VERTEX
8
2D_LINE_00
10
-45.1475766667
20
11.4671186667
0
VERTEX
8
2D_LINE_00
10
-45.1465766667
20
11.4632186667
0
VERTEX
8
2D_LINE_00
10
-45.1465766667
20
11.4594186667
0
VERTEX
8
2D_LINE_00
10
-45.1465766667
20
11.4555186667
0
VERTEX
8
2D_LINE_00
10
-45.1455766667
20
11.4516186667
0
VERTEX
8
2D_LINE_00
10
-45.1455766667
20
11.4477186667
0
VERTEX
8
2D_LINE_00
10
-45.1455766667
20
11.4438186667
0
VERTEX
8
2D_LINE_00
10
-45.1445766667
20
11.4399186667
0
VERTEX
8
2D_LINE_00
10
-45.1445766667
20
11.4361186667
0
VERTEX
8
2D_LINE_00
10
-45.1435766667
20
11.4322186667
0
VERTEX
8
2D_LINE_00
10
-45.1435766667
20
11.4283186667
0
VERTEX
8
2D_LINE_00
10
-45.1435766667
20
11.4244186667
0
VERTEX
8
2D_LINE_00
10
-45.1425766667
20
11.4205186667
0
VERTEX
8
2D_LINE_00
10
-45.1425766667
20
11.4167186667
0
VERTEX
8
2D_LINE_00
10
-45.1415766667
20
11.4128186667
0
VERTEX
8
2D_LINE_00
10
-45.1415766667
20
11.4089186667
0
VERTEX
8
2D_LINE_00
10
-45.1405766667
20
11.4050186667
0
VERTEX
8
2D_LINE_00
10
-45.1405766667
20
11.4012186667
0
VERTEX
8
2D_LINE_00
10
-45.1395766667
20
11.3973186667
0
VERTEX
8
2D_LINE_00
10
-45.1395766667
20
11.3934186667
0
VERTEX
8
2D_LINE_00
10
-45.1385766667
20
11.3896186667
0
VERTEX
8
2D_LINE_00
10
-45.1385766667
20
11.3857186667
0
VERTEX
8
2D_LINE_00
10
-45.1375766667
20
11.3818186667
0
VERTEX
8
2D_LINE_00
10
-45.1375766667
20
11.3780186667
0
VERTEX
8
2D_LINE_00
10
-45.1365766667
20
11.3741186667
0
VERTEX
8
2D_LINE_00
10
-45.1365766667
20
11.3702186667
0
VERTEX
8
2D_LINE_00
10
-45.1355766667
20
11.3664186667
0
VERTEX
8
2D_LINE_00
10
-45.1345766667
20
11.3625186667
0
VERTEX
8
2D_LINE_00
10
-45.1345766667
20
11.3586186667
0
VERTEX
8
2D_LINE_00
10
-45.1335766667
20
11.3548186667
0
VERTEX
8
2D_LINE_00
10
-45.1325766667
20
11.3509186667
0
VERTEX
8
2D_LINE_00
10
-45.1325766667
20
11.3471186667
0
VERTEX
8
2D_LINE_00
10
-45.1315766667
20
11.3432186667
0
VERTEX
8
2D_LINE_00
10
-45.1315766667
20
11.3394186667
0
VERTEX
8
2D_LINE_00
10
-45.1305766667
20
11.3355186667
0
VERTEX
8
2D_LINE_00
10
-45.1295766667
20
11.3317186667
0
VERTEX
8
2D_LINE_00
10
-45.1285766667
20
11.3278186667
0
VERTEX
8
2D_LINE_00
10
-45.1285766667
20
11.3240186667
0
VERTEX
8
2D_LINE_00
10
-45.1275766667
20
11.3202186667
0
VERTEX
8
2D_LINE_00
10
-45.1265766667
20
11.3163186667
0
VERTEX
8
2D_LINE_00
10
-45.1265766667
20
11.3125186667
0
VERTEX
8
2D_LINE_00
10
-45.1255766667
20
11.3087186667
0
VERTEX
8
2D_LINE_00
10
-45.1245766667
20
11.3048186667
0
VERTEX
8
2D_LINE_00
10
-45.1235766667
20
11.3010186667
0
VERTEX
8
2D_LINE_00
10
-45.1225766667
20
11.2972186667
0
VERTEX
8
2D_LINE_00
10
-45.1225766667
20
11.2933186667
0
VERTEX
8
2D_LINE_00
10
-45.1215766667
20
11.2895186667
0
VERTEX
8
2D_LINE_00
10
-45.1205766667
20
11.2857186667
0
VERTEX
8
2D_LINE_00
10
-45.1195766667
20
11.2819186667
0
VERTEX
8
2D_LINE_00
10
-45.1185766667
20
11.2781186667
0
VERTEX
8
2D_LINE_00
10
-45.1185766667
20
11.2743186667
0
VERTEX
8
2D_LINE_00
10
-45.1175766667
20
11.2705186667
0
VERTEX
8
2D_LINE_00
10
-45.1165766667
20
11.2667186667
0
VERTEX
8
2D_LINE_00
10
-45.1155766667
20
11.2628186667
0
VERTEX
8
2D_LINE_00
10
-45.1145766667
20
11.2590186667
0
VERTEX
8
2D_LINE_00
10
-45.1135766667
20
11.2553186667
0
VERTEX
8
2D_LINE_00
10
-45.1125766667
20
11.2515186667
0
VERTEX
8
2D_LINE_00
10
-45.1115766667
20
11.2477186667
0
VERTEX
8
2D_LINE_00
10
-45.1105766667
20
11.2439186667
0
VERTEX
8
2D_LINE_00
10
-45.1095766667
20
11.2401186667
0
VERTEX
8
2D_LINE_00
10
-45.1085766667
20
11.2363186667
0
VERTEX
8
2D_LINE_00
10
-45.1075766667
20
11.2325186667
0
VERTEX
8
2D_LINE_00
10
-45.1065766667
20
11.2288186667
0
VERTEX
8
2D_LINE_00
10
-45.1055766667
20
11.2250186667
0
VERTEX
8
2D_LINE_00
10
-45.1045766667
20
11.2212186667
0
VERTEX
8
2D_LINE_00
10
-45.1035766667
20
11.2174186667
0
VERTEX
8
2D_LINE_00
10
-45.1025766667
20
11.2137186667
0
VERTEX
8
2D_LINE_00
10
-45.1015766667
20
11.2099186667
0
VERTEX
8
2D_LINE_00
10
-45.1005766667
20
11.2062186667
0
VERTEX
8
2D_LINE_00
10
-45.0995766667
20
11.2024186667
0
VERTEX
8
2D_LINE_00
10
-45.0985766667
20
11.1987186667
0
VERTEX
8
2D_LINE_00
10
-45.0975766667
20
11.1949186667
0
VERTEX
8
2D_LINE_00
10
-45.0965766667
20
11.1912186667
0
VERTEX
8
2D_LINE_00
10
-45.0955766667
20
11.1874186667
0
VERTEX
8
2D_LINE_00
10
-45.0945766667
20
11.1837186667
0
VERTEX
8
2D_LINE_00
10
-45.0935766667
20
11.1800186667
0
VERTEX
8
2D_LINE_00
10
-45.0925766667
20
11.1762186667
0
VERTEX
8
2D_LINE_00
10
-45.0905766667
20
11.1725186667
0
VERTEX
8
2D_LINE_00
10
-45.0895766667
20
11.1688186667
0
VERTEX
8
2D_LINE_00
10
-45.0885766667
20
11.1650186667
0
VERTEX
8
2D_LINE_00
10
-45.0875766667
20
11.1613186667
0
VERTEX
8
2D_LINE_00
10
-45.0865766667
20
11.1576186667
0
VERTEX
8
2D_LINE_00
10
-45.0855766667
20
11.1539186667
0
VERTEX
8
2D_LINE_00
10
-45.0835766667
20
11.1502186667
0
VERTEX
8
2D_LINE_00
10
-45.0825766667
20
11.1465186667
0
VERTEX
8
2D_LINE_00
10
-45.0815766667
20
11.1427186667
0
VERTEX
8
2D_LINE_00
10
-45.0805766667
20
11.1390186667
0
VERTEX
8
2D_LINE_00
10
-45.0795766667
20
11.1353186667
0
VERTEX
8
2D_LINE_00
10
-45.0775766667
20
11.1316186667
0
VERTEX
8
2D_LINE_00
10
-45.0765766667
20
11.1279186667
0
VERTEX
8
2D_LINE_00
10
-45.0755766667
20
11.1242186667
0
VERTEX
8
2D_LINE_00
10
-45.0745766667
20
11.1205186667
0
VERTEX
8
2D_LINE_00
10
-45.0725766667
20
11.1168186667
0
VERTEX
8
2D_LINE_00
10
-45.0715766667
20
11.1131186667
0
VERTEX
8
2D_LINE_00
10
-45.0705766667
20
11.1095186667
0
VERTEX
8
2D_LINE_00
10
-45.0695766667
20
11.1058186667
0
VERTEX
8
2D_LINE_00
10
-45.0675766667
20
11.1021186667
0
VERTEX
8
2D_LINE_00
10
-45.0665766667
20
11.0984186667
0
VERTEX
8
2D_LINE_00
10
-45.0655766667
20
11.0947186667
0
VERTEX
8
2D_LINE_00
10
-45.0645766667
20
11.0910186667
0
VERTEX
8
2D_LINE_00
10
-45.0625766667
20
11.0874186667
0
VERTEX
8
2D_LINE_00
10
-45.0615766667
20
11.0837186667
0
VERTEX
8
2D_LINE_00
10
-45.0605766667
20
11.0800186667
0
VERTEX
8
2D_LINE_00
10
-45.0585766667
20
11.0763186667
0
VERTEX
8
2D_LINE_00
10
-45.0575766667
20
11.0726186667
0
VERTEX
8
2D_LINE_00
10
-45.0565766667
20
11.0690186667
0
VERTEX
8
2D_LINE_00
10
-45.0545766667
20
11.0653186667
0
VERTEX
8
2D_LINE_00
10
-45.0535766667
20
11.0616186667
0
VERTEX
8
2D_LINE_00
10
-45.0525766667
20
11.0580186667
0
VERTEX
8
2D_LINE_00
10
-45.0505766667
20
11.0543186667
0
VERTEX
8
2D_LINE_00
10
-45.0495766667
20
11.0506186667
0
VERTEX
8
2D_LINE_00
10
-45.0485766667
20
11.0470186667
0
VERTEX
8
2D_LINE_00
10
-45.0465766667
20
11.0433186667
0
VERTEX
8
2D_LINE_00
10
-45.0455766667
20
11.0396186667
0
VERTEX
8
2D_LINE_00
10
-45.0445766667
20
11.0360186667
0
VERTEX
8
2D_LINE_00
10
-45.0425766667
20
11.0323186667
0
VERTEX
8
2D_LINE_00
10
-45.0415766667
20
11.0287186667
0
VERTEX
8
2D_LINE_00
10
-45.0395766667
20
11.0250186667
0
VERTEX
8
2D_LINE_00
10
-45.0385766667
20
11.0213186667
0
VERTEX
8
2D_LINE_00
10
-45.0375766667
20
11.0177186667
0
VERTEX
8
2D_LINE_00
10
-45.0355766667
20
11.0140186667
0
VERTEX
8
2D_LINE_00
10
-45.0345766667
20
11.0104186667
0
VERTEX
8
2D_LINE_00
10
-45.0335766667
20
11.0067186667
0
VERTEX
8
2D_LINE_00
10
-45.0315766667
20
11.0031186667
0
VERTEX
8
2D_LINE_00
10
-45.0305766667
20
10.9994186667
0
VERTEX
8
2D_LINE_00
10
-45.0285766667
20
10.9957186667
0
VERTEX
8
2D_LINE_00
10
-45.0275766667
20
10.9921186667
0
VERTEX
8
2D_LINE_00
10
-45.0265766667
20
10.9884186667
0
VERTEX
8
2D_LINE_00
10
-45.0245766667
20
10.9848186667
0
VERTEX
8
2D_LINE_00
10
-45.0235766667
20
10.9811186667
0
VERTEX
8
2D_LINE_00
10
-45.0225766667
20
10.9775186667
0
VERTEX
8
2D_LINE_00
10
-45.0205766667
20
10.9738186667
0
VERTEX
8
2D_LINE_00
10
-45.0195766667
20
10.9702186667
0
VERTEX
8
2D_LINE_00
10
-45.0175766667
20
10.9665186667
0
SEQEND
0
INSERT
2
SMOOTH_0$2
8
2D_LINE_00
10
-45.1545766667
20
11.6933186667
0
INSERT
2
SMOOTH_0$2
8
2D_LINE_00
10
-45.1545766667
20
11.6894186667
0
POLYLINE
8
2D_LINE_00
66
1
40
0.2
41
0.2
0
VERTEX
8
2D_LINE_00
10
-39.3115766667
20
40.3000186667
0
VERTEX
8
2D_LINE_00
10
-39.3205766667
20
40.2999186667
0
VERTEX
8
2D_LINE_00
10
-39.3285766667
20
40.2999186667
0
VERTEX
8
2D_LINE_00
10
-39.3365766667
20
40.2998186667
0
VERTEX
8
2D_LINE_00
10
-39.3455766667
20
40.2998186667
0
VERTEX
8
2D_LINE_00
10
-39.3535766667
20
40.2997186667
0
VERTEX
8
2D_LINE_00
10
-39.3615766667
20
40.2996186667
0
VERTEX
8
2D_LINE_00
10
-39.3705766667
20
40.2996186667
0
VERTEX
8
2D_LINE_00
10
-39.3785766667
20
40.2995186667
0
VERTEX
8
2D_LINE_00
10
-39.3865766667
20
40.2994186667
0
VERTEX
8
2D_LINE_00
10
-39.3945766667
20
40.2993186667
0
VERTEX
8
2D_LINE_00
10
-39.4035766667
20
40.2993186667
0
VERTEX
8
2D_LINE_00
10
-39.4115766667
20
40.2992186667
0
VERTEX
8
2D_LINE_00
10
-39.4195766667
20
40.2990186667
0
VERTEX
8
2D_LINE_00
10
-39.4285766667
20
40.2989186667
0
VERTEX
8
2D_LINE_00
10
-39.4365766667
20
40.2988186667
0
VERTEX
8
2D_LINE_00
10
-39.4445766667
20
40.2987186667
0
VERTEX
8
2D_LINE_00
10
-39.4535766667
20
40.2985186667
0
VERTEX
8
2D_LINE_00
10
-39.4615766667
20
40.2984186667
0
VERTEX
8
2D_LINE_00
10
-39.4695766667
20
40.2982186667
0
VERTEX
8
2D_LINE_00
10
-39.4785766667
20
40.2980186667
0
VERTEX
8
2D_LINE_00
10
-39.4865766667
20
40.2978186667
0
VERTEX
8
2D_LINE_00
10
-39.4945766667
20
40.2976186667
0
VERTEX
8
2D_LINE_00
10
-39.5025766667
20
40.2974186667
0
VERTEX
8
2D_LINE_00
10
-39.5115766667
20
40.2971186667
0
VERTEX
8
2D_LINE_00
10
-39.5195766667
20
40.2969186667
0
VERTEX
8
2D_LINE_00
10
-39.5275766667
20
40.2966186667
0
VERTEX
8
2D_LINE_00
10
-39.5365766667
20
40.2963186667
0
VERTEX
8
2D_LINE_00
10
-39.5445766667
20
40.2960186667
0
VERTEX
8
2D_LINE_00
10
-39.5525766667
20
40.2956186667
0
VERTEX
8
2D_LINE_00
10
-39.5605766667
20
40.2953186667
0
VERTEX
8
2D_LINE_00
10
-39.5695766667
20
40.2949186667
0
VERTEX
8
2D_LINE_00
10
-39.5775766667
20
40.2945186667
0
VERTEX
8
2D_LINE_00
10
-39.5855766667
20
40.2941186667
0
VERTEX
8
2D_LINE_00
10
-39.5945766667
20
40.2937186667
0
VERTEX
8
2D_LINE_00
10
-39.6025766667
20
40.2932186667
0
VERTEX
8
2D_LINE_00
10
-39.6105766667
20
40.2927186667
0
VERTEX
8
2D_LINE_00
10
-39.6185766667
20
40.2922186667
0
VERTEX
8
2D_LINE_00
10
-39.6275766667
20
40.2916186667
0
VERTEX
8
2D_LINE_00
10
-39.6355766667
20
40.2911186667
0
VERTEX
8
2D_LINE_00
10
-39.6435766667
20
40.2905186667
0
VERTEX
8
2D_LINE_00
10
-39.6525766667
20
40.2899186667
0
VERTEX
8
2D_LINE_00
10
-39.6605766667
20
40.2892186667
0
VERTEX
8
2D_LINE_00
10
-39.6685766667
20
40.2885186667
0
VERTEX
8
2D_LINE_00
10
-39.6765766667
20
40.2878186667
0
VERTEX
8
2D_LINE_00
10
-39.6855766667
20
40.2871186667
0
VERTEX
8
2D_LINE_00
10
-39.6935766667
20
40.2863186667
0
VERTEX
8
2D_LINE_00
10
-39.7015766667
20
40.2855186667
0
VERTEX
8
2D_LINE_00
10
-39.7095766667
20
40.2847186667
0
VERTEX
8
2D_LINE_00
10
-39.7185766667
20
40.2838186667
0
VERTEX
8
2D_LINE_00
10
-39.7265766667
20
40.2829186667
0
VERTEX
8
2D_LINE_00
10
-39.7345766667
20
40.2820186667
0
VERTEX
8
2D_LINE_00
10
-39.7425766667
20
40.2810186667
0
VERTEX
8
2D_LINE_00
10
-39.7515766667
20
40.2800186667
0
VERTEX
8
2D_LINE_00
10
-39.7595766667
20
40.2789186667
0
VERTEX
8
2D_LINE_00
10
-39.7675766667
20
40.2778186667
0
VERTEX
8
2D_LINE_00
10
-39.7755766667
20
40.2767186667
0
VERTEX
8
2D_LINE_00
10
-39.7845766667
20
40.2756186667
0
VERTEX
8
2D_LINE_00
10
-39.7925766667
20
40.2744186667
0
VERTEX
8
2D_LINE_00
10
-39.8005766667
20
40.2731186667
0
VERTEX
8
2D_LINE_00
10
-39.8085766667
20
40.2718186667
0
VERTEX
8
2D_LINE_00
10
-39.8175766667
20
40.2705186667
0
VERTEX
8
2D_LINE_00
10
-39.8255766667
20
40.2692186667
0
VERTEX
8
2D_LINE_00
10
-39.8335766667
20
40.2678186667
0
VERTEX
8
2D_LINE_00
10
-39.8415766667
20
40.2663186667
0
VERTEX
8
2D_LINE_00
10
-39.8495766667
20
40.2648186667
0
VERTEX
8
2D_LINE_00
10
-39.8585766667
20
40.2633186667
0
VERTEX
8
2D_LINE_00
10
-39.8665766667
20
40.2618186667
0
VERTEX
8
2D_LINE_00
10
-39.8745766667
20
40.2602186667
0
VERTEX
8
2D_LINE_00
10
-39.8825766667
20
40.2585186667
0
VERTEX
8
2D_LINE_00
10
-39.8905766667
20
40.2568186667
0
VERTEX
8
2D_LINE_00
10
-39.8995766667
20
40.2551186667
0
VERTEX
8
2D_LINE_00
10
-39.9075766667
20
40.2533186667
0
VERTEX
8
2D_LINE_00
10
-39.9155766667
20
40.2515186667
0
VERTEX
8
2D_LINE_00
10
-39.9235766667
20
40.2497186667
0
VERTEX
8
2D_LINE_00
10
-39.9315766667
20
40.2477186667
0
VERTEX
8
2D_LINE_00
10
-39.9395766667
20
40.2458186667
0
VERTEX
8
2D_LINE_00
10
-39.9475766667
20
40.2438186667
0
VERTEX
8
2D_LINE_00
10
-39.9555766667
20
40.2418186667
0
VERTEX
8
2D_LINE_00
10
-39.9635766667
20
40.2397186667
0
VERTEX
8
2D_LINE_00
10
-39.9725766667
20
40.2376186667
0
VERTEX
8
2D_LINE_00
10
-39.9805766667
20
40.2354186667
0
VERTEX
8
2D_LINE_00
10
-39.9885766667
20
40.2332186667
0
VERTEX
8
2D_LINE_00
10
-39.9965766667
20
40.2310186667
0
VERTEX
8
2D_LINE_00
10
-40.0045766667
20
40.2287186667
0
VERTEX
8
2D_LINE_00
10
-40.0125766667
20
40.2263186667
0
VERTEX
8
2D_LINE_00
10
-40.0205766667
20
40.2239186667
0
VERTEX
8
2D_LINE_00
10
-40.0285766667
20
40.2215186667
0
VERTEX
8
2D_LINE_00
10
-40.0365766667
20
40.2190186667
0
VERTEX
8
2D_LINE_00
10
-40.0445766667
20
40.2165186667
0
VERTEX
8
2D_LINE_00
10
-40.0515766667
20
40.2139186667
0
VERTEX
8
2D_LINE_00
10
-40.0595766667
20
40.2113186667
0
VERTEX
8
2D_LINE_00
10
-40.0675766667
20
40.2086186667
0
VERTEX
8
2D_LINE_00
10
-40.0755766667
20
40.2059186667
0
VERTEX
8
2D_LINE_00
10
-40.0835766667
20
40.2031186667
0
VERTEX
8
2D_LINE_00
10
-40.0915766667
20
40.2003186667
0
VERTEX
8
2D_LINE_00
10
-40.0995766667
20
40.1974186667
0
VERTEX
8
2D_LINE_00
10
-40.1065766667
20
40.1945186667
0
VERTEX
8
2D_LINE_00
10
-40.1145766667
20
40.1916186667
0
VERTEX
8
2D_LINE_00
10
-40.1225766667
20
40.1886186667
0
VERTEX
8
2D_LINE_00
10
-40.1305766667
20
40.1855186667
0
VERTEX
8
2D_LINE_00
10
-40.1375766667
20
40.1824186667
0
VERTEX
8
2D_LINE_00
10
-40.1455766667
20
40.1792186667
0
VERTEX
8
2D_LINE_00
10
-40.1535766667
20
40.1760186667
0
VERTEX
8
2D_LINE_00
10
-40.1605766667
20
40.1728186667
0
VERTEX
8
2D_LINE_00
10
-40.1685766667
20
40.1695186667
0
VERTEX
8
2D_LINE_00
10
-40.1765766667
20
40.1661186667
0
VERTEX
8
2D_LINE_00
10
-40.1835766667
20
40.1627186667
0
VERTEX
8
2D_LINE_00
10
-40.1915766667
20
40.1592186667
0
VERTEX
8
2D_LINE_00
10
-40.1985766667
20
40.1557186667
0
VERTEX
8
2D_LINE_00
10
-40.2065766667
20
40.1522186667
0
VERTEX
8
2D_LINE_00
10
-40.2135766667
20
40.1486186667
0
VERTEX
8
2D_LINE_00
10
-40.2215766667
20
40.1449186667
0
VERTEX
8
2D_LINE_00
10
-40.2285766667
20
40.1412186667
0
VERTEX
8
2D_LINE_00
10
-40.2365766667
20
40.1374186667
0
VERTEX
8
2D_LINE_00
10
-40.2435766667
20
40.1336186667
0
VERTEX
8
2D_LINE_00
10
-40.2505766667
20
40.1297186667
0
VERTEX
8
2D_LINE_00
10
-40.2585766667
20
40.1258186667
0
VERTEX
8
2D_LINE_00
10
-40.2655766667
20
40.1218186667
0
VERTEX
8
2D_LINE_00
10
-40.2725766667
20
40.1178186667
0
VERTEX
8
2D_LINE_00
10
-40.2805766667
20
40.1137186667
0
VERTEX
8
2D_LINE_00
10
-40.2875766667
20
40.1096186667
0
VERTEX
8
2D_LINE_00
10
-40.2945766667
20
40.1055186667
0
VERTEX
8
2D_LINE_00
10
-40.3015766667
20
40.1013186667
0
VERTEX
8
2D_LINE_00
10
-40.3085766667
20
40.0970186667
0
VERTEX
8
2D_LINE_00
10
-40.3165766667
20
40.0927186667
0
VERTEX
8
2D_LINE_00
10
-40.3235766667
20
40.0884186667
0
VERTEX
8
2D_LINE_00
10
-40.3305766667
20
40.0840186667
0
VERTEX
8
2D_LINE_00
10
-40.3375766667
20
40.0795186667
0
VERTEX
8
2D_LINE_00
10
-40.3445766667
20
40.0751186667
0
VERTEX
8
2D_LINE_00
10
-40.3515766667
20
40.0705186667
0
VERTEX
8
2D_LINE_00
10
-40.3585766667
20
40.0660186667
0
VERTEX
8
2D_LINE_00
10
-40.3655766667
20
40.0614186667
0
VERTEX
8
2D_LINE_00
10
-40.3725766667
20
40.0567186667
0
VERTEX
8
2D_LINE_00
10
-40.3785766667
20
40.0520186667
0
VERTEX
8
2D_LINE_00
10
-40.3855766667
20
40.0473186667
0
VERTEX
8
2D_LINE_00
10
-40.3925766667
20
40.0425186667
0
VERTEX
8
2D_LINE_00
10
-40.3995766667
20
40.0377186667
0
VERTEX
8
2D_LINE_00
10
-40.4065766667
20
40.0328186667
0
VERTEX
8
2D_LINE_00
10
-40.4135766667
20
40.0279186667
0
VERTEX
8
2D_LINE_00
10
-40.4195766667
20
40.0230186667
0
VERTEX
8
2D_LINE_00
10
-40.4265766667
20
40.0180186667
0
VERTEX
8
2D_LINE_00
10
-40.4335766667
20
40.0130186667
0
VERTEX
8
2D_LINE_00
10
-40.4395766667
20
40.0080186667
0
VERTEX
8
2D_LINE_00
10
-40.4465766667
20
40.0029186667
0
VERTEX
8
2D_LINE_00
10
-40.4525766667
20
39.9978186667
0
VERTEX
8
2D_LINE_00
10
-40.4595766667
20
39.9926186667
0
VERTEX
8
2D_LINE_00
10
-40.4665766667
20
39.9874186667
0
VERTEX
8
2D_LINE_00
10
-40.4725766667
20
39.9822186667
0
VERTEX
8
2D_LINE_00
10
-40.4795766667
20
39.9769186667
0
VERTEX
8
2D_LINE_00
10
-40.4855766667
20
39.9716186667
0
VERTEX
8
2D_LINE_00
10
-40.4915766667
20
39.9663186667
0
VERTEX
8
2D_LINE_00
10
-40.4985766667
20
39.9609186667
0
VERTEX
8
2D_LINE_00
10
-40.5045766667
20
39.9555186667
0
VERTEX
8
2D_LINE_00
10
-40.5105766667
20
39.9501186667
0
VERTEX
8
2D_LINE_00
10
-40.5175766667
20
39.9446186667
0
VERTEX
8
2D_LINE_00
10
-40.5235766667
20
39.9392186667
0
VERTEX
8
2D_LINE_00
10
-40.5295766667
20
39.9336186667
0
VERTEX
8
2D_LINE_00
10
-40.5365766667
20
39.9281186667
0
VERTEX
8
2D_LINE_00
10
-40.5425766667
20
39.9225186667
0
VERTEX
8
2D_LINE_00
10
-40.5485766667
20
39.9169186667
0
VERTEX
8
2D_LINE_00
10
-40.5545766667
20
39.9112186667
0
VERTEX
8
2D_LINE_00
10
-40.5605766667
20
39.9056186667
0
VERTEX
8
2D_LINE_00
10
-40.5665766667
20
39.8999186667
0
VERTEX
8
2D_LINE_00
10
-40.5725766667
20
39.8942186667
0
VERTEX
8
2D_LINE_00
10
-40.5785766667
20
39.8884186667
0
VERTEX
8
2D_LINE_00
10
-40.5845766667
20
39.8826186667
0
VERTEX
8
2D_LINE_00
10
-40.5905766667
20
39.8768186667
0
VERTEX
8
2D_LINE_00
10
-40.5965766667
20
39.8710186667
0
VERTEX
8
2D_LINE_00
10
-40.6025766667
20
39.8651186667
0
VERTEX
8
2D_LINE_00
10
-40.6085766667
20
39.8593186667
0
VERTEX
8
2D_LINE_00
10
-40.6145766667
20
39.8534186667
0
VERTEX
8
2D_LINE_00
10
-40.6205766667
20
39.8474186667
0
VERTEX
8
2D_LINE_00
10
-40.6255766667
20
39.8415186667
0
VERTEX
8
2D_LINE_00
10
-40.6315766667
20
39.8355186667
0
VERTEX
8
2D_LINE_00
10
-40.6375766667
20
39.8295186667
0
VERTEX
8
2D_LINE_00
10
-40.6435766667
20
39.8235186667
0
VERTEX
8
2D_LINE_00
10
-40.6485766667
20
39.8174186667
0
VERTEX
8
2D_LINE_00
10
-40.6545766667
20
39.8114186667
0
VERTEX
8
2D_LINE_00
10
-40.6605766667
20
39.8053186667
0
VERTEX
8
2D_LINE_00
10
-40.6655766667
20
39.7992186667
0
VERTEX
8
2D_LINE_00
10
-40.6715766667
20
39.7931186667
0
VERTEX
8
2D_LINE_00
10
-40.6765766667
20
39.7869186667
0
VERTEX
8
2D_LINE_00
10
-40.6825766667
20
39.7808186667
0
VERTEX
8
2D_LINE_00
10
-40.6885766667
20
39.7746186667
0
VERTEX
8
2D_LINE_00
10
-40.6935766667
20
39.7684186667
0
VERTEX
8
2D_LINE_00
10
-40.6995766667
20
39.7622186667
0
VERTEX
8
2D_LINE_00
10
-40.7045766667
20
39.7560186667
0
VERTEX
8
2D_LINE_00
10
-40.7105766667
20
39.7497186667
0
VERTEX
8
2D_LINE_00
10
-40.7155766667
20
39.7435186667
0
VERTEX
8
2D_LINE_00
10
-40.7205766667
20
39.7372186667
0
VERTEX
8
2D_LINE_00
10
-40.7265766667
20
39.7309186667
0
VERTEX
8
2D_LINE_00
10
-40.7315766667
20
39.7246186667
0
VERTEX
8
2D_LINE_00
10
-40.7375766667
20
39.7183186667
0
VERTEX
8
2D_LINE_00
10
-40.7425766667
20
39.7119186667
0
VERTEX
8
2D_LINE_00
10
-40.7475766667
20
39.7056186667
0
VERTEX
8
2D_LINE_00
10
-40.7535766667
20
39.6992186667
0
VERTEX
8
2D_LINE_00
10
-40.7585766667
20
39.6928186667
0
VERTEX
8
2D_LINE_00
10
-40.7635766667
20
39.6865186667
0
VERTEX
8
2D_LINE_00
10
-40.7685766667
20
39.6801186667
0
VERTEX
8
2D_LINE_00
10
-40.7745766667
20
39.6737186667
0
VERTEX
8
2D_LINE_00
10
-40.7795766667
20
39.6672186667
0
VERTEX
8
2D_LINE_00
10
-40.7845766667
20
39.6608186667
0
VERTEX
8
2D_LINE_00
10
-40.7905766667
20
39.6544186667
0
VERTEX
8
2D_LINE_00
10
-40.7955766667
20
39.6479186667
0
VERTEX
8
2D_LINE_00
10
-40.8005766667
20
39.6415186667
0
VERTEX
8
2D_LINE_00
10
-40.8055766667
20
39.6350186667
0
VERTEX
8
2D_LINE_00
10
-40.8105766667
20
39.6285186667
0
VERTEX
8
2D_LINE_00
10
-40.8165766667
20
39.6221186667
0
VERTEX
8
2D_LINE_00
10
-40.8215766667
20
39.6156186667
0
VERTEX
8
2D_LINE_00
10
-40.8265766667
20
39.6091186667
0
VERTEX
8
2D_LINE_00
10
-40.8315766667
20
39.6026186667
0
VERTEX
8
2D_LINE_00
10
-40.8365766667
20
39.5961186667
0
VERTEX
8
2D_LINE_00
10
-40.8415766667
20
39.5896186667
0
VERTEX
8
2D_LINE_00
10
-40.8475766667
20
39.5831186667
0
VERTEX
8
2D_LINE_00
10
-40.8525766667
20
39.5765186667
0
VERTEX
8
2D_LINE_00
10
-40.8575766667
20
39.5700186667
0
VERTEX
8
2D_LINE_00
10
-40.8625766667
20
39.5635186667
0
VERTEX
8
2D_LINE_00
10
-40.8675766667
20
39.5570186667
0
VERTEX
8
2D_LINE_00
10
-40.8725766667
20
39.5504186667
0
VERTEX
8
2D_LINE_00
10
-40.8775766667
20
39.5439186667
0
VERTEX
8
2D_LINE_00
10
-40.8835766667
20
39.5374186667
0
VERTEX
8
2D_LINE_00
10
-40.8885766667
20
39.5309186667
0
VERTEX
8
2D_LINE_00
10
-40.8935766667
20
39.5243186667
0
SEQEND
0
INSERT
2
SMOOTH_0$2
8
2D_LINE_00
10
-39.3115766667
20
40.3000186667
0
INSERT
2
SMOOTH_0$2
8
2D_LINE_00
10
-39.3205766667
20
40.2999186667
0
POLYLINE
8
2D_LINE_00
66
1
40
0.2
41
0.2
0
VERTEX
8
2D_LINE_00
10
-29.6546866667
20
2.6490733333
0
VERTEX
8
2D_LINE_00
10
-39.1080433333
20
2.6490733333
0
SEQEND
0
INSERT
2
SMOOTH_0$2
8
2D_LINE_00
10
-29.6546866667
20
2.6490733333
0
INSERT
2
SMOOTH_0$2
8
2D_LINE_00
10
-39.1080433333
20
2.6490733333
0
POLYLINE
8
2D_LINE_00
66
1
40
0.2
41
0.2
0
VERTEX
8
2D_LINE_00
10
-39.3119913333
20
40.3
0
VERTEX
8
2D_LINE_00
10
-30.4046866667
20
40.3
0
SEQEND
0
INSERT
2
SMOOTH_0$2
8
2D_LINE_00
10
-39.3119913333
20
40.3
0
INSERT
2
SMOOTH_0$2
8
2D_LINE_00
10
-30.4046866667
20
40.3
0
POLYLINE
8
2D_LINE_00
66
1
40
0.2
41
0.2
0
VERTEX
8
2D_LINE_00
10
-45.0175766667
20
32.2427186667
0
VERTEX
8
2D_LINE_00
10
-45.0195766667
20
32.2390186667
0
VERTEX
8
2D_LINE_00
10
-45.0205766667
20
32.2354186667
0
VERTEX
8
2D_LINE_00
10
-45.0225766667
20
32.2317186667
0
VERTEX
8
2D_LINE_00
10
-45.0235766667
20
32.2281186667
0
VERTEX
8
2D_LINE_00
10
-45.0245766667
20
32.2244186667
0
VERTEX
8
2D_LINE_00
10
-45.0265766667
20
32.2208186667
0
VERTEX
8
2D_LINE_00
10
-45.0275766667
20
32.2171186667
0
VERTEX
8
2D_LINE_00
10
-45.0285766667
20
32.2134186667
0
VERTEX
8
2D_LINE_00
10
-45.0305766667
20
32.2098186667
0
VERTEX
8
2D_LINE_00
10
-45.0315766667
20
32.2061186667
0
VERTEX
8
2D_LINE_00
10
-45.0335766667
20
32.2025186667
0
VERTEX
8
2D_LINE_00
10
-45.0345766667
20
32.1988186667
0
VERTEX
8
2D_LINE_00
10
-45.0355766667
20
32.1952186667
0
VERTEX
8
2D_LINE_00
10
-45.0375766667
20
32.1915186667
0
VERTEX
8
2D_LINE_00
10
-45.0385766667
20
32.1878186667
0
VERTEX
8
2D_LINE_00
10
-45.0395766667
20
32.1842186667
0
VERTEX
8
2D_LINE_00
10
-45.0415766667
20
32.1805186667
0
VERTEX
8
2D_LINE_00
10
-45.0425766667
20
32.1769186667
0
VERTEX
8
2D_LINE_00
10
-45.0435766667
20
32.1732186667
0
VERTEX
8
2D_LINE_00
10
-45.0455766667
20
32.1695186667
0
VERTEX
8
2D_LINE_00
10
-45.0465766667
20
32.1659186667
0
VERTEX
8
2D_LINE_00
10
-45.0485766667
20
32.1622186667
0
VERTEX
8
2D_LINE_00
10
-45.0495766667
20
32.1585186667
0
VERTEX
8
2D_LINE_00
10
-45.0505766667
20
32.1549186667
0
VERTEX
8
2D_LINE_00
10
-45.0525766667
20
32.1512186667
0
VERTEX
8
2D_LINE_00
10
-45.0535766667
20
32.1475186667
0
VERTEX
8
2D_LINE_00
10
-45.0545766667
20
32.1439186667
0
VERTEX
8
2D_LINE_00
10
-45.0565766667
20
32.1402186667
0
VERTEX
8
2D_LINE_00
10
-45.0575766667
20
32.1365186667
0
VERTEX
8
2D_LINE_00
10
-45.0585766667
20
32.1329186667
0
VERTEX
8
2D_LINE_00
10
-45.0595766667
20
32.1292186667
0
VERTEX
8
2D_LINE_00
10
-45.0615766667
20
32.1255186667
0
VERTEX
8
2D_LINE_00
10
-45.0625766667
20
32.1218186667
0
VERTEX
8
2D_LINE_00
10
-45.0635766667
20
32.1181186667
0
VERTEX
8
2D_LINE_00
10
-45.0655766667
20
32.1145186667
0
VERTEX
8
2D_LINE_00
10
-45.0665766667
20
32.1108186667
0
VERTEX
8
2D_LINE_00
10
-45.0675766667
20
32.1071186667
0
VERTEX
8
2D_LINE_00
10
-45.0695766667
20
32.1034186667
0
VERTEX
8
2D_LINE_00
10
-45.0705766667
20
32.0997186667
0
VERTEX
8
2D_LINE_00
10
-45.0715766667
20
32.0960186667
0
VERTEX
8
2D_LINE_00
10
-45.0725766667
20
32.0923186667
0
VERTEX
8
2D_LINE_00
10
-45.0745766667
20
32.0886186667
0
VERTEX
8
2D_LINE_00
10
-45.0755766667
20
32.0849186667
0
VERTEX
8
2D_LINE_00
10
-45.0765766667
20
32.0812186667
0
VERTEX
8
2D_LINE_00
10
-45.0775766667
20
32.0775186667
0
VERTEX
8
2D_LINE_00
10
-45.0795766667
20
32.0738186667
0
VERTEX
8
2D_LINE_00
10
-45.0805766667
20
32.0701186667
0
VERTEX
8
2D_LINE_00
10
-45.0815766667
20
32.0664186667
0
VERTEX
8
2D_LINE_00
10
-45.0825766667
20
32.0627186667
0
VERTEX
8
2D_LINE_00
10
-45.0835766667
20
32.0590186667
0
VERTEX
8
2D_LINE_00
10
-45.0855766667
20
32.0553186667
0
VERTEX
8
2D_LINE_00
10
-45.0865766667
20
32.0516186667
0
VERTEX
8
2D_LINE_00
10
-45.0875766667
20
32.0478186667
0
VERTEX
8
2D_LINE_00
10
-45.0885766667
20
32.0441186667
0
VERTEX
8
2D_LINE_00
10
-45.0895766667
20
32.0404186667
0
VERTEX
8
2D_LINE_00
10
-45.0905766667
20
32.0367186667
0
VERTEX
8
2D_LINE_00
10
-45.0915766667
20
32.0329186667
0
VERTEX
8
2D_LINE_00
10
-45.0935766667
20
32.0292186667
0
VERTEX
8
2D_LINE_00
10
-45.0945766667
20
32.0255186667
0
VERTEX
8
2D_LINE_00
10
-45.0955766667
20
32.0217186667
0
VERTEX
8
2D_LINE_00
10
-45.0965766667
20
32.0180186667
0
VERTEX
8
2D_LINE_00
10
-45.0975766667
20
32.0142186667
0
VERTEX
8
2D_LINE_00
10
-45.0985766667
20
32.0105186667
0
VERTEX
8
2D_LINE_00
10
-45.0995766667
20
32.0067186667
0
VERTEX
8
2D_LINE_00
10
-45.1005766667
20
32.0030186667
0
VERTEX
8
2D_LINE_00
10
-45.1015766667
20
31.9992186667
0
VERTEX
8
2D_LINE_00
10
-45.1025766667
20
31.9955186667
0
VERTEX
8
2D_LINE_00
10
-45.1035766667
20
31.9917186667
0
VERTEX
8
2D_LINE_00
10
-45.1045766667
20
31.9879186667
0
VERTEX
8
2D_LINE_00
10
-45.1055766667
20
31.9842186667
0
VERTEX
8
2D_LINE_00
10
-45.1065766667
20
31.9804186667
0
VERTEX
8
2D_LINE_00
10
-45.1075766667
20
31.9766186667
0
VERTEX
8
2D_LINE_00
10
-45.1085766667
20
31.9729186667
0
VERTEX
8
2D_LINE_00
10
-45.1095766667
20
31.9691186667
0
VERTEX
8
2D_LINE_00
10
-45.1105766667
20
31.9653186667
0
VERTEX
8
2D_LINE_00
10
-45.1115766667
20
31.9615186667
0
VERTEX
8
2D_LINE_00
10
-45.1125766667
20
31.9577186667
0
VERTEX
8
2D_LINE_00
10
-45.1135766667
20
31.9539186667
0
VERTEX
8
2D_LINE_00
10
-45.1145766667
20
31.9501186667
0
VERTEX
8
2D_LINE_00
10
-45.1155766667
20
31.9463186667
0
VERTEX
8
2D_LINE_00
10
-45.1165766667
20
31.9425186667
0
VERTEX
8
2D_LINE_00
10
-45.1175766667
20
31.9387186667
0
VERTEX
8
2D_LINE_00
10
-45.1175766667
20
31.9349186667
0
VERTEX
8
2D_LINE_00
10
-45.1185766667
20
31.9311186667
0
VERTEX
8
2D_LINE_00
10
-45.1195766667
20
31.9273186667
0
VERTEX
8
2D_LINE_00
10
-45.1205766667
20
31.9235186667
0
VERTEX
8
2D_LINE_00
10
-45.1215766667
20
31.9196186667
0
VERTEX
8
2D_LINE_00
10
-45.1225766667
20
31.9158186667
0
VERTEX
8
2D_LINE_00
10
-45.1225766667
20
31.9120186667
0
VERTEX
8
2D_LINE_00
10
-45.1235766667
20
31.9082186667
0
VERTEX
8
2D_LINE_00
10
-45.1245766667
20
31.9043186667
0
VERTEX
8
2D_LINE_00
10
-45.1255766667
20
31.9005186667
0
VERTEX
8
2D_LINE_00
10
-45.1265766667
20
31.8967186667
0
VERTEX
8
2D_LINE_00
10
-45.1265766667
20
31.8929186667
0
VERTEX
8
2D_LINE_00
10
-45.1275766667
20
31.8890186667
0
VERTEX
8
2D_LINE_00
10
-45.1285766667
20
31.8852186667
0
VERTEX
8
2D_LINE_00
10
-45.1285766667
20
31.8813186667
0
VERTEX
8
2D_LINE_00
10
-45.1295766667
20
31.8775186667
0
VERTEX
8
2D_LINE_00
10
-45.1305766667
20
31.8736186667
0
VERTEX
8
2D_LINE_00
10
-45.1315766667
20
31.8698186667
0
VERTEX
8
2D_LINE_00
10
-45.1315766667
20
31.8660186667
0
VERTEX
8
2D_LINE_00
10
-45.1325766667
20
31.8621186667
0
VERTEX
8
2D_LINE_00
10
-45.1335766667
20
31.8582186667
0
VERTEX
8
2D_LINE_00
10
-45.1335766667
20
31.8544186667
0
VERTEX
8
2D_LINE_00
10
-45.1345766667
20
31.8505186667
0
VERTEX
8
2D_LINE_00
10
-45.1345766667
20
31.8467186667
0
VERTEX
8
2D_LINE_00
10
-45.1355766667
20
31.8428186667
0
VERTEX
8
2D_LINE_00
10
-45.1365766667
20
31.8390186667
0
VERTEX
8
2D_LINE_00
10
-45.1365766667
20
31.8351186667
0
VERTEX
8
2D_LINE_00
10
-45.1375766667
20
31.8312186667
0
VERTEX
8
2D_LINE_00
10
-45.1375766667
20
31.8274186667
0
VERTEX
8
2D_LINE_00
10
-45.1385766667
20
31.8235186667
0
VERTEX
8
2D_LINE_00
10
-45.1385766667
20
31.8196186667
0
VERTEX
8
2D_LINE_00
10
-45.1395766667
20
31.8158186667
0
VERTEX
8
2D_LINE_00
10
-45.1395766667
20
31.8119186667
0
VERTEX
8
2D_LINE_00
10
-45.1405766667
20
31.8080186667
0
VERTEX
8
2D_LINE_00
10
-45.1405766667
20
31.8042186667
0
VERTEX
8
2D_LINE_00
10
-45.1415766667
20
31.8003186667
0
VERTEX
8
2D_LINE_00
10
-45.1415766667
20
31.7964186667
0
VERTEX
8
2D_LINE_00
10
-45.1425766667
20
31.7925186667
0
VERTEX
8
2D_LINE_00
10
-45.1425766667
20
31.7887186667
0
VERTEX
8
2D_LINE_00
10
-45.1435766667
20
31.7848186667
0
VERTEX
8
2D_LINE_00
10
-45.1435766667
20
31.7809186667
0
VERTEX
8
2D_LINE_00
10
-45.1445766667
20
31.7770186667
0
VERTEX
8
2D_LINE_00
10
-45.1445766667
20
31.7731186667
0
VERTEX
8
2D_LINE_00
10
-45.1445766667
20
31.7693186667
0
VERTEX
8
2D_LINE_00
10
-45.1455766667
20
31.7654186667
0
VERTEX
8
2D_LINE_00
10
-45.1455766667
20
31.7615186667
0
VERTEX
8
2D_LINE_00
10
-45.1455766667
20
31.7576186667
0
VERTEX
8
2D_LINE_00
10
-45.1465766667
20
31.7537186667
0
VERTEX
8
2D_LINE_00
10
-45.1465766667
20
31.7499186667
0
VERTEX
8
2D_LINE_00
10
-45.1465766667
20
31.7460186667
0
VERTEX
8
2D_LINE_00
10
-45.1475766667
20
31.7421186667
0
VERTEX
8
2D_LINE_00
10
-45.1475766667
20
31.7382186667
0
VERTEX
8
2D_LINE_00
10
-45.1475766667
20
31.7343186667
0
VERTEX
8
2D_LINE_00
10
-45.1485766667
20
31.7304186667
0
VERTEX
8
2D_LINE_00
10
-45.1485766667
20
31.7265186667
0
VERTEX
8
2D_LINE_00
10
-45.1485766667
20
31.7226186667
0
VERTEX
8
2D_LINE_00
10
-45.1485766667
20
31.7187186667
0
VERTEX
8
2D_LINE_00
10
-45.1495766667
20
31.7149186667
0
VERTEX
8
2D_LINE_00
10
-45.1495766667
20
31.7110186667
0
VERTEX
8
2D_LINE_00
10
-45.1495766667
20
31.7071186667
0
VERTEX
8
2D_LINE_00
10
-45.1495766667
20
31.7032186667
0
VERTEX
8
2D_LINE_00
10
-45.1505766667
20
31.6993186667
0
VERTEX
8
2D_LINE_00
10
-45.1505766667
20
31.6954186667
0
VERTEX
8
2D_LINE_00
10
-45.1505766667
20
31.6915186667
0
VERTEX
8
2D_LINE_00
10
-45.1505766667
20
31.6876186667
0
VERTEX
8
2D_LINE_00
10
-45.1505766667
20
31.6837186667
0
VERTEX
8
2D_LINE_00
10
-45.1515766667
20
31.6798186667
0
VERTEX
8
2D_LINE_00
10
-45.1515766667
20
31.6759186667
0
VERTEX
8
2D_LINE_00
10
-45.1515766667
20
31.6720186667
0
VERTEX
8
2D_LINE_00
10
-45.1515766667
20
31.6681186667
0
VERTEX
8
2D_LINE_00
10
-45.1515766667
20
31.6642186667
0
VERTEX
8
2D_LINE_00
10
-45.1515766667
20
31.6603186667
0
VERTEX
8
2D_LINE_00
10
-45.1525766667
20
31.6564186667
0
VERTEX
8
2D_LINE_00
10
-45.1525766667
20
31.6525186667
0
VERTEX
8
2D_LINE_00
10
-45.1525766667
20
31.6486186667
0
VERTEX
8
2D_LINE_00
10
-45.1525766667
20
31.6447186667
0
VERTEX
8
2D_LINE_00
10
-45.1525766667
20
31.6408186667
0
VERTEX
8
2D_LINE_00
10
-45.1525766667
20
31.6369186667
0
VERTEX
8
2D_LINE_00
10
-45.1525766667
20
31.6330186667
0
VERTEX
8
2D_LINE_00
10
-45.1525766667
20
31.6291186667
0
VERTEX
8
2D_LINE_00
10
-45.1535766667
20
31.6252186667
0
VERTEX
8
2D_LINE_00
10
-45.1535766667
20
31.6213186667
0
VERTEX
8
2D_LINE_00
10
-45.1535766667
20
31.6174186667
0
VERTEX
8
2D_LINE_00
10
-45.1535766667
20
31.6135186667
0
VERTEX
8
2D_LINE_00
10
-45.1535766667
20
31.6096186667
0
VERTEX
8
2D_LINE_00
10
-45.1535766667
20
31.6057186667
0
VERTEX
8
2D_LINE_00
10
-45.1535766667
20
31.6018186667
0
VERTEX
8
2D_LINE_00
10
-45.1535766667
20
31.5979186667
0
VERTEX
8
2D_LINE_00
10
-45.1535766667
20
31.5940186667
0
VERTEX
8
2D_LINE_00
10
-45.1535766667
20
31.5901186667
0
VERTEX
8
2D_LINE_00
10
-45.1535766667
20
31.5862186667
0
VERTEX
8
2D_LINE_00
10
-45.1535766667
20
31.5823186667
0
VERTEX
8
2D_LINE_00
10
-45.1535766667
20
31.5784186667
0
VERTEX
8
2D_LINE_00
10
-45.1535766667
20
31.5745186667
0
VERTEX
8
2D_LINE_00
10
-45.1545766667
20
31.5706186667
0
VERTEX
8
2D_LINE_00
10
-45.1545766667
20
31.5666186667
0
VERTEX
8
2D_LINE_00
10
-45.1545766667
20
31.5627186667
0
VERTEX
8
2D_LINE_00
10
-45.1545766667
20
31.5588186667
0
VERTEX
8
2D_LINE_00
10
-45.1545766667
20
31.5549186667
0
VERTEX
8
2D_LINE_00
10
-45.1545766667
20
31.5510186667
0
VERTEX
8
2D_LINE_00
10
-45.1545766667
20
31.5471186667
0
VERTEX
8
2D_LINE_00
10
-45.1545766667
20
31.5432186667
0
VERTEX
8
2D_LINE_00
10
-45.1545766667
20
31.5393186667
0
VERTEX
8
2D_LINE_00
10
-45.1545766667
20
31.5354186667
0
VERTEX
8
2D_LINE_00
10
-45.1545766667
20
31.5315186667
0
VERTEX
8
2D_LINE_00
10
-45.1545766667
20
31.5276186667
0
VERTEX
8
2D_LINE_00
10
-45.1545766667
20
31.5237186667
0
VERTEX
8
2D_LINE_00
10
-45.1545766667
20
31.5198186667
0
VERTEX
8
2D_LINE_00
10
-45.1545766667
20
31.5159186667
0
SEQEND
0
INSERT
2
SMOOTH_0$2
8
2D_LINE_00
10
-45.0175766667
20
32.2427186667
0
INSERT
2
SMOOTH_0$2
8
2D_LINE_00
10
-45.0195766667
20
32.2390186667
0
INSERT
2
SMOOTH_0$2
8
2D_LINE_00
10
-45.0205766667
20
32.2354186667
0
INSERT
2
SMOOTH_0$2
8
2D_LINE_00
10
-45.0225766667
20
32.2317186667
0
INSERT
2
SMOOTH_0$2
8
2D_LINE_00
10
-45.0235766667
20
32.2281186667
0
POLYLINE
8
2D_LINE_00
66
1
40
0.2
41
0.2
0
VERTEX
8
2D_LINE_00
10
-40.6745766667
20
3.4056186667
0
VERTEX
8
2D_LINE_00
10
-40.6695766667
20
3.3993186667
0
VERTEX
8
2D_LINE_00
10
-40.6645766667
20
3.3929186667
0
VERTEX
8
2D_LINE_00
10
-40.6595766667
20
3.3865186667
0
VERTEX
8
2D_LINE_00
10
-40.6535766667
20
3.3801186667
0
VERTEX
8
2D_LINE_00
10
-40.6485766667
20
3.3737186667
0
VERTEX
8
2D_LINE_00
10
-40.6435766667
20
3.3674186667
0
VERTEX
8
2D_LINE_00
10
-40.6385766667
20
3.3610186667
0
VERTEX
8
2D_LINE_00
10
-40.6335766667
20
3.3546186667
0
VERTEX
8
2D_LINE_00
10
-40.6285766667
20
3.3483186667
0
VERTEX
8
2D_LINE_00
10
-40.6225766667
20
3.3419186667
0
VERTEX
8
2D_LINE_00
10
-40.6175766667
20
3.3355186667
0
VERTEX
8
2D_LINE_00
10
-40.6125766667
20
3.3292186667
0
VERTEX
8
2D_LINE_00
10
-40.6075766667
20
3.3228186667
0
VERTEX
8
2D_LINE_00
10
-40.6025766667
20
3.3165186667
0
VERTEX
8
2D_LINE_00
10
-40.5975766667
20
3.3102186667
0
VERTEX
8
2D_LINE_00
10
-40.5915766667
20
3.3038186667
0
VERTEX
8
2D_LINE_00
10
-40.5865766667
20
3.2975186667
0
VERTEX
8
2D_LINE_00
10
-40.5815766667
20
3.2912186667
0
VERTEX
8
2D_LINE_00
10
-40.5765766667
20
3.2849186667
0
VERTEX
8
2D_LINE_00
10
-40.5715766667
20
3.2786186667
0
VERTEX
8
2D_LINE_00
10
-40.5655766667
20
3.2723186667
0
VERTEX
8
2D_LINE_00
10
-40.5605766667
20
3.2660186667
0
VERTEX
8
2D_LINE_00
10
-40.5555766667
20
3.2598186667
0
VERTEX
8
2D_LINE_00
10
-40.5495766667
20
3.2535186667
0
VERTEX
8
2D_LINE_00
10
-40.5445766667
20
3.2473186667
0
VERTEX
8
2D_LINE_00
10
-40.5395766667
20
3.2410186667
0
VERTEX
8
2D_LINE_00
10
-40.5345766667
20
3.2348186667
0
VERTEX
8
2D_LINE_00
10
-40.5285766667
20
3.2286186667
0
VERTEX
8
2D_LINE_00
10
-40.5235766667
20
3.2224186667
0
VERTEX
8
2D_LINE_00
10
-40.5185766667
20
3.2162186667
0
VERTEX
8
2D_LINE_00
10
-40.5125766667
20
3.2100186667
0
VERTEX
8
2D_LINE_00
10
-40.5075766667
20
3.2039186667
0
VERTEX
8
2D_LINE_00
10
-40.5015766667
20
3.1977186667
0
VERTEX
8
2D_LINE_00
10
-40.4965766667
20
3.1916186667
0
VERTEX
8
2D_LINE_00
10
-40.4905766667
20
3.1855186667
0
VERTEX
8
2D_LINE_00
10
-40.4855766667
20
3.1794186667
0
VERTEX
8
2D_LINE_00
10
-40.4805766667
20
3.1733186667
0
VERTEX
8
2D_LINE_00
10
-40.4745766667
20
3.1672186667
0
VERTEX
8
2D_LINE_00
10
-40.4695766667
20
3.1612186667
0
VERTEX
8
2D_LINE_00
10
-40.4635766667
20
3.1552186667
0
VERTEX
8
2D_LINE_00
10
-40.4575766667
20
3.1491186667
0
VERTEX
8
2D_LINE_00
10
-40.4525766667
20
3.1431186667
0
VERTEX
8
2D_LINE_00
10
-40.4465766667
20
3.1372186667
0
VERTEX
8
2D_LINE_00
10
-40.4415766667
20
3.1312186667
0
VERTEX
8
2D_LINE_00
10
-40.4355766667
20
3.1253186667
0
VERTEX
8
2D_LINE_00
10
-40.4295766667
20
3.1194186667
0
VERTEX
8
2D_LINE_00
10
-40.4245766667
20
3.1135186667
0
VERTEX
8
2D_LINE_00
10
-40.4185766667
20
3.1076186667
0
VERTEX
8
2D_LINE_00
10
-40.4125766667
20
3.1017186667
0
VERTEX
8
2D_LINE_00
10
-40.4075766667
20
3.0959186667
0
VERTEX
8
2D_LINE_00
10
-40.4015766667
20
3.0901186667
0
VERTEX
8
2D_LINE_00
10
-40.3955766667
20
3.0843186667
0
VERTEX
8
2D_LINE_00
10
-40.3895766667
20
3.0786186667
0
VERTEX
8
2D_LINE_00
10
-40.3835766667
20
3.0728186667
0
VERTEX
8
2D_LINE_00
10
-40.3775766667
20
3.0671186667
0
VERTEX
8
2D_LINE_00
10
-40.3715766667
20
3.0614186667
0
VERTEX
8
2D_LINE_00
10
-40.3665766667
20
3.0558186667
0
VERTEX
8
2D_LINE_00
10
-40.3605766667
20
3.0501186667
0
VERTEX
8
2D_LINE_00
10
-40.3545766667
20
3.0445186667
0
VERTEX
8
2D_LINE_00
10
-40.3485766667
20
3.0389186667
0
VERTEX
8
2D_LINE_00
10
-40.3425766667
20
3.0334186667
0
VERTEX
8
2D_LINE_00
10
-40.3355766667
20
3.0278186667
0
VERTEX
8
2D_LINE_00
10
-40.3295766667
20
3.0223186667
0
VERTEX
8
2D_LINE_00
10
-40.3235766667
20
3.0169186667
0
VERTEX
8
2D_LINE_00
10
-40.3175766667
20
3.0114186667
0
VERTEX
8
2D_LINE_00
10
-40.3115766667
20
3.0060186667
0
VERTEX
8
2D_LINE_00
10
-40.3055766667
20
3.0006186667
0
VERTEX
8
2D_LINE_00
10
-40.2985766667
20
2.9953186667
0
VERTEX
8
2D_LINE_00
10
-40.2925766667
20
2.9899186667
0
VERTEX
8
2D_LINE_00
10
-40.2865766667
20
2.9846186667
0
VERTEX
8
2D_LINE_00
10
-40.2795766667
20
2.9794186667
0
VERTEX
8
2D_LINE_00
10
-40.2735766667
20
2.9741186667
0
VERTEX
8
2D_LINE_00
10
-40.2675766667
20
2.9689186667
0
VERTEX
8
2D_LINE_00
10
-40.2605766667
20
2.9638186667
0
VERTEX
8
2D_LINE_00
10
-40.2545766667
20
2.9587186667
0
VERTEX
8
2D_LINE_00
10
-40.2475766667
20
2.9536186667
0
VERTEX
8
2D_LINE_00
10
-40.2415766667
20
2.9485186667
0
VERTEX
8
2D_LINE_00
10
-40.2345766667
20
2.9435186667
0
VERTEX
8
2D_LINE_00
10
-40.2285766667
20
2.9385186667
0
VERTEX
8
2D_LINE_00
10
-40.2215766667
20
2.9335186667
0
VERTEX
8
2D_LINE_00
10
-40.2155766667
20
2.9286186667
0
VERTEX
8
2D_LINE_00
10
-40.2085766667
20
2.9237186667
0
VERTEX
8
2D_LINE_00
10
-40.2025766667
20
2.9189186667
0
VERTEX
8
2D_LINE_00
10
-40.1955766667
20
2.9141186667
0
VERTEX
8
2D_LINE_00
10
-40.1885766667
20
2.9093186667
0
VERTEX
8
2D_LINE_00
10
-40.1815766667
20
2.9046186667
0
VERTEX
8
2D_LINE_00
10
-40.1755766667
20
2.8999186667
0
VERTEX
8
2D_LINE_00
10
-40.1685766667
20
2.8952186667
0
VERTEX
8
2D_LINE_00
10
-40.1615766667
20
2.8906186667
0
VERTEX
8
2D_LINE_00
10
-40.1545766667
20
2.8860186667
0
VERTEX
8
2D_LINE_00
10
-40.1475766667
20
2.8815186667
0
VERTEX
8
2D_LINE_00
10
-40.1415766667
20
2.8770186667
0
VERTEX
8
2D_LINE_00
10
-40.1345766667
20
2.8725186667
0
VERTEX
8
2D_LINE_00
10
-40.1275766667
20
2.8681186667
0
VERTEX
8
2D_LINE_00
10
-40.1205766667
20
2.8638186667
0
VERTEX
8
2D_LINE_00
10
-40.1135766667
20
2.8595186667
0
VERTEX
8
2D_LINE_00
10
-40.1065766667
20
2.8552186667
0
VERTEX
8
2D_LINE_00
10
-40.0995766667
20
2.8509186667
0
VERTEX
8
2D_LINE_00
10
-40.0925766667
20
2.8468186667
0
VERTEX
8
2D_LINE_00
10
-40.0855766667
20
2.8426186667
0
VERTEX
8
2D_LINE_00
10
-40.0775766667
20
2.8385186667
0
VERTEX
8
2D_LINE_00
10
-40.0705766667
20
2.8345186667
0
VERTEX
8
2D_LINE_00
10
-40.0635766667
20
2.8305186667
0
VERTEX
8
2D_LINE_00
10
-40.0565766667
20
2.8265186667
0
VERTEX
8
2D_LINE_00
10
-40.0495766667
20
2.8226186667
0
VERTEX
8
2D_LINE_00
10
-40.0425766667
20
2.8187186667
0
VERTEX
8
2D_LINE_00
10
-40.0345766667
20
2.8149186667
0
VERTEX
8
2D_LINE_00
10
-40.0275766667
20
2.8111186667
0
VERTEX
8
2D_LINE_00
10
-40.0205766667
20
2.8074186667
0
VERTEX
8
2D_LINE_00
10
-40.0125766667
20
2.8037186667
0
VERTEX
8
2D_LINE_00
10
-40.0055766667
20
2.8001186667
0
VERTEX
8
2D_LINE_00
10
-39.9985766667
20
2.7966186667
0
VERTEX
8
2D_LINE_00
10
-39.9905766667
20
2.7930186667
0
VERTEX
8
2D_LINE_00
10
-39.9835766667
20
2.7896186667
0
VERTEX
8
2D_LINE_00
10
-39.9755766667
20
2.7862186667
0
VERTEX
8
2D_LINE_00
10
-39.9685766667
20
2.7828186667
0
VERTEX
8
2D_LINE_00
10
-39.9605766667
20
2.7795186667
0
VERTEX
8
2D_LINE_00
10
-39.9535766667
20
2.7762186667
0
VERTEX
8
2D_LINE_00
10
-39.9455766667
20
2.7730186667
0
VERTEX
8
2D_LINE_00
10
-39.9385766667
20
2.7698186667
0
VERTEX
8
2D_LINE_00
10
-39.9305766667
20
2.7667186667
0
VERTEX
8
2D_LINE_00
10
-39.9235766667
20
2.7636186667
0
VERTEX
8
2D_LINE_00
10
-39.9155766667
20
2.7606186667
0
VERTEX
8
2D_LINE_00
10
-39.9075766667
20
2.7576186667
0
VERTEX
8
2D_LINE_00
10
-39.9005766667
20
2.7547186667
0
VERTEX
8
2D_LINE_00
10
-39.8925766667
20
2.7518186667
0
VERTEX
8
2D_LINE_00
10
-39.8845766667
20
2.7490186667
0
VERTEX
8
2D_LINE_00
10
-39.8765766667
20
2.7462186667
0
VERTEX
8
2D_LINE_00
10
-39.8695766667
20
2.7434186667
0
VERTEX
8
2D_LINE_00
10
-39.8615766667
20
2.7407186667
0
VERTEX
8
2D_LINE_00
10
-39.8535766667
20
2.7381186667
0
VERTEX
8
2D_LINE_00
10
-39.8455766667
20
2.7355186667
0
VERTEX
8
2D_LINE_00
10
-39.8385766667
20
2.7329186667
0
VERTEX
8
2D_LINE_00
10
-39.8305766667
20
2.7304186667
0
VERTEX
8
2D_LINE_00
10
-39.8225766667
20
2.7280186667
0
VERTEX
8
2D_LINE_00
10
-39.8145766667
20
2.7255186667
0
VERTEX
8
2D_LINE_00
10
-39.8065766667
20
2.7232186667
0
VERTEX
8
2D_LINE_00
10
-39.7985766667
20
2.7208186667
0
VERTEX
8
2D_LINE_00
10
-39.7905766667
20
2.7185186667
0
VERTEX
8
2D_LINE_00
10
-39.7825766667
20
2.7163186667
0
VERTEX
8
2D_LINE_00
10
-39.7755766667
20
2.7141186667
0
VERTEX
8
2D_LINE_00
10
-39.7675766667
20
2.7120186667
0
VERTEX
8
2D_LINE_00
10
-39.7595766667
20
2.7098186667
0
VERTEX
8
2D_LINE_00
10
-39.7515766667
20
2.7078186667
0
VERTEX
8
2D_LINE_00
10
-39.7435766667
20
2.7058186667
0
VERTEX
8
2D_LINE_00
10
-39.7355766667
20
2.7038186667
0
VERTEX
8
2D_LINE_00
10
-39.7275766667
20
2.7018186667
0
VERTEX
8
2D_LINE_00
10
-39.7195766667
20
2.6999186667
0
VERTEX
8
2D_LINE_00
10
-39.7115766667
20
2.6981186667
0
VERTEX
8
2D_LINE_00
10
-39.7035766667
20
2.6963186667
0
VERTEX
8
2D_LINE_00
10
-39.6955766667
20
2.6945186667
0
VERTEX
8
2D_LINE_00
10
-39.6875766667
20
2.6928186667
0
VERTEX
8
2D_LINE_00
10
-39.6795766667
20
2.6911186667
0
VERTEX
8
2D_LINE_00
10
-39.6705766667
20
2.6895186667
0
VERTEX
8
2D_LINE_00
10
-39.6625766667
20
2.6878186667
0
VERTEX
8
2D_LINE_00
10
-39.6545766667
20
2.6863186667
0
VERTEX
8
2D_LINE_00
10
-39.6465766667
20
2.6848186667
0
VERTEX
8
2D_LINE_00
10
-39.6385766667
20
2.6833186667
0
VERTEX
8
2D_LINE_00
10
-39.6305766667
20
2.6818186667
0
VERTEX
8
2D_LINE_00
10
-39.6225766667
20
2.6804186667
0
VERTEX
8
2D_LINE_00
10
-39.6145766667
20
2.6791186667
0
VERTEX
8
2D_LINE_00
10
-39.6065766667
20
2.6777186667
0
VERTEX
8
2D_LINE_00
10
-39.5985766667
20
2.6765186667
0
VERTEX
8
2D_LINE_00
10
-39.5905766667
20
2.6752186667
0
VERTEX
8
2D_LINE_00
10
-39.5815766667
20
2.6740186667
0
VERTEX
8
2D_LINE_00
10
-39.5735766667
20
2.6728186667
0
VERTEX
8
2D_LINE_00
10
-39.5655766667
20
2.6717186667
0
VERTEX
8
2D_LINE_00
10
-39.5575766667
20
2.6706186667
0
VERTEX
8
2D_LINE_00
10
-39.5495766667
20
2.6696186667
0
VERTEX
8
2D_LINE_00
10
-39.5415766667
20
2.6685186667
0
VERTEX
8
2D_LINE_00
10
-39.5335766667
20
2.6676186667
0
VERTEX
8
2D_LINE_00
10
-39.5245766667
20
2.6666186667
0
VERTEX
8
2D_LINE_00
10
-39.5165766667
20
2.6657186667
0
VERTEX
8
2D_LINE_00
10
-39.5085766667
20
2.6648186667
0
VERTEX
8
2D_LINE_00
10
-39.5005766667
20
2.6640186667
0
VERTEX
8
2D_LINE_00
10
-39.4925766667
20
2.6632186667
0
VERTEX
8
2D_LINE_00
10
-39.4845766667
20
2.6624186667
0
VERTEX
8
2D_LINE_00
10
-39.4765766667
20
2.6616186667
0
VERTEX
8
2D_LINE_00
10
-39.4675766667
20
2.6609186667
0
VERTEX
8
2D_LINE_00
10
-39.4595766667
20
2.6602186667
0
VERTEX
8
2D_LINE_00
10
-39.4515766667
20
2.6595186667
0
VERTEX
8
2D_LINE_00
10
-39.4435766667
20
2.6589186667
0
VERTEX
8
2D_LINE_00
10
-39.4355766667
20
2.6583186667
0
VERTEX
8
2D_LINE_00
10
-39.4275766667
20
2.6577186667
0
VERTEX
8
2D_LINE_00
10
-39.4185766667
20
2.6572186667
0
VERTEX
8
2D_LINE_00
10
-39.4105766667
20
2.6566186667
0
VERTEX
8
2D_LINE_00
10
-39.4025766667
20
2.6561186667
0
VERTEX
8
2D_LINE_00
10
-39.3945766667
20
2.6557186667
0
VERTEX
8
2D_LINE_00
10
-39.3865766667
20
2.6552186667
0
VERTEX
8
2D_LINE_00
10
-39.3785766667
20
2.6548186667
0
VERTEX
8
2D_LINE_00
10
-39.3695766667
20
2.6544186667
0
VERTEX
8
2D_LINE_00
10
-39.3615766667
20
2.6540186667
0
VERTEX
8
2D_LINE_00
10
-39.3535766667
20
2.6536186667
0
VERTEX
8
2D_LINE_00
10
-39.3455766667
20
2.6533186667
0
VERTEX
8
2D_LINE_00
10
-39.3375766667
20
2.6530186667
0
VERTEX
8
2D_LINE_00
10
-39.3295766667
20
2.6526186667
0
VERTEX
8
2D_LINE_00
10
-39.3205766667
20
2.6524186667
0
VERTEX
8
2D_LINE_00
10
-39.3125766667
20
2.6521186667
0
VERTEX
8
2D_LINE_00
10
-39.3045766667
20
2.6518186667
0
VERTEX
8
2D_LINE_00
10
-39.2965766667
20
2.6516186667
0
VERTEX
8
2D_LINE_00
10
-39.2885766667
20
2.6514186667
0
VERTEX
8
2D_LINE_00
10
-39.2795766667
20
2.6512186667
0
VERTEX
8
2D_LINE_00
10
-39.2715766667
20
2.6510186667
0
VERTEX
8
2D_LINE_00
10
-39.2635766667
20
2.6508186667
0
VERTEX
8
2D_LINE_00
10
-39.2555766667
20
2.6506186667
0
VERTEX
8
2D_LINE_00
10
-39.2475766667
20
2.6505186667
0
VERTEX
8
2D_LINE_00
10
-39.2395766667
20
2.6503186667
0
VERTEX
8
2D_LINE_00
10
-39.2305766667
20
2.6502186667
0
VERTEX
8
2D_LINE_00
10
-39.2225766667
20
2.6501186667
0
VERTEX
8
2D_LINE_00
10
-39.2145766667
20
2.6500186667
0
VERTEX
8
2D_LINE_00
10
-39.2065766667
20
2.6499186667
0
VERTEX
8
2D_LINE_00
10
-39.1985766667
20
2.6498186667
0
VERTEX
8
2D_LINE_00
10
-39.1895766667
20
2.6497186667
0
VERTEX
8
2D_LINE_00
10
-39.1815766667
20
2.6496186667
0
VERTEX
8
2D_LINE_00
10
-39.1735766667
20
2.6495186667
0
VERTEX
8
2D_LINE_00
10
-39.1655766667
20
2.6494186667
0
VERTEX
8
2D_LINE_00
10
-39.1575766667
20
2.6494186667
0
VERTEX
8
2D_LINE_00
10
-39.1485766667
20
2.6493186667
0
VERTEX
8
2D_LINE_00
10
-39.1405766667
20
2.6493186667
0
VERTEX
8
2D_LINE_00
10
-39.1325766667
20
2.6492186667
0
VERTEX
8
2D_LINE_00
10
-39.1245766667
20
2.6492186667
0
VERTEX
8
2D_LINE_00
10
-39.1165766667
20
2.6491186667
0
VERTEX
8
2D_LINE_00
10
-39.1075766667
20
2.6491186667
0
SEQEND
0
INSERT
2
SMOOTH_0$2
8
2D_LINE_00
10
-40.6745766667
20
3.4056186667
0
INSERT
2
SMOOTH_0$2
8
2D_LINE_00
10
-40.6695766667
20
3.3993186667
0
POLYLINE
8
2D_LINE_00
66
1
40
0.2
41
0.2
0
VERTEX
8
2D_LINE_00
10
13.8492233333
20
43.3532186667
0
VERTEX
8
2D_LINE_00
10
13.8489233333
20
43.3657186667
0
VERTEX
8
2D_LINE_00
10
13.8486233333
20
43.3783186667
0
VERTEX
8
2D_LINE_00
10
13.8484233333
20
43.3908186667
0
VERTEX
8
2D_LINE_00
10
13.8481233333
20
43.4034186667
0
VERTEX
8
2D_LINE_00
10
13.8478233333
20
43.4159186667
0
VERTEX
8
2D_LINE_00
10
13.8475233333
20
43.4284186667
0
VERTEX
8
2D_LINE_00
10
13.8472233333
20
43.4410186667
0
VERTEX
8
2D_LINE_00
10
13.8469233333
20
43.4535186667
0
VERTEX
8
2D_LINE_00
10
13.8466233333
20
43.4660186667
0
VERTEX
8
2D_LINE_00
10
13.8463233333
20
43.4786186667
0
VERTEX
8
2D_LINE_00
10
13.8460233333
20
43.4911186667
0
VERTEX
8
2D_LINE_00
10
13.8457233333
20
43.5036186667
0
VERTEX
8
2D_LINE_00
10
13.8454233333
20
43.5162186667
0
VERTEX
8
2D_LINE_00
10
13.8451233333
20
43.5287186667
0
VERTEX
8
2D_LINE_00
10
13.8448233333
20
43.5412186667
0
VERTEX
8
2D_LINE_00
10
13.8444233333
20
43.5538186667
0
VERTEX
8
2D_LINE_00
10
13.8441233333
20
43.5663186667
0
VERTEX
8
2D_LINE_00
10
13.8437233333
20
43.5788186667
0
VERTEX
8
2D_LINE_00
10
13.8434233333
20
43.5914186667
0
VERTEX
8
2D_LINE_00
10
13.8430233333
20
43.6039186667
0
VERTEX
8
2D_LINE_00
10
13.8427233333
20
43.6164186667
0
VERTEX
8
2D_LINE_00
10
13.8423233333
20
43.6290186667
0
VERTEX
8
2D_LINE_00
10
13.8419233333
20
43.6415186667
0
VERTEX
8
2D_LINE_00
10
13.8415233333
20
43.6540186667
0
VERTEX
8
2D_LINE_00
10
13.8411233333
20
43.6665186667
0
VERTEX
8
2D_LINE_00
10
13.8407233333
20
43.6791186667
0
VERTEX
8
2D_LINE_00
10
13.8403233333
20
43.6916186667
0
VERTEX
8
2D_LINE_00
10
13.8399233333
20
43.7041186667
0
VERTEX
8
2D_LINE_00
10
13.8394233333
20
43.7167186667
0
VERTEX
8
2D_LINE_00
10
13.8390233333
20
43.7292186667
0
VERTEX
8
2D_LINE_00
10
13.8385233333
20
43.7417186667
0
VERTEX
8
2D_LINE_00
10
13.8380233333
20
43.7543186667
0
VERTEX
8
2D_LINE_00
10
13.8375233333
20
43.7668186667
0
VERTEX
8
2D_LINE_00
10
13.8370233333
20
43.7793186667
0
VERTEX
8
2D_LINE_00
10
13.8365233333
20
43.7918186667
0
VERTEX
8
2D_LINE_00
10
13.8360233333
20
43.8044186667
0
VERTEX
8
2D_LINE_00
10
13.8355233333
20
43.8169186667
0
VERTEX
8
2D_LINE_00
10
13.8349233333
20
43.8294186667
0
VERTEX
8
2D_LINE_00
10
13.8343233333
20
43.8419186667
0
VERTEX
8
2D_LINE_00
10
13.8337233333
20
43.8545186667
0
VERTEX
8
2D_LINE_00
10
13.8331233333
20
43.8670186667
0
VERTEX
8
2D_LINE_00
10
13.8325233333
20
43.8795186667
0
VERTEX
8
2D_LINE_00
10
13.8319233333
20
43.8920186667
0
VERTEX
8
2D_LINE_00
10
13.8312233333
20
43.9046186667
0
VERTEX
8
2D_LINE_00
10
13.8306233333
20
43.9171186667
0
VERTEX
8
2D_LINE_00
10
13.8299233333
20
43.9296186667
0
VERTEX
8
2D_LINE_00
10
13.8292233333
20
43.9421186667
0
VERTEX
8
2D_LINE_00
10
13.8285233333
20
43.9546186667
0
VERTEX
8
2D_LINE_00
10
13.8277233333
20
43.9672186667
0
VERTEX
8
2D_LINE_00
10
13.8270233333
20
43.9797186667
0
VERTEX
8
2D_LINE_00
10
13.8262233333
20
43.9922186667
0
VERTEX
8
2D_LINE_00
10
13.8254233333
20
44.0047186667
0
VERTEX
8
2D_LINE_00
10
13.8246233333
20
44.0172186667
0
VERTEX
8
2D_LINE_00
10
13.8238233333
20
44.0297186667
0
VERTEX
8
2D_LINE_00
10
13.8229233333
20
44.0422186667
0
VERTEX
8
2D_LINE_00
10
13.8221233333
20
44.0548186667
0
VERTEX
8
2D_LINE_00
10
13.8212233333
20
44.0673186667
0
VERTEX
8
2D_LINE_00
10
13.8203233333
20
44.0798186667
0
VERTEX
8
2D_LINE_00
10
13.8193233333
20
44.0923186667
0
VERTEX
8
2D_LINE_00
10
13.8184233333
20
44.1048186667
0
VERTEX
8
2D_LINE_00
10
13.8174233333
20
44.1173186667
0
VERTEX
8
2D_LINE_00
10
13.8164233333
20
44.1298186667
0
VERTEX
8
2D_LINE_00
10
13.8154233333
20
44.1423186667
0
VERTEX
8
2D_LINE_00
10
13.8144233333
20
44.1548186667
0
VERTEX
8
2D_LINE_00
10
13.8133233333
20
44.1673186667
0
VERTEX
8
2D_LINE_00
10
13.8123233333
20
44.1798186667
0
VERTEX
8
2D_LINE_00
10
13.8112233333
20
44.1923186667
0
VERTEX
8
2D_LINE_00
10
13.8101233333
20
44.2047186667
0
VERTEX
8
2D_LINE_00
10
13.8089233333
20
44.2172186667
0
VERTEX
8
2D_LINE_00
10
13.8078233333
20
44.2297186667
0
VERTEX
8
2D_LINE_00
10
13.8066233333
20
44.2422186667
0
VERTEX
8
2D_LINE_00
10
13.8054233333
20
44.2547186667
0
VERTEX
8
2D_LINE_00
10
13.8041233333
20
44.2672186667
0
VERTEX
8
2D_LINE_00
10
13.8029233333
20
44.2796186667
0
VERTEX
8
2D_LINE_00
10
13.8016233333
20
44.2921186667
0
VERTEX
8
2D_LINE_00
10
13.8003233333
20
44.3046186667
0
VERTEX
8
2D_LINE_00
10
13.7990233333
20
44.3170186667
0
VERTEX
8
2D_LINE_00
10
13.7976233333
20
44.3295186667
0
VERTEX
8
2D_LINE_00
10
13.7962233333
20
44.3420186667
0
VERTEX
8
2D_LINE_00
10
13.7948233333
20
44.3544186667
0
VERTEX
8
2D_LINE_00
10
13.7934233333
20
44.3669186667
0
VERTEX
8
2D_LINE_00
10
13.7919233333
20
44.3794186667
0
VERTEX
8
2D_LINE_00
10
13.7905233333
20
44.3918186667
0
VERTEX
8
2D_LINE_00
10
13.7890233333
20
44.4043186667
0
VERTEX
8
2D_LINE_00
10
13.7874233333
20
44.4167186667
0
VERTEX
8
2D_LINE_00
10
13.7859233333
20
44.4291186667
0
VERTEX
8
2D_LINE_00
10
13.7843233333
20
44.4416186667
0
VERTEX
8
2D_LINE_00
10
13.7827233333
20
44.4540186667
0
VERTEX
8
2D_LINE_00
10
13.7810233333
20
44.4665186667
0
VERTEX
8
2D_LINE_00
10
13.7794233333
20
44.4789186667
0
VERTEX
8
2D_LINE_00
10
13.7777233333
20
44.4913186667
0
VERTEX
8
2D_LINE_00
10
13.7760233333
20
44.5037186667
0
VERTEX
8
2D_LINE_00
10
13.7743233333
20
44.5162186667
0
VERTEX
8
2D_LINE_00
10
13.7725233333
20
44.5286186667
0
VERTEX
8
2D_LINE_00
10
13.7707233333
20
44.5410186667
0
VERTEX
8
2D_LINE_00
10
13.7689233333
20
44.5534186667
0
VERTEX
8
2D_LINE_00
10
13.7671233333
20
44.5658186667
0
VERTEX
8
2D_LINE_00
10
13.7652233333
20
44.5782186667
0
VERTEX
8
2D_LINE_00
10
13.7633233333
20
44.5906186667
0
VERTEX
8
2D_LINE_00
10
13.7614233333
20
44.6030186667
0
VERTEX
8
2D_LINE_00
10
13.7595233333
20
44.6154186667
0
VERTEX
8
2D_LINE_00
10
13.7575233333
20
44.6278186667
0
VERTEX
8
2D_LINE_00
10
13.7555233333
20
44.6402186667
0
VERTEX
8
2D_LINE_00
10
13.7535233333
20
44.6525186667
0
VERTEX
8
2D_LINE_00
10
13.7514233333
20
44.6649186667
0
VERTEX
8
2D_LINE_00
10
13.7494233333
20
44.6773186667
0
VERTEX
8
2D_LINE_00
10
13.7473233333
20
44.6896186667
0
VERTEX
8
2D_LINE_00
10
13.7452233333
20
44.7020186667
0
VERTEX
8
2D_LINE_00
10
13.7430233333
20
44.7144186667
0
VERTEX
8
2D_LINE_00
10
13.7409233333
20
44.7267186667
0
VERTEX
8
2D_LINE_00
10
13.7387233333
20
44.7391186667
0
VERTEX
8
2D_LINE_00
10
13.7364233333
20
44.7514186667
0
VERTEX
8
2D_LINE_00
10
13.7342233333
20
44.7637186667
0
VERTEX
8
2D_LINE_00
10
13.7319233333
20
44.7761186667
0
VERTEX
8
2D_LINE_00
10
13.7296233333
20
44.7884186667
0
VERTEX
8
2D_LINE_00
10
13.7273233333
20
44.8007186667
0
VERTEX
8
2D_LINE_00
10
13.7250233333
20
44.8130186667
0
VERTEX
8
2D_LINE_00
10
13.7226233333
20
44.8254186667
0
VERTEX
8
2D_LINE_00
10
13.7202233333
20
44.8377186667
0
VERTEX
8
2D_LINE_00
10
13.7178233333
20
44.8500186667
0
VERTEX
8
2D_LINE_00
10
13.7153233333
20
44.8623186667
0
VERTEX
8
2D_LINE_00
10
13.7129233333
20
44.8746186667
0
VERTEX
8
2D_LINE_00
10
13.7104233333
20
44.8869186667
0
VERTEX
8
2D_LINE_00
10
13.7078233333
20
44.8991186667
0
VERTEX
8
2D_LINE_00
10
13.7053233333
20
44.9114186667
0
VERTEX
8
2D_LINE_00
10
13.7027233333
20
44.9237186667
0
VERTEX
8
2D_LINE_00
10
13.7001233333
20
44.9360186667
0
VERTEX
8
2D_LINE_00
10
13.6975233333
20
44.9482186667
0
VERTEX
8
2D_LINE_00
10
13.6948233333
20
44.9605186667
0
VERTEX
8
2D_LINE_00
10
13.6921233333
20
44.9727186667
0
VERTEX
8
2D_LINE_00
10
13.6894233333
20
44.9850186667
0
VERTEX
8
2D_LINE_00
10
13.6867233333
20
44.9972186667
0
VERTEX
8
2D_LINE_00
10
13.6839233333
20
45.0095186667
0
VERTEX
8
2D_LINE_00
10
13.6812233333
20
45.0217186667
0
VERTEX
8
2D_LINE_00
10
13.6783233333
20
45.0339186667
0
VERTEX
8
2D_LINE_00
10
13.6755233333
20
45.0461186667
0
VERTEX
8
2D_LINE_00
10
13.6726233333
20
45.0583186667
0
VERTEX
8
2D_LINE_00
10
13.6698233333
20
45.0705186667
0
VERTEX
8
2D_LINE_00
10
13.6668233333
20
45.0827186667
0
VERTEX
8
2D_LINE_00
10
13.6639233333
20
45.0949186667
0
VERTEX
8
2D_LINE_00
10
13.6609233333
20
45.1071186667
0
VERTEX
8
2D_LINE_00
10
13.6579233333
20
45.1193186667
0
VERTEX
8
2D_LINE_00
10
13.6549233333
20
45.1315186667
0
VERTEX
8
2D_LINE_00
10
13.6519233333
20
45.1436186667
0
VERTEX
8
2D_LINE_00
10
13.6488233333
20
45.1558186667
0
VERTEX
8
2D_LINE_00
10
13.6457233333
20
45.1679186667
0
VERTEX
8
2D_LINE_00
10
13.6426233333
20
45.1801186667
0
VERTEX
8
2D_LINE_00
10
13.6394233333
20
45.1922186667
0
VERTEX
8
2D_LINE_00
10
13.6362233333
20
45.2043186667
0
VERTEX
8
2D_LINE_00
10
13.6330233333
20
45.2165186667
0
VERTEX
8
2D_LINE_00
10
13.6298233333
20
45.2286186667
0
VERTEX
8
2D_LINE_00
10
13.6265233333
20
45.2407186667
0
VERTEX
8
2D_LINE_00
10
13.6233233333
20
45.2528186667
0
VERTEX
8
2D_LINE_00
10
13.6200233333
20
45.2649186667
0
VERTEX
8
2D_LINE_00
10
13.6166233333
20
45.2770186667
0
VERTEX
8
2D_LINE_00
10
13.6132233333
20
45.2891186667
0
VERTEX
8
2D_LINE_00
10
13.6099233333
20
45.3011186667
0
VERTEX
8
2D_LINE_00
10
13.6064233333
20
45.3132186667
0
VERTEX
8
2D_LINE_00
10
13.6030233333
20
45.3253186667
0
VERTEX
8
2D_LINE_00
10
13.5995233333
20
45.3373186667
0
VERTEX
8
2D_LINE_00
10
13.5960233333
20
45.3494186667
0
VERTEX
8
2D_LINE_00
10
13.5925233333
20
45.3614186667
0
VERTEX
8
2D_LINE_00
10
13.5889233333
20
45.3734186667
0
VERTEX
8
2D_LINE_00
10
13.5853233333
20
45.3854186667
0
VERTEX
8
2D_LINE_00
10
13.5817233333
20
45.3975186667
0
VERTEX
8
2D_LINE_00
10
13.5781233333
20
45.4095186667
0
VERTEX
8
2D_LINE_00
10
13.5744233333
20
45.4215186667
0
VERTEX
8
2D_LINE_00
10
13.5707233333
20
45.4334186667
0
VERTEX
8
2D_LINE_00
10
13.5670233333
20
45.4454186667
0
VERTEX
8
2D_LINE_00
10
13.5632233333
20
45.4574186667
0
VERTEX
8
2D_LINE_00
10
13.5595233333
20
45.4694186667
0
VERTEX
8
2D_LINE_00
10
13.5557233333
20
45.4813186667
0
VERTEX
8
2D_LINE_00
10
13.5518233333
20
45.4932186667
0
VERTEX
8
2D_LINE_00
10
13.5480233333
20
45.5052186667
0
VERTEX
8
2D_LINE_00
10
13.5441233333
20
45.5171186667
0
VERTEX
8
2D_LINE_00
10
13.5401233333
20
45.5290186667
0
VERTEX
8
2D_LINE_00
10
13.5362233333
20
45.5409186667
0
VERTEX
8
2D_LINE_00
10
13.5322233333
20
45.5528186667
0
VERTEX
8
2D_LINE_00
10
13.5282233333
20
45.5647186667
0
VERTEX
8
2D_LINE_00
10
13.5242233333
20
45.5766186667
0
VERTEX
8
2D_LINE_00
10
13.5201233333
20
45.5884186667
0
VERTEX
8
2D_LINE_00
10
13.5160233333
20
45.6003186667
0
VERTEX
8
2D_LINE_00
10
13.5119233333
20
45.6121186667
0
VERTEX
8
2D_LINE_00
10
13.5077233333
20
45.6240186667
0
VERTEX
8
2D_LINE_00
10
13.5035233333
20
45.6358186667
0
VERTEX
8
2D_LINE_00
10
13.4993233333
20
45.6476186667
0
VERTEX
8
2D_LINE_00
10
13.4950233333
20
45.6594186667
0
VERTEX
8
2D_LINE_00
10
13.4908233333
20
45.6712186667
0
VERTEX
8
2D_LINE_00
10
13.4865233333
20
45.6830186667
0
VERTEX
8
2D_LINE_00
10
13.4821233333
20
45.6948186667
0
VERTEX
8
2D_LINE_00
10
13.4777233333
20
45.7065186667
0
VERTEX
8
2D_LINE_00
10
13.4733233333
20
45.7183186667
0
VERTEX
8
2D_LINE_00
10
13.4689233333
20
45.7300186667
0
VERTEX
8
2D_LINE_00
10
13.4645233333
20
45.7417186667
0
VERTEX
8
2D_LINE_00
10
13.4600233333
20
45.7534186667
0
VERTEX
8
2D_LINE_00
10
13.4554233333
20
45.7651186667
0
VERTEX
8
2D_LINE_00
10
13.4509233333
20
45.7768186667
0
VERTEX
8
2D_LINE_00
10
13.4463233333
20
45.7885186667
0
VERTEX
8
2D_LINE_00
10
13.4417233333
20
45.8001186667
0
VERTEX
8
2D_LINE_00
10
13.4370233333
20
45.8118186667
0
VERTEX
8
2D_LINE_00
10
13.4323233333
20
45.8234186667
0
VERTEX
8
2D_LINE_00
10
13.4276233333
20
45.8351186667
0
VERTEX
8
2D_LINE_00
10
13.4229233333
20
45.8467186667
0
VERTEX
8
2D_LINE_00
10
13.4181233333
20
45.8583186667
0
VERTEX
8
2D_LINE_00
10
13.4133233333
20
45.8699186667
0
VERTEX
8
2D_LINE_00
10
13.4084233333
20
45.8814186667
0
VERTEX
8
2D_LINE_00
10
13.4036233333
20
45.8930186667
0
VERTEX
8
2D_LINE_00
10
13.3986233333
20
45.9045186667
0
VERTEX
8
2D_LINE_00
10
13.3937233333
20
45.9161186667
0
VERTEX
8
2D_LINE_00
10
13.3887233333
20
45.9276186667
0
VERTEX
8
2D_LINE_00
10
13.3837233333
20
45.9391186667
0
VERTEX
8
2D_LINE_00
10
13.3787233333
20
45.9506186667
0
VERTEX
8
2D_LINE_00
10
13.3736233333
20
45.9620186667
0
VERTEX
8
2D_LINE_00
10
13.3685233333
20
45.9735186667
0
VERTEX
8
2D_LINE_00
10
13.3634233333
20
45.9849186667
0
VERTEX
8
2D_LINE_00
10
13.3582233333
20
45.9964186667
0
VERTEX
8
2D_LINE_00
10
13.3530233333
20
46.0078186667
0
VERTEX
8
2D_LINE_00
10
13.3477233333
20
46.0192186667
0
VERTEX
8
2D_LINE_00
10
13.3424233333
20
46.0306186667
0
VERTEX
8
2D_LINE_00
10
13.3371233333
20
46.0419186667
0
VERTEX
8
2D_LINE_00
10
13.3318233333
20
46.0533186667
0
VERTEX
8
2D_LINE_00
10
13.3264233333
20
46.0646186667
0
VERTEX
8
2D_LINE_00
10
13.3210233333
20
46.0759186667
0
VERTEX
8
2D_LINE_00
10
13.3155233333
20
46.0872186667
0
VERTEX
8
2D_LINE_00
10
13.3101233333
20
46.0985186667
0
VERTEX
8
2D_LINE_00
10
13.3045233333
20
46.1098186667
0
VERTEX
8
2D_LINE_00
10
13.2990233333
20
46.1210186667
0
VERTEX
8
2D_LINE_00
10
13.2934233333
20
46.1323186667
0
VERTEX
8
2D_LINE_00
10
13.2878233333
20
46.1435186667
0
VERTEX
8
2D_LINE_00
10
13.2821233333
20
46.1547186667
0
VERTEX
8
2D_LINE_00
10
13.2764233333
20
46.1658186667
0
VERTEX
8
2D_LINE_00
10
13.2707233333
20
46.1770186667
0
VERTEX
8
2D_LINE_00
10
13.2649233333
20
46.1882186667
0
VERTEX
8
2D_LINE_00
10
13.2591233333
20
46.1993186667
0
VERTEX
8
2D_LINE_00
10
13.2533233333
20
46.2104186667
0
VERTEX
8
2D_LINE_00
10
13.2474233333
20
46.2215186667
0
VERTEX
8
2D_LINE_00
10
13.2415233333
20
46.2325186667
0
VERTEX
8
2D_LINE_00
10
13.2356233333
20
46.2436186667
0
VERTEX
8
2D_LINE_00
10
13.2296233333
20
46.2546186667
0
VERTEX
8
2D_LINE_00
10
13.2236233333
20
46.2656186667
0
VERTEX
8
2D_LINE_00
10
13.2175233333
20
46.2766186667
0
VERTEX
8
2D_LINE_00
10
13.2114233333
20
46.2876186667
0
VERTEX
8
2D_LINE_00
10
13.2053233333
20
46.2985186667
0
VERTEX
8
2D_LINE_00
10
13.1991233333
20
46.3094186667
0
VERTEX
8
2D_LINE_00
10
13.1929233333
20
46.3203186667
0
VERTEX
8
2D_LINE_00
10
13.1867233333
20
46.3312186667
0
VERTEX
8
2D_LINE_00
10
13.1804233333
20
46.3421186667
0
VERTEX
8
2D_LINE_00
10
13.1741233333
20
46.3529186667
0
VERTEX
8
2D_LINE_00
10
13.1677233333
20
46.3638186667
0
VERTEX
8
2D_LINE_00
10
13.1613233333
20
46.3746186667
0
VERTEX
8
2D_LINE_00
10
13.1549233333
20
46.3853186667
0
VERTEX
8
2D_LINE_00
10
13.1484233333
20
46.3961186667
0
VERTEX
8
2D_LINE_00
10
13.1419233333
20
46.4068186667
0
VERTEX
8
2D_LINE_00
10
13.1354233333
20
46.4175186667
0
VERTEX
8
2D_LINE_00
10
13.1288233333
20
46.4282186667
0
VERTEX
8
2D_LINE_00
10
13.1222233333
20
46.4389186667
0
VERTEX
8
2D_LINE_00
10
13.1156233333
20
46.4495186667
0
VERTEX
8
2D_LINE_00
10
13.1089233333
20
46.4601186667
0
VERTEX
8
2D_LINE_00
10
13.1021233333
20
46.4707186667
0
VERTEX
8
2D_LINE_00
10
13.0954233333
20
46.4813186667
0
VERTEX
8
2D_LINE_00
10
13.0886233333
20
46.4918186667
0
VERTEX
8
2D_LINE_00
10
13.0817233333
20
46.5023186667
0
VERTEX
8
2D_LINE_00
10
13.0748233333
20
46.5128186667
0
VERTEX
8
2D_LINE_00
10
13.0679233333
20
46.5233186667
0
VERTEX
8
2D_LINE_00
10
13.0609233333
20
46.5337186667
0
VERTEX
8
2D_LINE_00
10
13.0539233333
20
46.5441186667
0
VERTEX
8
2D_LINE_00
10
13.0469233333
20
46.5545186667
0
VERTEX
8
2D_LINE_00
10
13.0398233333
20
46.5649186667
0
VERTEX
8
2D_LINE_00
10
13.0327233333
20
46.5752186667
0
VERTEX
8
2D_LINE_00
10
13.0255233333
20
46.5855186667
0
VERTEX
8
2D_LINE_00
10
13.0184233333
20
46.5958186667
0
VERTEX
8
2D_LINE_00
10
13.0111233333
20
46.6061186667
0
VERTEX
8
2D_LINE_00
10
13.0038233333
20
46.6163186667
0
VERTEX
8
2D_LINE_00
10
12.9965233333
20
46.6265186667
0
VERTEX
8
2D_LINE_00
10
12.9892233333
20
46.6367186667
0
VERTEX
8
2D_LINE_00
10
12.9818233333
20
46.6468186667
0
VERTEX
8
2D_LINE_00
10
12.9744233333
20
46.6569186667
0
VERTEX
8
2D_LINE_00
10
12.9669233333
20
46.6670186667
0
VERTEX
8
2D_LINE_00
10
12.9594233333
20
46.6770186667
0
VERTEX
8
2D_LINE_00
10
12.9518233333
20
46.6871186667
0
VERTEX
8
2D_LINE_00
10
12.9443233333
20
46.6971186667
0
VERTEX
8
2D_LINE_00
10
12.9366233333
20
46.7070186667
0
VERTEX
8
2D_LINE_00
10
12.9290233333
20
46.7170186667
0
VERTEX
8
2D_LINE_00
10
12.9213233333
20
46.7269186667
0
VERTEX
8
2D_LINE_00
10
12.9135233333
20
46.7367186667
0
VERTEX
8
2D_LINE_00
10
12.9057233333
20
46.7466186667
0
VERTEX
8
2D_LINE_00
10
12.8979233333
20
46.7564186667
0
VERTEX
8
2D_LINE_00
10
12.8900233333
20
46.7662186667
0
VERTEX
8
2D_LINE_00
10
12.8821233333
20
46.7759186667
0
VERTEX
8
2D_LINE_00
10
12.8742233333
20
46.7856186667
0
VERTEX
8
2D_LINE_00
10
12.8662233333
20
46.7953186667
0
VERTEX
8
2D_LINE_00
10
12.8582233333
20
46.8050186667
0
VERTEX
8
2D_LINE_00
10
12.8501233333
20
46.8146186667
0
VERTEX
8
2D_LINE_00
10
12.8420233333
20
46.8242186667
0
VERTEX
8
2D_LINE_00
10
12.8339233333
20
46.8337186667
0
VERTEX
8
2D_LINE_00
10
12.8257233333
20
46.8432186667
0
VERTEX
8
2D_LINE_00
10
12.8175233333
20
46.8527186667
0
VERTEX
8
2D_LINE_00
10
12.8092233333
20
46.8622186667
0
VERTEX
8
2D_LINE_00
10
12.8009233333
20
46.8716186667
0
VERTEX
8
2D_LINE_00
10
12.7926233333
20
46.8810186667
0
VERTEX
8
2D_LINE_00
10
12.7842233333
20
46.8903186667
0
VERTEX
8
2D_LINE_00
10
12.7758233333
20
46.8996186667
0
VERTEX
8
2D_LINE_00
10
12.7673233333
20
46.9089186667
0
VERTEX
8
2D_LINE_00
10
12.7589233333
20
46.9182186667
0
VERTEX
8
2D_LINE_00
10
12.7503233333
20
46.9274186667
0
VERTEX
8
2D_LINE_00
10
12.7418233333
20
46.9365186667
0
VERTEX
8
2D_LINE_00
10
12.7332233333
20
46.9457186667
0
VERTEX
8
2D_LINE_00
10
12.7245233333
20
46.9548186667
0
VERTEX
8
2D_LINE_00
10
12.7158233333
20
46.9638186667
0
VERTEX
8
2D_LINE_00
10
12.7071233333
20
46.9729186667
0
VERTEX
8
2D_LINE_00
10
12.6984233333
20
46.9819186667
0
VERTEX
8
2D_LINE_00
10
12.6896233333
20
46.9908186667
0
VERTEX
8
2D_LINE_00
10
12.6807233333
20
46.9997186667
0
VERTEX
8
2D_LINE_00
10
12.6719233333
20
47.0086186667
0
VERTEX
8
2D_LINE_00
10
12.6630233333
20
47.0174186667
0
VERTEX
8
2D_LINE_00
10
12.6540233333
20
47.0262186667
0
VERTEX
8
2D_LINE_00
10
12.6450233333
20
47.0350186667
0
VERTEX
8
2D_LINE_00
10
12.6360233333
20
47.0437186667
0
VERTEX
8
2D_LINE_00
10
12.6270233333
20
47.0524186667
0
VERTEX
8
2D_LINE_00
10
12.6179233333
20
47.0611186667
0
VERTEX
8
2D_LINE_00
10
12.6087233333
20
47.0697186667
0
VERTEX
8
2D_LINE_00
10
12.5996233333
20
47.0782186667
0
VERTEX
8
2D_LINE_00
10
12.5904233333
20
47.0868186667
0
VERTEX
8
2D_LINE_00
10
12.5811233333
20
47.0952186667
0
VERTEX
8
2D_LINE_00
10
12.5718233333
20
47.1037186667
0
VERTEX
8
2D_LINE_00
10
12.5625233333
20
47.1121186667
0
VERTEX
8
2D_LINE_00
10
12.5532233333
20
47.1205186667
0
VERTEX
8
2D_LINE_00
10
12.5438233333
20
47.1288186667
0
VERTEX
8
2D_LINE_00
10
12.5344233333
20
47.1371186667
0
VERTEX
8
2D_LINE_00
10
12.5249233333
20
47.1453186667
0
VERTEX
8
2D_LINE_00
10
12.5154233333
20
47.1536186667
0
VERTEX
8
2D_LINE_00
10
12.5059233333
20
47.1617186667
0
VERTEX
8
2D_LINE_00
10
12.4963233333
20
47.1699186667
0
VERTEX
8
2D_LINE_00
10
12.4867233333
20
47.1779186667
0
VERTEX
8
2D_LINE_00
10
12.4771233333
20
47.1860186667
0
VERTEX
8
2D_LINE_00
10
12.4675233333
20
47.1940186667
0
VERTEX
8
2D_LINE_00
10
12.4578233333
20
47.2020186667
0
VERTEX
8
2D_LINE_00
10
12.4480233333
20
47.2099186667
0
VERTEX
8
2D_LINE_00
10
12.4383233333
20
47.2178186667
0
VERTEX
8
2D_LINE_00
10
12.4285233333
20
47.2256186667
0
VERTEX
8
2D_LINE_00
10
12.4187233333
20
47.2335186667
0
VERTEX
8
2D_LINE_00
10
12.4088233333
20
47.2412186667
0
VERTEX
8
2D_LINE_00
10
12.3989233333
20
47.2490186667
0
VERTEX
8
2D_LINE_00
10
12.3890233333
20
47.2566186667
0
VERTEX
8
2D_LINE_00
10
12.3790233333
20
47.2643186667
0
VERTEX
8
2D_LINE_00
10
12.3691233333
20
47.2719186667
0
VERTEX
8
2D_LINE_00
10
12.3590233333
20
47.2795186667
0
VERTEX
8
2D_LINE_00
10
12.3490233333
20
47.2870186667
0
VERTEX
8
2D_LINE_00
10
12.3389233333
20
47.2945186667
0
VERTEX
8
2D_LINE_00
10
12.3288233333
20
47.3019186667
0
VERTEX
8
2D_LINE_00
10
12.3187233333
20
47.3093186667
0
VERTEX
8
2D_LINE_00
10
12.3085233333
20
47.3167186667
0
VERTEX
8
2D_LINE_00
10
12.2983233333
20
47.3240186667
0
VERTEX
8
2D_LINE_00
10
12.2881233333
20
47.3313186667
0
VERTEX
8
2D_LINE_00
10
12.2779233333
20
47.3385186667
0
VERTEX
8
2D_LINE_00
10
12.2676233333
20
47.3457186667
0
VERTEX
8
2D_LINE_00
10
12.2573233333
20
47.3529186667
0
VERTEX
8
2D_LINE_00
10
12.2469233333
20
47.3600186667
0
VERTEX
8
2D_LINE_00
10
12.2366233333
20
47.3671186667
0
VERTEX
8
2D_LINE_00
10
12.2262233333
20
47.3741186667
0
VERTEX
8
2D_LINE_00
10
12.2157233333
20
47.3811186667
0
VERTEX
8
2D_LINE_00
10
12.2053233333
20
47.3880186667
0
VERTEX
8
2D_LINE_00
10
12.1948233333
20
47.3950186667
0
VERTEX
8
2D_LINE_00
10
12.1843233333
20
47.4018186667
0
VERTEX
8
2D_LINE_00
10
12.1738233333
20
47.4087186667
0
VERTEX
8
2D_LINE_00
10
12.1632233333
20
47.4154186667
0
VERTEX
8
2D_LINE_00
10
12.1527233333
20
47.4222186667
0
VERTEX
8
2D_LINE_00
10
12.1420233333
20
47.4289186667
0
VERTEX
8
2D_LINE_00
10
12.1314233333
20
47.4356186667
0
VERTEX
8
2D_LINE_00
10
12.1208233333
20
47.4422186667
0
VERTEX
8
2D_LINE_00
10
12.1101233333
20
47.4488186667
0
VERTEX
8
2D_LINE_00
10
12.0994233333
20
47.4553186667
0
VERTEX
8
2D_LINE_00
10
12.0886233333
20
47.4618186667
0
VERTEX
8
2D_LINE_00
10
12.0779233333
20
47.4683186667
0
VERTEX
8
2D_LINE_00
10
12.0671233333
20
47.4747186667
0
VERTEX
8
2D_LINE_00
10
12.0563233333
20
47.4811186667
0
VERTEX
8
2D_LINE_00
10
12.0454233333
20
47.4874186667
0
VERTEX
8
2D_LINE_00
10
12.0346233333
20
47.4937186667
0
VERTEX
8
2D_LINE_00
10
12.0237233333
20
47.4999186667
0
VERTEX
8
2D_LINE_00
10
12.0128233333
20
47.5062186667
0
VERTEX
8
2D_LINE_00
10
12.0019233333
20
47.5123186667
0
VERTEX
8
2D_LINE_00
10
11.9909233333
20
47.5185186667
0
VERTEX
8
2D_LINE_00
10
11.9800233333
20
47.5246186667
0
VERTEX
8
2D_LINE_00
10
11.9690233333
20
47.5306186667
0
VERTEX
8
2D_LINE_00
10
11.9580233333
20
47.5366186667
0
VERTEX
8
2D_LINE_00
10
11.9469233333
20
47.5426186667
0
VERTEX
8
2D_LINE_00
10
11.9359233333
20
47.5486186667
0
VERTEX
8
2D_LINE_00
10
11.9248233333
20
47.5544186667
0
VERTEX
8
2D_LINE_00
10
11.9137233333
20
47.5603186667
0
VERTEX
8
2D_LINE_00
10
11.9026233333
20
47.5661186667
0
VERTEX
8
2D_LINE_00
10
11.8915233333
20
47.5719186667
0
VERTEX
8
2D_LINE_00
10
11.8803233333
20
47.5776186667
0
VERTEX
8
2D_LINE_00
10
11.8691233333
20
47.5833186667
0
VERTEX
8
2D_LINE_00
10
11.8579233333
20
47.5890186667
0
VERTEX
8
2D_LINE_00
10
11.8467233333
20
47.5946186667
0
VERTEX
8
2D_LINE_00
10
11.8355233333
20
47.6002186667
0
VERTEX
8
2D_LINE_00
10
11.8242233333
20
47.6057186667
0
VERTEX
8
2D_LINE_00
10
11.8129233333
20
47.6112186667
0
VERTEX
8
2D_LINE_00
10
11.8016233333
20
47.6166186667
0
VERTEX
8
2D_LINE_00
10
11.7903233333
20
47.6221186667
0
VERTEX
8
2D_LINE_00
10
11.7790233333
20
47.6274186667
0
VERTEX
8
2D_LINE_00
10
11.7676233333
20
47.6328186667
0
VERTEX
8
2D_LINE_00
10
11.7563233333
20
47.6381186667
0
VERTEX
8
2D_LINE_00
10
11.7449233333
20
47.6433186667
0
VERTEX
8
2D_LINE_00
10
11.7335233333
20
47.6485186667
0
VERTEX
8
2D_LINE_00
10
11.7221233333
20
47.6537186667
0
VERTEX
8
2D_LINE_00
10
11.7106233333
20
47.6589186667
0
VERTEX
8
2D_LINE_00
10
11.6992233333
20
47.6640186667
0
VERTEX
8
2D_LINE_00
10
11.6877233333
20
47.6690186667
0
VERTEX
8
2D_LINE_00
10
11.6762233333
20
47.6741186667
0
VERTEX
8
2D_LINE_00
10
11.6647233333
20
47.6790186667
0
VERTEX
8
2D_LINE_00
10
11.6532233333
20
47.6840186667
0
VERTEX
8
2D_LINE_00
10
11.6416233333
20
47.6889186667
0
VERTEX
8
2D_LINE_00
10
11.6301233333
20
47.6938186667
0
VERTEX
8
2D_LINE_00
10
11.6185233333
20
47.6986186667
0
VERTEX
8
2D_LINE_00
10
11.6069233333
20
47.7034186667
0
VERTEX
8
2D_LINE_00
10
11.5953233333
20
47.7082186667
0
VERTEX
8
2D_LINE_00
10
11.5837233333
20
47.7129186667
0
VERTEX
8
2D_LINE_00
10
11.5721233333
20
47.7176186667
0
VERTEX
8
2D_LINE_00
10
11.5604233333
20
47.7222186667
0
VERTEX
8
2D_LINE_00
10
11.5488233333
20
47.7268186667
0
VERTEX
8
2D_LINE_00
10
11.5371233333
20
47.7314186667
0
VERTEX
8
2D_LINE_00
10
11.5254233333
20
47.7360186667
0
VERTEX
8
2D_LINE_00
10
11.5137233333
20
47.7405186667
0
VERTEX
8
2D_LINE_00
10
11.5020233333
20
47.7449186667
0
VERTEX
8
2D_LINE_00
10
11.4902233333
20
47.7494186667
0
VERTEX
8
2D_LINE_00
10
11.4785233333
20
47.7538186667
0
VERTEX
8
2D_LINE_00
10
11.4667233333
20
47.7581186667
0
VERTEX
8
2D_LINE_00
10
11.4550233333
20
47.7624186667
0
VERTEX
8
2D_LINE_00
10
11.4432233333
20
47.7667186667
0
VERTEX
8
2D_LINE_00
10
11.4314233333
20
47.7710186667
0
VERTEX
8
2D_LINE_00
10
11.4196233333
20
47.7752186667
0
VERTEX
8
2D_LINE_00
10
11.4077233333
20
47.7794186667
0
VERTEX
8
2D_LINE_00
10
11.3959233333
20
47.7835186667
0
VERTEX
8
2D_LINE_00
10
11.3841233333
20
47.7876186667
0
VERTEX
8
2D_LINE_00
10
11.3722233333
20
47.7917186667
0
VERTEX
8
2D_LINE_00
10
11.3603233333
20
47.7957186667
0
VERTEX
8
2D_LINE_00
10
11.3484233333
20
47.7997186667
0
VERTEX
8
2D_LINE_00
10
11.3365233333
20
47.8037186667
0
VERTEX
8
2D_LINE_00
10
11.3246233333
20
47.8076186667
0
VERTEX
8
2D_LINE_00
10
11.3127233333
20
47.8115186667
0
VERTEX
8
2D_LINE_00
10
11.3008233333
20
47.8154186667
0
VERTEX
8
2D_LINE_00
10
11.2888233333
20
47.8192186667
0
VERTEX
8
2D_LINE_00
10
11.2769233333
20
47.8230186667
0
VERTEX
8
2D_LINE_00
10
11.2649233333
20
47.8268186667
0
VERTEX
8
2D_LINE_00
10
11.2529233333
20
47.8305186667
0
VERTEX
8
2D_LINE_00
10
11.2410233333
20
47.8342186667
0
VERTEX
8
2D_LINE_00
10
11.2290233333
20
47.8378186667
0
VERTEX
8
2D_LINE_00
10
11.2170233333
20
47.8415186667
0
VERTEX
8
2D_LINE_00
10
11.2049233333
20
47.8451186667
0
VERTEX
8
2D_LINE_00
10
11.1929233333
20
47.8486186667
0
VERTEX
8
2D_LINE_00
10
11.1809233333
20
47.8522186667
0
VERTEX
8
2D_LINE_00
10
11.1688233333
20
47.8557186667
0
VERTEX
8
2D_LINE_00
10
11.1568233333
20
47.8591186667
0
VERTEX
8
2D_LINE_00
10
11.1447233333
20
47.8625186667
0
VERTEX
8
2D_LINE_00
10
11.1327233333
20
47.8659186667
0
VERTEX
8
2D_LINE_00
10
11.1206233333
20
47.8693186667
0
VERTEX
8
2D_LINE_00
10
11.1085233333
20
47.8726186667
0
VERTEX
8
2D_LINE_00
10
11.0964233333
20
47.8759186667
0
VERTEX
8
2D_LINE_00
10
11.0843233333
20
47.8792186667
0
VERTEX
8
2D_LINE_00
10
11.0722233333
20
47.8824186667
0
VERTEX
8
2D_LINE_00
10
11.0600233333
20
47.8856186667
0
VERTEX
8
2D_LINE_00
10
11.0479233333
20
47.8888186667
0
VERTEX
8
2D_LINE_00
10
11.0358233333
20
47.8920186667
0
VERTEX
8
2D_LINE_00
10
11.0236233333
20
47.8951186667
0
VERTEX
8
2D_LINE_00
10
11.0115233333
20
47.8981186667
0
VERTEX
8
2D_LINE_00
10
10.9993233333
20
47.9012186667
0
VERTEX
8
2D_LINE_00
10
10.9871233333
20
47.9042186667
0
VERTEX
8
2D_LINE_00
10
10.9749233333
20
47.9072186667
0
VERTEX
8
2D_LINE_00
10
10.9628233333
20
47.9101186667
0
VERTEX
8
2D_LINE_00
10
10.9506233333
20
47.9131186667
0
VERTEX
8
2D_LINE_00
10
10.9384233333
20
47.9159186667
0
VERTEX
8
2D_LINE_00
10
10.9262233333
20
47.9188186667
0
VERTEX
8
2D_LINE_00
10
10.9139233333
20
47.9216186667
0
VERTEX
8
2D_LINE_00
10
10.9017233333
20
47.9244186667
0
VERTEX
8
2D_LINE_00
10
10.8895233333
20
47.9272186667
0
VERTEX
8
2D_LINE_00
10
10.8772233333
20
47.9299186667
0
VERTEX
8
2D_LINE_00
10
10.8650233333
20
47.9326186667
0
VERTEX
8
2D_LINE_00
10
10.8527233333
20
47.9353186667
0
VERTEX
8
2D_LINE_00
10
10.8405233333
20
47.9379186667
0
VERTEX
8
2D_LINE_00
10
10.8282233333
20
47.9406186667
0
VERTEX
8
2D_LINE_00
10
10.8160233333
20
47.9431186667
0
VERTEX
8
2D_LINE_00
10
10.8037233333
20
47.9457186667
0
VERTEX
8
2D_LINE_00
10
10.7914233333
20
47.9482186667
0
VERTEX
8
2D_LINE_00
10
10.7791233333
20
47.9507186667
0
VERTEX
8
2D_LINE_00
10
10.7668233333
20
47.9532186667
0
VERTEX
8
2D_LINE_00
10
10.7545233333
20
47.9556186667
0
VERTEX
8
2D_LINE_00
10
10.7422233333
20
47.9580186667
0
VERTEX
8
2D_LINE_00
10
10.7299233333
20
47.9604186667
0
VERTEX
8
2D_LINE_00
10
10.7176233333
20
47.9628186667
0
VERTEX
8
2D_LINE_00
10
10.7052233333
20
47.9651186667
0
VERTEX
8
2D_LINE_00
10
10.6929233333
20
47.9674186667
0
VERTEX
8
2D_LINE_00
10
10.6806233333
20
47.9697186667
0
VERTEX
8
2D_LINE_00
10
10.6682233333
20
47.9719186667
0
VERTEX
8
2D_LINE_00
10
10.6559233333
20
47.9741186667
0
VERTEX
8
2D_LINE_00
10
10.6436233333
20
47.9763186667
0
VERTEX
8
2D_LINE_00
10
10.6312233333
20
47.9785186667
0
VERTEX
8
2D_LINE_00
10
10.6188233333
20
47.9806186667
0
VERTEX
8
2D_LINE_00
10
10.6065233333
20
47.9827186667
0
VERTEX
8
2D_LINE_00
10
10.5941233333
20
47.9848186667
0
VERTEX
8
2D_LINE_00
10
10.5817233333
20
47.9868186667
0
VERTEX
8
2D_LINE_00
10
10.5694233333
20
47.9888186667
0
VERTEX
8
2D_LINE_00
10
10.5570233333
20
47.9908186667
0
VERTEX
8
2D_LINE_00
10
10.5446233333
20
47.9928186667
0
VERTEX
8
2D_LINE_00
10
10.5322233333
20
47.9948186667
0
VERTEX
8
2D_LINE_00
10
10.5198233333
20
47.9967186667
0
VERTEX
8
2D_LINE_00
10
10.5074233333
20
47.9986186667
0
VERTEX
8
2D_LINE_00
10
10.4950233333
20
48.0005186667
0
VERTEX
8
2D_LINE_00
10
10.4826233333
20
48.0023186667
0
VERTEX
8
2D_LINE_00
10
10.4702233333
20
48.0041186667
0
VERTEX
8
2D_LINE_00
10
10.4578233333
20
48.0059186667
0
VERTEX
8
2D_LINE_00
10
10.4454233333
20
48.0077186667
0
VERTEX
8
2D_LINE_00
10
10.4330233333
20
48.0094186667
0
VERTEX
8
2D_LINE_00
10
10.4205233333
20
48.0112186667
0
VERTEX
8
2D_LINE_00
10
10.4081233333
20
48.0129186667
0
VERTEX
8
2D_LINE_00
10
10.3957233333
20
48.0145186667
0
VERTEX
8
2D_LINE_00
10
10.3832233333
20
48.0162186667
0
VERTEX
8
2D_LINE_00
10
10.3708233333
20
48.0178186667
0
VERTEX
8
2D_LINE_00
10
10.3584233333
20
48.0194186667
0
VERTEX
8
2D_LINE_00
10
10.3459233333
20
48.0210186667
0
VERTEX
8
2D_LINE_00
10
10.3335233333
20
48.0226186667
0
VERTEX
8
2D_LINE_00
10
10.3210233333
20
48.0241186667
0
VERTEX
8
2D_LINE_00
10
10.3086233333
20
48.0256186667
0
VERTEX
8
2D_LINE_00
10
10.2961233333
20
48.0271186667
0
VERTEX
8
2D_LINE_00
10
10.2837233333
20
48.0286186667
0
VERTEX
8
2D_LINE_00
10
10.2712233333
20
48.0300186667
0
VERTEX
8
2D_LINE_00
10
10.2588233333
20
48.0314186667
0
VERTEX
8
2D_LINE_00
10
10.2463233333
20
48.0328186667
0
VERTEX
8
2D_LINE_00
10
10.2338233333
20
48.0342186667
0
VERTEX
8
2D_LINE_00
10
10.2214233333
20
48.0356186667
0
VERTEX
8
2D_LINE_00
10
10.2089233333
20
48.0369186667
0
VERTEX
8
2D_LINE_00
10
10.1964233333
20
48.0382186667
0
VERTEX
8
2D_LINE_00
10
10.1840233333
20
48.0395186667
0
VERTEX
8
2D_LINE_00
10
10.1715233333
20
48.0408186667
0
VERTEX
8
2D_LINE_00
10
10.1590233333
20
48.0420186667
0
VERTEX
8
2D_LINE_00
10
10.1465233333
20
48.0432186667
0
VERTEX
8
2D_LINE_00
10
10.1340233333
20
48.0444186667
0
VERTEX
8
2D_LINE_00
10
10.1216233333
20
48.0456186667
0
VERTEX
8
2D_LINE_00
10
10.1091233333
20
48.0468186667
0
VERTEX
8
2D_LINE_00
10
10.0966233333
20
48.0479186667
0
VERTEX
8
2D_LINE_00
10
10.0841233333
20
48.0490186667
0
VERTEX
8
2D_LINE_00
10
10.0716233333
20
48.0501186667
0
VERTEX
8
2D_LINE_00
10
10.0591233333
20
48.0512186667
0
VERTEX
8
2D_LINE_00
10
10.0466233333
20
48.0523186667
0
VERTEX
8
2D_LINE_00
10
10.0341233333
20
48.0533186667
0
VERTEX
8
2D_LINE_00
10
10.0216233333
20
48.0543186667
0
VERTEX
8
2D_LINE_00
10
10.0091233333
20
48.0553186667
0
VERTEX
8
2D_LINE_00
10
9.9966233333
20
48.0562186667
0
VERTEX
8
2D_LINE_00
10
9.9841233333
20
48.0572186667
0
VERTEX
8
2D_LINE_00
10
9.9716233333
20
48.0581186667
0
VERTEX
8
2D_LINE_00
10
9.9591233333
20
48.0590186667
0
VERTEX
8
2D_LINE_00
10
9.9466233333
20
48.0599186667
0
VERTEX
8
2D_LINE_00
10
9.9341233333
20
48.0608186667
0
VERTEX
8
2D_LINE_00
10
9.9216233333
20
48.0616186667
0
VERTEX
8
2D_LINE_00
10
9.9091233333
20
48.0625186667
0
VERTEX
8
2D_LINE_00
10
9.8965233333
20
48.0633186667
0
VERTEX
8
2D_LINE_00
10
9.8840233333
20
48.0640186667
0
VERTEX
8
2D_LINE_00
10
9.8715233333
20
48.0648186667
0
VERTEX
8
2D_LINE_00
10
9.8590233333
20
48.0656186667
0
VERTEX
8
2D_LINE_00
10
9.8465233333
20
48.0663186667
0
VERTEX
8
2D_LINE_00
10
9.8340233333
20
48.0670186667
0
VERTEX
8
2D_LINE_00
10
9.8214233333
20
48.0677186667
0
VERTEX
8
2D_LINE_00
10
9.8089233333
20
48.0683186667
0
VERTEX
8
2D_LINE_00
10
9.7964233333
20
48.0690186667
0
VERTEX
8
2D_LINE_00
10
9.7839233333
20
48.0696186667
0
VERTEX
8
2D_LINE_00
10
9.7714233333
20
48.0702186667
0
VERTEX
8
2D_LINE_00
10
9.7588233333
20
48.0708186667
0
VERTEX
8
2D_LINE_00
10
9.7463233333
20
48.0714186667
0
VERTEX
8
2D_LINE_00
10
9.7338233333
20
48.0720186667
0
VERTEX
8
2D_LINE_00
10
9.7213233333
20
48.0725186667
0
VERTEX
8
2D_LINE_00
10
9.7087233333
20
48.0730186667
0
VERTEX
8
2D_LINE_00
10
9.6962233333
20
48.0736186667
0
VERTEX
8
2D_LINE_00
10
9.6837233333
20
48.0741186667
0
VERTEX
8
2D_LINE_00
10
9.6712233333
20
48.0745186667
0
VERTEX
8
2D_LINE_00
10
9.6586233333
20
48.0750186667
0
VERTEX
8
2D_LINE_00
10
9.6461233333
20
48.0755186667
0
VERTEX
8
2D_LINE_00
10
9.6336233333
20
48.0759186667
0
VERTEX
8
2D_LINE_00
10
9.6210233333
20
48.0763186667
0
VERTEX
8
2D_LINE_00
10
9.6085233333
20
48.0767186667
0
VERTEX
8
2D_LINE_00
10
9.5960233333
20
48.0771186667
0
VERTEX
8
2D_LINE_00
10
9.5834233333
20
48.0775186667
0
VERTEX
8
2D_LINE_00
10
9.5709233333
20
48.0779186667
0
VERTEX
8
2D_LINE_00
10
9.5584233333
20
48.0782186667
0
VERTEX
8
2D_LINE_00
10
9.5458233333
20
48.0786186667
0
VERTEX
8
2D_LINE_00
10
9.5333233333
20
48.0789186667
0
VERTEX
8
2D_LINE_00
10
9.5208233333
20
48.0792186667
0
VERTEX
8
2D_LINE_00
10
9.5082233333
20
48.0796186667
0
VERTEX
8
2D_LINE_00
10
9.4957233333
20
48.0799186667
0
VERTEX
8
2D_LINE_00
10
9.4832233333
20
48.0802186667
0
VERTEX
8
2D_LINE_00
10
9.4706233333
20
48.0804186667
0
VERTEX
8
2D_LINE_00
10
9.4581233333
20
48.0807186667
0
VERTEX
8
2D_LINE_00
10
9.4456233333
20
48.0810186667
0
VERTEX
8
2D_LINE_00
10
9.4330233333
20
48.0812186667
0
VERTEX
8
2D_LINE_00
10
9.4205233333
20
48.0815186667
0
VERTEX
8
2D_LINE_00
10
9.4080233333
20
48.0817186667
0
VERTEX
8
2D_LINE_00
10
9.3954233333
20
48.0819186667
0
VERTEX
8
2D_LINE_00
10
9.3829233333
20
48.0821186667
0
VERTEX
8
2D_LINE_00
10
9.3703233333
20
48.0824186667
0
VERTEX
8
2D_LINE_00
10
9.3578233333
20
48.0826186667
0
VERTEX
8
2D_LINE_00
10
9.3453233333
20
48.0827186667
0
VERTEX
8
2D_LINE_00
10
9.3327233333
20
48.0829186667
0
VERTEX
8
2D_LINE_00
10
9.3202233333
20
48.0831186667
0
VERTEX
8
2D_LINE_00
10
9.3077233333
20
48.0833186667
0
VERTEX
8
2D_LINE_00
10
9.2951233333
20
48.0835186667
0
VERTEX
8
2D_LINE_00
10
9.2826233333
20
48.0836186667
0
VERTEX
8
2D_LINE_00
10
9.2701233333
20
48.0838186667
0
VERTEX
8
2D_LINE_00
10
9.2575233333
20
48.0839186667
0
VERTEX
8
2D_LINE_00
10
9.2450233333
20
48.0840186667
0
VERTEX
8
2D_LINE_00
10
9.2324233333
20
48.0842186667
0
VERTEX
8
2D_LINE_00
10
9.2199233333
20
48.0843186667
0
VERTEX
8
2D_LINE_00
10
9.2074233333
20
48.0844186667
0
VERTEX
8
2D_LINE_00
10
9.1948233333
20
48.0845186667
0
VERTEX
8
2D_LINE_00
10
9.1823233333
20
48.0847186667
0
VERTEX
8
2D_LINE_00
10
9.1698233333
20
48.0848186667
0
VERTEX
8
2D_LINE_00
10
9.1572233333
20
48.0849186667
0
VERTEX
8
2D_LINE_00
10
9.1447233333
20
48.0850186667
0
VERTEX
8
2D_LINE_00
10
9.1322233333
20
48.0851186667
0
VERTEX
8
2D_LINE_00
10
9.1196233333
20
48.0851186667
0
VERTEX
8
2D_LINE_00
10
9.1071233333
20
48.0852186667
0
VERTEX
8
2D_LINE_00
10
9.0945233333
20
48.0853186667
0
VERTEX
8
2D_LINE_00
10
9.0820233333
20
48.0854186667
0
VERTEX
8
2D_LINE_00
10
9.0695233333
20
48.0855186667
0
VERTEX
8
2D_LINE_00
10
9.0569233333
20
48.0855186667
0
VERTEX
8
2D_LINE_00
10
9.0444233333
20
48.0856186667
0
VERTEX
8
2D_LINE_00
10
9.0319233333
20
48.0857186667
0
VERTEX
8
2D_LINE_00
10
9.0193233333
20
48.0857186667
0
VERTEX
8
2D_LINE_00
10
9.0068233333
20
48.0858186667
0
VERTEX
8
2D_LINE_00
10
8.9942233333
20
48.0858186667
0
VERTEX
8
2D_LINE_00
10
8.9817233333
20
48.0859186667
0
VERTEX
8
2D_LINE_00
10
8.9692233333
20
48.0859186667
0
VERTEX
8
2D_LINE_00
10
8.9566233333
20
48.0860186667
0
VERTEX
8
2D_LINE_00
10
8.9441233333
20
48.0860186667
0
VERTEX
8
2D_LINE_00
10
8.9316233333
20
48.0861186667
0
VERTEX
8
2D_LINE_00
10
8.9190233333
20
48.0861186667
0
VERTEX
8
2D_LINE_00
10
8.9065233333
20
48.0862186667
0
VERTEX
8
2D_LINE_00
10
8.8939233333
20
48.0862186667
0
VERTEX
8
2D_LINE_00
10
8.8814233333
20
48.0863186667
0
VERTEX
8
2D_LINE_00
10
8.8689233333
20
48.0863186667
0
VERTEX
8
2D_LINE_00
10
8.8563233333
20
48.0864186667
0
SEQEND
0
INSERT
2
SMOOTH_0$2
8
2D_LINE_00
10
13.8492233333
20
43.3532186667
0
INSERT
2
SMOOTH_0$2
8
2D_LINE_00
10
13.8489233333
20
43.3657186667
0
POLYLINE
8
2D_LINE_00
66
1
40
0.2
41
0.2
0
VERTEX
8
2D_LINE_00
10
13.8492326667
20
43.353232
0
VERTEX
8
2D_LINE_00
10
13.984332
20
37.0999993333
0
SEQEND
0
INSERT
2
SMOOTH_0$2
8
2D_LINE_00
10
13.8492326667
20
43.353232
0
INSERT
2
SMOOTH_0$2
8
2D_LINE_00
10
13.984332
20
37.0999993333
0
POLYLINE
8
2D_LINE_00
66
1
40
0.2
41
0.2
0
VERTEX
8
2D_LINE_00
10
-7.5602013333
20
37.0999993333
0
VERTEX
8
2D_LINE_00
10
-8.89746
20
35.7627413333
0
SEQEND
0
INSERT
2
SMOOTH_0$2
8
2D_LINE_00
10
-7.5602013333
20
37.0999993333
0
INSERT
2
SMOOTH_0$2
8
2D_LINE_00
10
-8.89746
20
35.7627413333
0
POLYLINE
8
2D_LINE_00
66
1
40
0.2
41
0.2
0
VERTEX
8
2D_LINE_00
10
-8.89746
20
35.7627413333
0
VERTEX
8
2D_LINE_00
10
-8.89746
20
33
0
SEQEND
0
INSERT
2
SMOOTH_0$2
8
2D_LINE_00
10
-8.89746
20
35.7627413333
0
INSERT
2
SMOOTH_0$2
8
2D_LINE_00
10
-8.89746
20
33
0
POLYLINE
8
2D_LINE_00
66
1
40
0.2
41
0.2
0
VERTEX
8
2D_LINE_00
10
-26.1546866667
20
33
0
VERTEX
8
2D_LINE_00
10
-8.89746
20
33
0
SEQEND
0
INSERT
2
SMOOTH_0$2
8
2D_LINE_00
10
-26.1546866667
20
33
0
INSERT
2
SMOOTH_0$2
8
2D_LINE_00
10
-8.89746
20
33
0
POLYLINE
8
2D_LINE_00
66
1
40
0.2
41
0.2
0
VERTEX
8
2D_LINE_00
10
13.984332
20
37.0999993333
0
VERTEX
8
2D_LINE_00
10
-7.5602013333
20
37.0999993333
0
SEQEND
0
INSERT
2
SMOOTH_0$2
8
2D_LINE_00
10
13.984332
20
37.0999993333
0
INSERT
2
SMOOTH_0$2
8
2D_LINE_00
10
-7.5602013333
20
37.0999993333
0
POLYLINE
8
2D_LINE_00
66
1
40
0.2
41
0.2
0
VERTEX
8
2D_LINE_00
10
-45.1546866667
20
11.693366
0
VERTEX
8
2D_LINE_00
10
-45.1546866667
20
31.5158706667
0
SEQEND
0
INSERT
2
SMOOTH_0$2
8
2D_LINE_00
10
-45.1546866667
20
11.693366
0
INSERT
2
SMOOTH_0$2
8
2D_LINE_00
10
-45.1546866667
20
31.5158706667
0
ENDBLK
0
BLOCK
2
DRAWING_147
8
0
10
0
20
0
3
DRAWING_147
70
64
0
POLYLINE
8
2D_LINE_00
66
1
40
0.2
41
0.2
0
VERTEX
8
2D_LINE_00
10
-48.55
20
30.28
0
VERTEX
8
2D_LINE_00
10
2.66619
20
30.28
0
SEQEND
0
INSERT
2
SMOOTH_0$2
8
2D_LINE_00
10
-48.55
20
30.28
0
INSERT
2
SMOOTH_0$2
8
2D_LINE_00
10
2.66619
20
30.28
0
POLYLINE
8
2D_LINE_00
66
1
40
0.2
41
0.2
0
VERTEX
8
2D_LINE_00
10
4.16619
20
28.78
0
VERTEX
8
2D_LINE_00
10
2.66619
20
30.28
0
SEQEND
0
INSERT
2
SMOOTH_0$2
8
2D_LINE_00
10
4.16619
20
28.78
0
INSERT
2
SMOOTH_0$2
8
2D_LINE_00
10
2.66619
20
30.28
0
POLYLINE
8
2D_LINE_00
66
1
40
0.2
41
0.2
0
VERTEX
8
2D_LINE_00
10
2.66619
20
-2.5
0
VERTEX
8
2D_LINE_00
10
4.16619
20
-1
0
SEQEND
0
INSERT
2
SMOOTH_0$2
8
2D_LINE_00
10
2.66619
20
-2.5
0
INSERT
2
SMOOTH_0$2
8
2D_LINE_00
10
4.16619
20
-1
0
POLYLINE
8
2D_LINE_00
66
1
40
0.2
41
0.2
0
VERTEX
8
2D_LINE_00
10
4.16619
20
-1
0
VERTEX
8
2D_LINE_00
10
4.16619
20
28.78
0
SEQEND
0
INSERT
2
SMOOTH_0$2
8
2D_LINE_00
10
4.16619
20
-1
0
INSERT
2
SMOOTH_0$2
8
2D_LINE_00
10
4.16619
20
28.78
0
POLYLINE
8
2D_LINE_00
66
1
40
0.2
41
0.2
0
VERTEX
8
2D_LINE_00
10
-48.55
20
30.28
0
VERTEX
8
2D_LINE_00
10
2.66619
20
30.28
0
SEQEND
0
INSERT
2
SMOOTH_0$2
8
2D_LINE_00
10
-48.55
20
30.28
0
INSERT
2
SMOOTH_0$2
8
2D_LINE_00
10
2.66619
20
30.28
0
POLYLINE
8
2D_LINE_00
66
1
40
0.2
41
0.2
0
VERTEX
8
2D_LINE_00
10
4.16619
20
28.78
0
VERTEX
8
2D_LINE_00
10
2.66619
20
30.28
0
SEQEND
0
INSERT
2
SMOOTH_0$2
8
2D_LINE_00
10
4.16619
20
28.78
0
INSERT
2
SMOOTH_0$2
8
2D_LINE_00
10
2.66619
20
30.28
0
POLYLINE
8
2D_LINE_00
66
1
40
0.2
41
0.2
0
VERTEX
8
2D_LINE_00
10
2.66619
20
-2.5
0
VERTEX
8
2D_LINE_00
10
4.16619
20
-1
0
SEQEND
0
INSERT
2
SMOOTH_0$2
8
2D_LINE_00
10
2.66619
20
-2.5
0
INSERT
2
SMOOTH_0$2
8
2D_LINE_00
10
4.16619
20
-1
0
POLYLINE
8
2D_LINE_00
66
1
40
0.2
41
0.2
0
VERTEX
8
2D_LINE_00
10
4.16619
20
-1
0
VERTEX
8
2D_LINE_00
10
4.16619
20
28.78
0
SEQEND
0
INSERT
2
SMOOTH_0$2
8
2D_LINE_00
10
4.16619
20
-1
0
INSERT
2
SMOOTH_0$2
8
2D_LINE_00
10
4.16619
20
28.78
0
POLYLINE
8
2D_LINE_00
66
1
40
0.2
41
0.2
0
VERTEX
8
2D_LINE_00
10
2.66619
20
-2.5
0
VERTEX
8
2D_LINE_00
10
-46.35
20
-2.5
0
SEQEND
0
INSERT
2
SMOOTH_0$2
8
2D_LINE_00
10
2.66619
20
-2.5
0
INSERT
2
SMOOTH_0$2
8
2D_LINE_00
10
-46.35
20
-2.5
0
POLYLINE
8
2D_LINE_00
66
1
40
0.2
41
0.2
0
VERTEX
8
2D_LINE_00
10
-53.55
20
-2.5
0
VERTEX
8
2D_LINE_00
10
-53.55
20
3.5
0
SEQEND
0
INSERT
2
SMOOTH_0$2
8
2D_LINE_00
10
-53.55
20
-2.5
0
INSERT
2
SMOOTH_0$2
8
2D_LINE_00
10
-53.55
20
3.5
0
POLYLINE
8
2D_LINE_00
66
1
40
0.2
41
0.2
0
VERTEX
8
2D_LINE_00
10
-46.35
20
-2.5
0
VERTEX
8
2D_LINE_00
10
-53.55
20
-2.5
0
SEQEND
0
INSERT
2
SMOOTH_0$2
8
2D_LINE_00
10
-46.35
20
-2.5
0
INSERT
2
SMOOTH_0$2
8
2D_LINE_00
10
-53.55
20
-2.5
0
POLYLINE
8
2D_LINE_00
66
1
40
0.2
41
0.2
0
VERTEX
8
2D_LINE_00
10
-53.55
20
24.28
0
VERTEX
8
2D_LINE_00
10
-53.55
20
3.5
0
SEQEND
0
INSERT
2
SMOOTH_0$2
8
2D_LINE_00
10
-53.55
20
24.28
0
INSERT
2
SMOOTH_0$2
8
2D_LINE_00
10
-53.55
20
3.5
0
POLYLINE
8
2D_LINE_00
66
1
40
0.2
41
0.2
0
VERTEX
8
2D_LINE_00
10
-48.55
20
30.28
0
VERTEX
8
2D_LINE_00
10
-53.55
20
30.28
0
VERTEX
8
2D_LINE_00
10
-53.55
20
24
0
SEQEND
0
INSERT
2
SMOOTH_0$2
8
2D_LINE_00
10
-48.55
20
30.28
0
INSERT
2
SMOOTH_0$2
8
2D_LINE_00
10
-53.55
20
30.28
0
INSERT
2
SMOOTH_0$2
8
2D_LINE_00
10
-53.55
20
24
0
ENDBLK
0
BLOCK
2
DRAWING_161
8
0
10
0
20
0
3
DRAWING_161
70
64
0
ENDBLK
0
BLOCK
2
DRAWING_162
8
0
10
0
20
0
3
DRAWING_162
70
64
0
ENDBLK
0
BLOCK
2
DRAWING_166
8
0
10
0
20
0
3
DRAWING_166
70
64
0
POLYLINE
8
2D_LINE_00
66
1
40
0.2
41
0.2
70
1
0
VERTEX
8
2D_LINE_00
10
0.00002
20
-0.70168
42
-0.4142135624
0
VERTEX
8
2D_LINE_00
10
0.50002
20
-0.20168
0
VERTEX
8
2D_LINE_00
10
13.50002
20
-0.20168
42
-0.4142135624
0
VERTEX
8
2D_LINE_00
10
14.00002
20
-0.70168
0
VERTEX
8
2D_LINE_00
10
14.00002
20
-4.70168
42
-0.4142135624
0
VERTEX
8
2D_LINE_00
10
13.50002
20
-5.20168
0
VERTEX
8
2D_LINE_00
10
0.50002
20
-5.20168
42
-0.4142135624
0
VERTEX
8
2D_LINE_00
10
0.00002
20
-4.70168
0
SEQEND
0
INSERT
2
SMOOTH_0$2
8
2D_LINE_00
10
0.00002
20
-0.70168
0
INSERT
2
SMOOTH_0$2
8
2D_LINE_00
10
0.50002
20
-0.20168
0
ENDBLK
0
BLOCK
2
DRAWING_170
8
0
10
0
20
0
3
DRAWING_170
70
64
0
ENDBLK
0
BLOCK
2
DRAWING_171
8
0
10
0
20
0
3
DRAWING_171
70
64
0
ENDBLK
999
*** POWERPCB  COMPONENT ***
0
BLOCK
2
PART_TOP_0
8
0
10
0
20
0
3
PART_TOP_0
70
64
0
INSERT
2
SYM_TOP_3
8
0
10
0
20
0
0
INSERT
2
PKG_0
8
0
10
0
20
0
0
TEXT
8
LABEL_INFO
10
3.6
20
3.7
40
0.875
1
1 486000000 0 1 0 1
73
1
11
3.6
21
3.7
50
270
41
0.75
7
W0$125
0
TEXT
8
LABEL_ATTRIBUTE
10
3.6
20
3.7
40
0.875
1
Ref.Des.
73
1
11
3.6
21
3.7
50
270
41
0.75
7
W0$125
0
TEXT
8
PART_NAME_01
10
3.6
20
3.7
40
0.875
1
J11
73
2
11
3.6
21
3.7
50
-90
41
0.75
7
W0$125
0
TEXT
8
LABEL_INFO
10
0
20
0
40
0.875
1
1 0 1 1 0 1
72
1
73
1
11
0
21
0
41
0.75
7
W0$125
0
TEXT
8
LABEL_ATTRIBUTE
10
0
20
0
40
0.875
1
PartType
72
1
73
1
11
0
21
0
41
0.75
7
W0$125
0
TEXT
8
PART_TYPE_01
10
0
20
0
40
0.875
1
53261-02
72
1
73
2
11
0
21
0
41
0.75
7
W0$125
0
TEXT
8
PART_INFO
10
0
20
-1.25
40
0.875
1
000000
72
1
73
2
11
0
21
-1.25
41
0.75
7
W0$125
0
TEXT
8
PART_PTS
10
0
20
-2.5
40
0.875
1
1 2 
72
1
73
2
11
0
21
-2.5
41
0.75
7
W0$125
0
ENDBLK
0
BLOCK
2
PART_TOP_1
8
0
10
0
20
0
3
PART_TOP_1
70
64
0
INSERT
2
SYM_TOP_5
8
0
10
0
20
0
0
INSERT
2
PKG_1
8
0
10
0
20
0
0
TEXT
8
LABEL_INFO
10
3
20
-0.05
40
1.05
1
1 0 0 1 0 1
73
1
11
3
21
-0.05
41
0.75
7
W0$15
0
TEXT
8
LABEL_ATTRIBUTE
10
3
20
-0.05
40
1.05
1
PartType
73
1
11
3
21
-0.05
41
0.75
7
W0$15
0
TEXT
8
PART_TYPE_01
10
3
20
-0.05
40
1.05
1
53398-0371
72
2
73
2
11
3
21
-0.05
50
-180
41
0.75
7
W0$15
0
TEXT
8
LABEL_INFO
10
-4.4
20
2.7999993333
40
0.875
1
1 324000000 0 1 0 1
73
1
11
-4.4
21
2.7999993333
50
180
41
0.75
7
W0$125
0
TEXT
8
LABEL_ATTRIBUTE
10
-4.4
20
2.7999993333
40
0.875
1
Ref.Des.
73
1
11
-4.4
21
2.7999993333
50
180
41
0.75
7
W0$125
0
TEXT
8
PART_NAME_01
10
-4.4
20
2.7999993333
40
0.875
1
J4
73
2
11
-4.4
21
2.7999993333
50
-180
41
0.75
7
W0$125
0
TEXT
8
LABEL_INFO
10
4.45
20
0.1
40
1.4
1
1 0 1 1 0 1
72
1
73
1
11
4.45
21
0.1
41
0.75
7
W0$2
0
TEXT
8
LABEL_ATTRIBUTE
10
4.45
20
0.1
40
1.4
1
Ref.Des.
72
1
73
1
11
4.45
21
0.1
41
0.75
7
W0$2
0
TEXT
8
PART_NAME_27
10
4.45
20
0.1
40
1.4
1
J4
72
1
73
2
11
4.45
21
0.1
50
-180
41
0.75
7
W0$2
0
TEXT
8
PART_INFO
10
4.45
20
-1.9
40
1.4
1
000000
72
1
73
2
11
4.45
21
-1.9
50
-180
41
0.75
7
W0$2
0
TEXT
8
PART_PTS
10
4.45
20
-3.9
40
1.4
1
1 2 3 
72
1
73
2
11
4.45
21
-3.9
50
-180
41
0.75
7
W0$2
0
ENDBLK
0
BLOCK
2
PART_TOP_2
8
0
10
0
20
0
3
PART_TOP_2
70
64
0
INSERT
2
SYM_TOP_6
8
0
10
0
20
0
0
INSERT
2
PKG_2
8
0
10
0
20
0
0
TEXT
8
LABEL_INFO
10
3.825
20
0.1
40
1.4
1
1 0 1 1 0 1
72
1
73
1
11
3.825
21
0.1
41
0.75
7
W0$2
0
TEXT
8
LABEL_ATTRIBUTE
10
3.825
20
0.1
40
1.4
1
Ref.Des.
72
1
73
1
11
3.825
21
0.1
41
0.75
7
W0$2
0
TEXT
8
PART_NAME_27
10
3.825
20
0.1
40
1.4
1
J5
72
1
73
2
11
3.825
21
0.1
41
0.75
7
W0$2
0
TEXT
8
LABEL_INFO
10
4.2
20
2.7
40
0.875
1
1 0 0 1 0 1
73
1
11
4.2
21
2.7
41
0.75
7
W0$125
0
TEXT
8
LABEL_ATTRIBUTE
10
4.2
20
2.7
40
0.875
1
Ref.Des.
73
1
11
4.2
21
2.7
41
0.75
7
W0$125
0
TEXT
8
PART_NAME_01
10
4.2
20
2.7
40
0.875
1
J5
73
2
11
4.2
21
2.7
41
0.75
7
W0$125
0
TEXT
8
LABEL_INFO
10
2.375
20
-0.05
40
1.05
1
1 0 0 1 0 1
73
1
11
2.375
21
-0.05
41
0.75
7
W0$15
0
TEXT
8
LABEL_ATTRIBUTE
10
2.375
20
-0.05
40
1.05
1
PartType
73
1
11
2.375
21
-0.05
41
0.75
7
W0$15
0
TEXT
8
PART_TYPE_01
10
2.375
20
-0.05
40
1.05
1
53398-0471
73
2
11
2.375
21
-0.05
41
0.75
7
W0$15
0
TEXT
8
PART_INFO
10
2.375
20
-1.55
40
1.05
1
000000
73
2
11
2.375
21
-1.55
41
0.75
7
W0$15
0
TEXT
8
PART_PTS
10
2.375
20
-3.05
40
1.05
1
1 2 3 4 
73
2
11
2.375
21
-3.05
41
0.75
7
W0$15
0
ENDBLK
0
BLOCK
2
PART_TOP_3
8
0
10
0
20
0
3
PART_TOP_3
70
64
0
INSERT
2
SYM_TOP_7
8
0
10
0
20
0
0
INSERT
2
PKG_3
8
0
10
0
20
0
0
TEXT
8
LABEL_INFO
10
1.75
20
-0.05
40
1.05
1
1 0 0 1 0 1
73
1
11
1.75
21
-0.05
41
0.75
7
W0$15
0
TEXT
8
LABEL_ATTRIBUTE
10
1.75
20
-0.05
40
1.05
1
PartType
73
1
11
1.75
21
-0.05
41
0.75
7
W0$15
0
TEXT
8
PART_TYPE_01
10
1.75
20
-0.05
40
1.05
1
53398-0571
73
2
11
1.75
21
-0.05
41
0.75
7
W0$15
0
TEXT
8
LABEL_INFO
10
5.3
20
2.8
40
0.875
1
1 0 0 1 0 1
73
1
11
5.3
21
2.8
41
0.75
7
W0$125
0
TEXT
8
LABEL_ATTRIBUTE
10
5.3
20
2.8
40
0.875
1
Ref.Des.
73
1
11
5.3
21
2.8
41
0.75
7
W0$125
0
TEXT
8
PART_NAME_01
10
5.3
20
2.8
40
0.875
1
J3
73
2
11
5.3
21
2.8
41
0.75
7
W0$125
0
TEXT
8
LABEL_INFO
10
0
20
0
40
0.875
1
1 0 1 1 0 1
72
1
73
1
11
0
21
0
41
0.75
7
W0$125
0
TEXT
8
LABEL_ATTRIBUTE
10
0
20
0
40
0.875
1
Ref.Des.
72
1
73
1
11
0
21
0
41
0.75
7
W0$125
0
TEXT
8
PART_NAME_27
10
0
20
0
40
0.875
1
J3
72
1
73
2
11
0
21
0
41
0.75
7
W0$125
0
TEXT
8
PART_INFO
10
0
20
-1.25
40
0.875
1
000000
72
1
73
2
11
0
21
-1.25
41
0.75
7
W0$125
0
TEXT
8
PART_PTS
10
0
20
-2.5
40
0.875
1
1 2 3 4 5 
72
1
73
2
11
0
21
-2.5
41
0.75
7
W0$125
0
ENDBLK
0
BLOCK
2
PART_BOT_4
8
0
10
0
20
0
3
PART_BOT_4
70
64
0
INSERT
2
SYM_BOT_8
8
0
10
0
20
0
0
INSERT
2
PKG_4
8
0
10
0
20
0
41
-1
0
TEXT
8
LABEL_INFO
10
-0.9999993333
20
-2.5
40
0.875
1
1 162000000 0 1 0 1
73
1
11
-0.9999993333
21
-2.5
50
90
41
0.75
7
W0$125
0
TEXT
8
LABEL_ATTRIBUTE
10
-0.9999993333
20
-2.5
40
0.875
1
Ref.Des.
73
1
11
-0.9999993333
21
-2.5
50
90
41
0.75
7
W0$125
0
TEXT
8
PART_NAME_04
10
-0.9999993333
20
-2.5
40
0.875
1
U1
73
2
11
-0.9999993333
21
-2.5
50
-270
41
0.75
7
W0$125
0
TEXT
8
LABEL_INFO
10
4
20
-13.25
40
0.889
1
0 0 0 2 0 1
73
2
11
4
21
-13.25
41
0.75
7
W0$127
0
TEXT
8
LABEL_ATTRIBUTE
10
4
20
-13.25
40
0.889
1
PartType
73
2
11
4
21
-13.25
41
0.75
7
W0$127
0
TEXT
8
PART_TYPE_04
10
4
20
-13.25
40
0.889
1
BOT-NLE512
73
3
11
4
21
-13.25
41
0.75
7
W0$127
0
TEXT
8
PART_INFO
10
4
20
-14.52
40
0.889
1
000010
71
2
73
3
11
4
21
-14.52
41
0.75
7
W0$127
0
TEXT
8
PART_PTS
10
4
20
-15.79
40
0.889
1
1 2 3 4 10 11 16 17 19 20 23 24 25 29 30 31 32 33 
71
2
73
3
11
4
21
-15.79
41
0.75
7
W0$127
0
ENDBLK
0
BLOCK
2
PART_BOT_5
8
0
10
0
20
0
3
PART_BOT_5
70
64
0
INSERT
2
SYM_BOT_9
8
0
10
0
20
0
0
INSERT
2
PKG_5
8
0
10
0
20
0
41
-1
0
TEXT
8
LABEL_INFO
10
0
20
0
40
0.875
1
1 0 1 1 0 1
72
1
73
1
11
0
21
0
41
0.75
7
W0$125
0
TEXT
8
LABEL_ATTRIBUTE
10
0
20
0
40
0.875
1
PartType
72
1
73
1
11
0
21
0
41
0.75
7
W0$125
0
TEXT
8
PART_TYPE_04
10
0
20
0
40
0.875
1
C1608
72
1
73
2
11
0
21
0
50
-180
41
0.75
7
W0$125
0
TEXT
8
LABEL_INFO
10
-1.8
20
-0.1
40
0.875
1
1 324000000 0 1 0 1
73
1
11
-1.8
21
-0.1
50
180
41
0.75
7
W0$125
0
TEXT
8
LABEL_ATTRIBUTE
10
-1.8
20
-0.1
40
0.875
1
Ref.Des.
73
1
11
-1.8
21
-0.1
50
180
41
0.75
7
W0$125
0
TEXT
8
PART_NAME_04
10
-1.8
20
-0.1
40
0.875
1
C1
73
2
11
-1.8
21
-0.1
50
-180
41
0.75
7
W0$125
0
TEXT
8
PART_INFO
10
-1.8
20
-1.35
40
0.875
1
000000
71
2
73
2
11
-1.8
21
-1.35
50
-180
41
0.75
7
W0$125
0
TEXT
8
PART_PTS
10
-1.8
20
-2.6
40
0.875
1
1 2 
71
2
73
2
11
-1.8
21
-2.6
50
-180
41
0.75
7
W0$125
0
ENDBLK
0
BLOCK
2
PART_BOT_6
8
0
10
0
20
0
3
PART_BOT_6
70
64
0
INSERT
2
SYM_BOT_9
8
0
10
0
20
0
0
INSERT
2
PKG_5
8
0
10
0
20
0
41
-1
0
TEXT
8
LABEL_INFO
10
0
20
0
40
0.875
1
1 0 1 1 0 1
72
1
73
1
11
0
21
0
41
0.75
7
W0$125
0
TEXT
8
LABEL_ATTRIBUTE
10
0
20
0
40
0.875
1
PartType
72
1
73
1
11
0
21
0
41
0.75
7
W0$125
0
TEXT
8
PART_TYPE_04
10
0
20
0
40
0.875
1
C1608
72
1
73
2
11
0
21
0
50
-180
41
0.75
7
W0$125
0
TEXT
8
LABEL_INFO
10
-2.2
20
0
40
0.875
1
1 324000000 0 1 0 1
73
1
11
-2.2
21
0
50
180
41
0.75
7
W0$125
0
TEXT
8
LABEL_ATTRIBUTE
10
-2.2
20
0
40
0.875
1
Ref.Des.
73
1
11
-2.2
21
0
50
180
41
0.75
7
W0$125
0
TEXT
8
PART_NAME_04
10
-2.2
20
0
40
0.875
1
C10
73
2
11
-2.2
21
0
50
-180
41
0.75
7
W0$125
0
TEXT
8
PART_INFO
10
-2.2
20
-1.25
40
0.875
1
000000
71
2
73
2
11
-2.2
21
-1.25
50
-180
41
0.75
7
W0$125
0
TEXT
8
PART_PTS
10
-2.2
20
-2.5
40
0.875
1
1 2 
71
2
73
2
11
-2.2
21
-2.5
50
-180
41
0.75
7
W0$125
0
ENDBLK
0
BLOCK
2
PART_BOT_7
8
0
10
0
20
0
3
PART_BOT_7
70
64
0
INSERT
2
SYM_BOT_9
8
0
10
0
20
0
0
INSERT
2
PKG_5
8
0
10
0
20
0
41
-1
0
TEXT
8
LABEL_INFO
10
0
20
0
40
0.875
1
1 0 1 1 0 1
72
1
73
1
11
0
21
0
41
0.75
7
W0$125
0
TEXT
8
LABEL_ATTRIBUTE
10
0
20
0
40
0.875
1
PartType
72
1
73
1
11
0
21
0
41
0.75
7
W0$125
0
TEXT
8
PART_TYPE_04
10
0
20
0
40
0.875
1
C1608
72
1
73
2
11
0
21
0
50
-180
41
0.75
7
W0$125
0
TEXT
8
LABEL_INFO
10
0.6999993333
20
1.3
40
0.875
1
1 324000000 0 1 0 1
73
1
11
0.6999993333
21
1.3
50
180
41
0.75
7
W0$125
0
TEXT
8
LABEL_ATTRIBUTE
10
0.6999993333
20
1.3
40
0.875
1
Ref.Des.
73
1
11
0.6999993333
21
1.3
50
180
41
0.75
7
W0$125
0
TEXT
8
PART_NAME_04
10
0.6999993333
20
1.3
40
0.875
1
C11
73
2
11
0.6999993333
21
1.3
50
-180
41
0.75
7
W0$125
0
TEXT
8
PART_INFO
10
0.6999993333
20
0.05
40
0.875
1
000000
71
2
73
2
11
0.6999993333
21
0.05
50
-180
41
0.75
7
W0$125
0
TEXT
8
PART_PTS
10
0.6999993333
20
-1.2
40
0.875
1
1 2 
71
2
73
2
11
0.6999993333
21
-1.2
50
-180
41
0.75
7
W0$125
0
ENDBLK
0
BLOCK
2
PART_TOP_8
8
0
10
0
20
0
3
PART_TOP_8
70
64
0
INSERT
2
SYM_TOP_9
8
0
10
0
20
0
0
INSERT
2
PKG_5
8
0
10
0
20
0
0
TEXT
8
LABEL_INFO
10
0
20
0
40
0.875
1
1 0 1 1 0 1
72
1
73
1
11
0
21
0
41
0.75
7
W0$125
0
TEXT
8
LABEL_ATTRIBUTE
10
0
20
0
40
0.875
1
PartType
72
1
73
1
11
0
21
0
41
0.75
7
W0$125
0
TEXT
8
PART_TYPE_01
10
0
20
0
40
0.875
1
C1608
72
1
73
2
11
0
21
0
50
-180
41
0.75
7
W0$125
0
TEXT
8
LABEL_INFO
10
3.5
20
0
40
0.875
1
1 324000000 0 1 0 1
73
1
11
3.5
21
0
50
180
41
0.75
7
W0$125
0
TEXT
8
LABEL_ATTRIBUTE
10
3.5
20
0
40
0.875
1
Ref.Des.
73
1
11
3.5
21
0
50
180
41
0.75
7
W0$125
0
TEXT
8
PART_NAME_01
10
3.5
20
0
40
0.875
1
C12
73
2
11
3.5
21
0
50
-180
41
0.75
7
W0$125
0
TEXT
8
PART_INFO
10
3.5
20
-1.25
40
0.875
1
000000
73
2
11
3.5
21
-1.25
50
-180
41
0.75
7
W0$125
0
TEXT
8
PART_PTS
10
3.5
20
-2.5
40
0.875
1
1 2 
73
2
11
3.5
21
-2.5
50
-180
41
0.75
7
W0$125
0
ENDBLK
0
BLOCK
2
PART_TOP_9
8
0
10
0
20
0
3
PART_TOP_9
70
64
0
INSERT
2
SYM_TOP_9
8
0
10
0
20
0
0
INSERT
2
PKG_5
8
0
10
0
20
0
0
TEXT
8
LABEL_INFO
10
0
20
0
40
0.875
1
1 0 1 1 0 1
72
1
73
1
11
0
21
0
41
0.75
7
W0$125
0
TEXT
8
LABEL_ATTRIBUTE
10
0
20
0
40
0.875
1
PartType
72
1
73
1
11
0
21
0
41
0.75
7
W0$125
0
TEXT
8
PART_TYPE_01
10
0
20
0
40
0.875
1
C1608
72
1
73
2
11
0
21
0
50
-180
41
0.75
7
W0$125
0
TEXT
8
LABEL_INFO
10
0.7
20
-1.4
40
0.875
1
1 324000000 0 1 0 1
73
1
11
0.7
21
-1.4
50
180
41
0.75
7
W0$125
0
TEXT
8
LABEL_ATTRIBUTE
10
0.7
20
-1.4
40
0.875
1
Ref.Des.
73
1
11
0.7
21
-1.4
50
180
41
0.75
7
W0$125
0
TEXT
8
PART_NAME_01
10
0.7
20
-1.4
40
0.875
1
C13
73
2
11
0.7
21
-1.4
50
-180
41
0.75
7
W0$125
0
TEXT
8
PART_INFO
10
0.7
20
-2.65
40
0.875
1
000000
73
2
11
0.7
21
-2.65
50
-180
41
0.75
7
W0$125
0
TEXT
8
PART_PTS
10
0.7
20
-3.9
40
0.875
1
1 2 
73
2
11
0.7
21
-3.9
50
-180
41
0.75
7
W0$125
0
ENDBLK
0
BLOCK
2
PART_BOT_10
8
0
10
0
20
0
3
PART_BOT_10
70
64
0
INSERT
2
SYM_BOT_9
8
0
10
0
20
0
0
INSERT
2
PKG_5
8
0
10
0
20
0
41
-1
0
TEXT
8
LABEL_INFO
10
0
20
0
40
0.875
1
1 0 1 1 0 1
72
1
73
1
11
0
21
0
41
0.75
7
W0$125
0
TEXT
8
LABEL_ATTRIBUTE
10
0
20
0
40
0.875
1
PartType
72
1
73
1
11
0
21
0
41
0.75
7
W0$125
0
TEXT
8
PART_TYPE_04
10
0
20
0
40
0.875
1
C1608
72
1
73
2
11
0
21
0
50
-180
41
0.75
7
W0$125
0
TEXT
8
LABEL_INFO
10
-1.8
20
0
40
0.875
1
1 324000000 0 1 0 1
73
1
11
-1.8
21
0
50
180
41
0.75
7
W0$125
0
TEXT
8
LABEL_ATTRIBUTE
10
-1.8
20
0
40
0.875
1
Ref.Des.
73
1
11
-1.8
21
0
50
180
41
0.75
7
W0$125
0
TEXT
8
PART_NAME_04
10
-1.8
20
0
40
0.875
1
C14
73
2
11
-1.8
21
0
50
-180
41
0.75
7
W0$125
0
TEXT
8
PART_INFO
10
-1.8
20
-1.25
40
0.875
1
000000
71
2
73
2
11
-1.8
21
-1.25
50
-180
41
0.75
7
W0$125
0
TEXT
8
PART_PTS
10
-1.8
20
-2.5
40
0.875
1
1 2 
71
2
73
2
11
-1.8
21
-2.5
50
-180
41
0.75
7
W0$125
0
ENDBLK
0
BLOCK
2
PART_BOT_11
8
0
10
0
20
0
3
PART_BOT_11
70
64
0
INSERT
2
SYM_BOT_9
8
0
10
0
20
0
0
INSERT
2
PKG_5
8
0
10
0
20
0
41
-1
0
TEXT
8
LABEL_INFO
10
0
20
0
40
0.875
1
1 0 1 1 0 1
72
1
73
1
11
0
21
0
41
0.75
7
W0$125
0
TEXT
8
LABEL_ATTRIBUTE
10
0
20
0
40
0.875
1
PartType
72
1
73
1
11
0
21
0
41
0.75
7
W0$125
0
TEXT
8
PART_TYPE_04
10
0
20
0
40
0.875
1
C1608
72
1
73
2
11
0
21
0
50
-180
41
0.75
7
W0$125
0
TEXT
8
LABEL_INFO
10
0.6999993333
20
1.3
40
0.875
1
1 324000000 0 1 0 1
73
1
11
0.6999993333
21
1.3
50
180
41
0.75
7
W0$125
0
TEXT
8
LABEL_ATTRIBUTE
10
0.6999993333
20
1.3
40
0.875
1
Ref.Des.
73
1
11
0.6999993333
21
1.3
50
180
41
0.75
7
W0$125
0
TEXT
8
PART_NAME_04
10
0.6999993333
20
1.3
40
0.875
1
C15
73
2
11
0.6999993333
21
1.3
50
-180
41
0.75
7
W0$125
0
TEXT
8
PART_INFO
10
0.6999993333
20
0.05
40
0.875
1
000000
71
2
73
2
11
0.6999993333
21
0.05
50
-180
41
0.75
7
W0$125
0
TEXT
8
PART_PTS
10
0.6999993333
20
-1.2
40
0.875
1
1 2 
71
2
73
2
11
0.6999993333
21
-1.2
50
-180
41
0.75
7
W0$125
0
ENDBLK
0
BLOCK
2
PART_TOP_12
8
0
10
0
20
0
3
PART_TOP_12
70
64
0
INSERT
2
SYM_TOP_9
8
0
10
0
20
0
0
INSERT
2
PKG_5
8
0
10
0
20
0
0
TEXT
8
LABEL_INFO
10
0
20
0
40
0.875
1
1 0 1 1 0 1
72
1
73
1
11
0
21
0
41
0.75
7
W0$125
0
TEXT
8
LABEL_ATTRIBUTE
10
0
20
0
40
0.875
1
PartType
72
1
73
1
11
0
21
0
41
0.75
7
W0$125
0
TEXT
8
PART_TYPE_01
10
0
20
0
40
0.875
1
C1608
72
1
73
2
11
0
21
0
50
-180
41
0.75
7
W0$125
0
TEXT
8
LABEL_INFO
10
0.7999993333
20
1.2
40
0.875
1
1 324000000 0 1 0 1
73
1
11
0.7999993333
21
1.2
50
180
41
0.75
7
W0$125
0
TEXT
8
LABEL_ATTRIBUTE
10
0.7999993333
20
1.2
40
0.875
1
Ref.Des.
73
1
11
0.7999993333
21
1.2
50
180
41
0.75
7
W0$125
0
TEXT
8
PART_NAME_01
10
0.7999993333
20
1.2
40
0.875
1
C16
73
2
11
0.7999993333
21
1.2
50
-180
41
0.75
7
W0$125
0
TEXT
8
PART_INFO
10
0.7999993333
20
-0.05
40
0.875
1
000000
73
2
11
0.7999993333
21
-0.05
50
-180
41
0.75
7
W0$125
0
TEXT
8
PART_PTS
10
0.7999993333
20
-1.3
40
0.875
1
1 2 
73
2
11
0.7999993333
21
-1.3
50
-180
41
0.75
7
W0$125
0
ENDBLK
0
BLOCK
2
PART_TOP_13
8
0
10
0
20
0
3
PART_TOP_13
70
64
0
INSERT
2
SYM_TOP_9
8
0
10
0
20
0
0
INSERT
2
PKG_5
8
0
10
0
20
0
0
TEXT
8
LABEL_INFO
10
0
20
0
40
0.875
1
1 0 1 1 0 1
72
1
73
1
11
0
21
0
41
0.75
7
W0$125
0
TEXT
8
LABEL_ATTRIBUTE
10
0
20
0
40
0.875
1
PartType
72
1
73
1
11
0
21
0
41
0.75
7
W0$125
0
TEXT
8
PART_TYPE_01
10
0
20
0
40
0.875
1
C1608
72
1
73
2
11
0
21
0
41
0.75
7
W0$125
0
TEXT
8
LABEL_INFO
10
1.8
20
0.2
40
0.875
1
1 0 0 1 0 1
73
1
11
1.8
21
0.2
41
0.75
7
W0$125
0
TEXT
8
LABEL_ATTRIBUTE
10
1.8
20
0.2
40
0.875
1
Ref.Des.
73
1
11
1.8
21
0.2
41
0.75
7
W0$125
0
TEXT
8
PART_NAME_01
10
1.8
20
0.2
40
0.875
1
C17
73
2
11
1.8
21
0.2
41
0.75
7
W0$125
0
TEXT
8
PART_INFO
10
1.8
20
-1.05
40
0.875
1
000000
73
2
11
1.8
21
-1.05
41
0.75
7
W0$125
0
TEXT
8
PART_PTS
10
1.8
20
-2.3
40
0.875
1
1 2 
73
2
11
1.8
21
-2.3
41
0.75
7
W0$125
0
ENDBLK
0
BLOCK
2
PART_TOP_14
8
0
10
0
20
0
3
PART_TOP_14
70
64
0
INSERT
2
SYM_TOP_9
8
0
10
0
20
0
0
INSERT
2
PKG_5
8
0
10
0
20
0
0
TEXT
8
LABEL_INFO
10
0
20
0
40
0.875
1
1 0 1 1 0 1
72
1
73
1
11
0
21
0
41
0.75
7
W0$125
0
TEXT
8
LABEL_ATTRIBUTE
10
0
20
0
40
0.875
1
PartType
72
1
73
1
11
0
21
0
41
0.75
7
W0$125
0
TEXT
8
PART_TYPE_01
10
0
20
0
40
0.875
1
C1608
72
1
73
2
11
0
21
0
50
-180
41
0.75
7
W0$125
0
TEXT
8
LABEL_INFO
10
-1.7
20
-0.1
40
0.875
1
1 324000000 0 1 0 1
73
1
11
-1.7
21
-0.1
50
180
41
0.75
7
W0$125
0
TEXT
8
LABEL_ATTRIBUTE
10
-1.7
20
-0.1
40
0.875
1
Ref.Des.
73
1
11
-1.7
21
-0.1
50
180
41
0.75
7
W0$125
0
TEXT
8
PART_NAME_01
10
-1.7
20
-0.1
40
0.875
1
C18
73
2
11
-1.7
21
-0.1
50
-180
41
0.75
7
W0$125
0
TEXT
8
PART_INFO
10
-1.7
20
-1.35
40
0.875
1
000000
73
2
11
-1.7
21
-1.35
50
-180
41
0.75
7
W0$125
0
TEXT
8
PART_PTS
10
-1.7
20
-2.6
40
0.875
1
1 2 
73
2
11
-1.7
21
-2.6
50
-180
41
0.75
7
W0$125
0
ENDBLK
0
BLOCK
2
PART_BOT_15
8
0
10
0
20
0
3
PART_BOT_15
70
64
0
INSERT
2
SYM_BOT_9
8
0
10
0
20
0
0
INSERT
2
PKG_5
8
0
10
0
20
0
41
-1
0
TEXT
8
LABEL_INFO
10
0
20
0
40
0.875
1
1 0 1 1 0 1
72
1
73
1
11
0
21
0
41
0.75
7
W0$125
0
TEXT
8
LABEL_ATTRIBUTE
10
0
20
0
40
0.875
1
PartType
72
1
73
1
11
0
21
0
41
0.75
7
W0$125
0
TEXT
8
PART_TYPE_04
10
0
20
0
40
0.875
1
C1608
72
1
73
2
11
0
21
0
41
0.75
7
W0$125
0
TEXT
8
LABEL_INFO
10
2.2
20
0
40
0.875
1
1 0 0 1 0 1
73
1
11
2.2
21
0
41
0.75
7
W0$125
0
TEXT
8
LABEL_ATTRIBUTE
10
2.2
20
0
40
0.875
1
Ref.Des.
73
1
11
2.2
21
0
41
0.75
7
W0$125
0
TEXT
8
PART_NAME_04
10
2.2
20
0
40
0.875
1
C19
73
2
11
2.2
21
0
41
0.75
7
W0$125
0
TEXT
8
PART_INFO
10
2.2
20
-1.25
40
0.875
1
000000
71
2
73
2
11
2.2
21
-1.25
41
0.75
7
W0$125
0
TEXT
8
PART_PTS
10
2.2
20
-2.5
40
0.875
1
1 2 
71
2
73
2
11
2.2
21
-2.5
41
0.75
7
W0$125
0
ENDBLK
0
BLOCK
2
PART_BOT_16
8
0
10
0
20
0
3
PART_BOT_16
70
64
0
INSERT
2
SYM_BOT_9
8
0
10
0
20
0
0
INSERT
2
PKG_5
8
0
10
0
20
0
41
-1
0
TEXT
8
LABEL_INFO
10
0
20
0
40
0.875
1
1 0 1 1 0 1
72
1
73
1
11
0
21
0
41
0.75
7
W0$125
0
TEXT
8
LABEL_ATTRIBUTE
10
0
20
0
40
0.875
1
PartType
72
1
73
1
11
0
21
0
41
0.75
7
W0$125
0
TEXT
8
PART_TYPE_04
10
0
20
0
40
0.875
1
C1608
72
1
73
2
11
0
21
0
50
-180
41
0.75
7
W0$125
0
TEXT
8
LABEL_INFO
10
-1.8
20
-0.1
40
0.875
1
1 324000000 0 1 0 1
73
1
11
-1.8
21
-0.1
50
180
41
0.75
7
W0$125
0
TEXT
8
LABEL_ATTRIBUTE
10
-1.8
20
-0.1
40
0.875
1
Ref.Des.
73
1
11
-1.8
21
-0.1
50
180
41
0.75
7
W0$125
0
TEXT
8
PART_NAME_04
10
-1.8
20
-0.1
40
0.875
1
C2
73
2
11
-1.8
21
-0.1
50
-180
41
0.75
7
W0$125
0
TEXT
8
PART_INFO
10
-1.8
20
-1.35
40
0.875
1
000000
71
2
73
2
11
-1.8
21
-1.35
50
-180
41
0.75
7
W0$125
0
TEXT
8
PART_PTS
10
-1.8
20
-2.6
40
0.875
1
1 2 
71
2
73
2
11
-1.8
21
-2.6
50
-180
41
0.75
7
W0$125
0
ENDBLK
0
BLOCK
2
PART_BOT_17
8
0
10
0
20
0
3
PART_BOT_17
70
64
0
INSERT
2
SYM_BOT_9
8
0
10
0
20
0
0
INSERT
2
PKG_5
8
0
10
0
20
0
41
-1
0
TEXT
8
LABEL_INFO
10
0
20
0
40
0.875
1
1 0 1 1 0 1
72
1
73
1
11
0
21
0
41
0.75
7
W0$125
0
TEXT
8
LABEL_ATTRIBUTE
10
0
20
0
40
0.875
1
PartType
72
1
73
1
11
0
21
0
41
0.75
7
W0$125
0
TEXT
8
PART_TYPE_04
10
0
20
0
40
0.875
1
C1608
72
1
73
2
11
0
21
0
41
0.75
7
W0$125
0
TEXT
8
LABEL_INFO
10
2
20
0.1
40
0.875
1
1 0 0 1 0 1
73
1
11
2
21
0.1
41
0.75
7
W0$125
0
TEXT
8
LABEL_ATTRIBUTE
10
2
20
0.1
40
0.875
1
Ref.Des.
73
1
11
2
21
0.1
41
0.75
7
W0$125
0
TEXT
8
PART_NAME_04
10
2
20
0.1
40
0.875
1
C20
73
2
11
2
21
0.1
41
0.75
7
W0$125
0
TEXT
8
PART_INFO
10
2
20
-1.15
40
0.875
1
000000
71
2
73
2
11
2
21
-1.15
41
0.75
7
W0$125
0
TEXT
8
PART_PTS
10
2
20
-2.4
40
0.875
1
1 2 
71
2
73
2
11
2
21
-2.4
41
0.75
7
W0$125
0
ENDBLK
0
BLOCK
2
PART_BOT_18
8
0
10
0
20
0
3
PART_BOT_18
70
64
0
INSERT
2
SYM_BOT_9
8
0
10
0
20
0
0
INSERT
2
PKG_5
8
0
10
0
20
0
41
-1
0
TEXT
8
LABEL_INFO
10
0
20
0
40
0.875
1
1 0 1 1 0 1
72
1
73
1
11
0
21
0
41
0.75
7
W0$125
0
TEXT
8
LABEL_ATTRIBUTE
10
0
20
0
40
0.875
1
PartType
72
1
73
1
11
0
21
0
41
0.75
7
W0$125
0
TEXT
8
PART_TYPE_04
10
0
20
0
40
0.875
1
C1608
72
1
73
2
11
0
21
0
41
0.75
7
W0$125
0
TEXT
8
LABEL_INFO
10
2
20
0.1
40
0.875
1
1 0 0 1 0 1
73
1
11
2
21
0.1
41
0.75
7
W0$125
0
TEXT
8
LABEL_ATTRIBUTE
10
2
20
0.1
40
0.875
1
Ref.Des.
73
1
11
2
21
0.1
41
0.75
7
W0$125
0
TEXT
8
PART_NAME_04
10
2
20
0.1
40
0.875
1
C21
73
2
11
2
21
0.1
41
0.75
7
W0$125
0
TEXT
8
PART_INFO
10
2
20
-1.15
40
0.875
1
000000
71
2
73
2
11
2
21
-1.15
41
0.75
7
W0$125
0
TEXT
8
PART_PTS
10
2
20
-2.4
40
0.875
1
1 2 
71
2
73
2
11
2
21
-2.4
41
0.75
7
W0$125
0
ENDBLK
0
BLOCK
2
PART_BOT_19
8
0
10
0
20
0
3
PART_BOT_19
70
64
0
INSERT
2
SYM_BOT_9
8
0
10
0
20
0
0
INSERT
2
PKG_5
8
0
10
0
20
0
41
-1
0
TEXT
8
LABEL_INFO
10
0
20
0
40
0.875
1
1 0 1 1 0 1
72
1
73
1
11
0
21
0
41
0.75
7
W0$125
0
TEXT
8
LABEL_ATTRIBUTE
10
0
20
0
40
0.875
1
PartType
72
1
73
1
11
0
21
0
41
0.75
7
W0$125
0
TEXT
8
PART_TYPE_04
10
0
20
0
40
0.875
1
C1608
72
1
73
2
11
0
21
0
41
0.75
7
W0$125
0
TEXT
8
LABEL_INFO
10
-0.8
20
-1.3
40
0.875
1
1 0 0 1 0 1
73
1
11
-0.8
21
-1.3
41
0.75
7
W0$125
0
TEXT
8
LABEL_ATTRIBUTE
10
-0.8
20
-1.3
40
0.875
1
Ref.Des.
73
1
11
-0.8
21
-1.3
41
0.75
7
W0$125
0
TEXT
8
PART_NAME_04
10
-0.8
20
-1.3
40
0.875
1
C22
73
2
11
-0.8
21
-1.3
41
0.75
7
W0$125
0
TEXT
8
PART_INFO
10
-0.8
20
-2.55
40
0.875
1
000000
71
2
73
2
11
-0.8
21
-2.55
41
0.75
7
W0$125
0
TEXT
8
PART_PTS
10
-0.8
20
-3.8
40
0.875
1
1 2 
71
2
73
2
11
-0.8
21
-3.8
41
0.75
7
W0$125
0
ENDBLK
0
BLOCK
2
PART_BOT_20
8
0
10
0
20
0
3
PART_BOT_20
70
64
0
INSERT
2
SYM_BOT_9
8
0
10
0
20
0
0
INSERT
2
PKG_5
8
0
10
0
20
0
41
-1
0
TEXT
8
LABEL_INFO
10
0
20
0
40
0.875
1
1 0 1 1 0 1
72
1
73
1
11
0
21
0
41
0.75
7
W0$125
0
TEXT
8
LABEL_ATTRIBUTE
10
0
20
0
40
0.875
1
PartType
72
1
73
1
11
0
21
0
41
0.75
7
W0$125
0
TEXT
8
PART_TYPE_04
10
0
20
0
40
0.875
1
C1608
72
1
73
2
11
0
21
0
41
0.75
7
W0$125
0
TEXT
8
LABEL_INFO
10
-0.9
20
-1.2
40
0.875
1
1 0 0 1 0 1
73
1
11
-0.9
21
-1.2
41
0.75
7
W0$125
0
TEXT
8
LABEL_ATTRIBUTE
10
-0.9
20
-1.2
40
0.875
1
Ref.Des.
73
1
11
-0.9
21
-1.2
41
0.75
7
W0$125
0
TEXT
8
PART_NAME_04
10
-0.9
20
-1.2
40
0.875
1
C23
73
2
11
-0.9
21
-1.2
41
0.75
7
W0$125
0
TEXT
8
PART_INFO
10
-0.9
20
-2.45
40
0.875
1
000000
71
2
73
2
11
-0.9
21
-2.45
41
0.75
7
W0$125
0
TEXT
8
PART_PTS
10
-0.9
20
-3.7
40
0.875
1
1 2 
71
2
73
2
11
-0.9
21
-3.7
41
0.75
7
W0$125
0
ENDBLK
0
BLOCK
2
PART_BOT_21
8
0
10
0
20
0
3
PART_BOT_21
70
64
0
INSERT
2
SYM_BOT_9
8
0
10
0
20
0
0
INSERT
2
PKG_5
8
0
10
0
20
0
41
-1
0
TEXT
8
LABEL_INFO
10
0
20
0
40
0.875
1
1 0 1 1 0 1
72
1
73
1
11
0
21
0
41
0.75
7
W0$125
0
TEXT
8
LABEL_ATTRIBUTE
10
0
20
0
40
0.875
1
PartType
72
1
73
1
11
0
21
0
41
0.75
7
W0$125
0
TEXT
8
PART_TYPE_04
10
0
20
0
40
0.875
1
C1608
72
1
73
2
11
0
21
0
41
0.75
7
W0$125
0
TEXT
8
LABEL_INFO
10
1.7
20
0.1
40
0.875
1
1 0 0 1 0 1
73
1
11
1.7
21
0.1
41
0.75
7
W0$125
0
TEXT
8
LABEL_ATTRIBUTE
10
1.7
20
0.1
40
0.875
1
Ref.Des.
73
1
11
1.7
21
0.1
41
0.75
7
W0$125
0
TEXT
8
PART_NAME_04
10
1.7
20
0.1
40
0.875
1
C24
73
2
11
1.7
21
0.1
41
0.75
7
W0$125
0
TEXT
8
PART_INFO
10
1.7
20
-1.15
40
0.875
1
000000
71
2
73
2
11
1.7
21
-1.15
41
0.75
7
W0$125
0
TEXT
8
PART_PTS
10
1.7
20
-2.4
40
0.875
1
1 2 
71
2
73
2
11
1.7
21
-2.4
41
0.75
7
W0$125
0
ENDBLK
0
BLOCK
2
PART_BOT_22
8
0
10
0
20
0
3
PART_BOT_22
70
64
0
INSERT
2
SYM_BOT_9
8
0
10
0
20
0
0
INSERT
2
PKG_5
8
0
10
0
20
0
41
-1
0
TEXT
8
LABEL_INFO
10
0
20
0
40
0.875
1
1 0 1 1 0 1
72
1
73
1
11
0
21
0
41
0.75
7
W0$125
0
TEXT
8
LABEL_ATTRIBUTE
10
0
20
0
40
0.875
1
PartType
72
1
73
1
11
0
21
0
41
0.75
7
W0$125
0
TEXT
8
PART_TYPE_04
10
0
20
0
40
0.875
1
C1608
72
1
73
2
11
0
21
0
50
-180
41
0.75
7
W0$125
0
TEXT
8
LABEL_INFO
10
-2.1
20
-0.1
40
0.875
1
1 324000000 0 1 0 1
73
1
11
-2.1
21
-0.1
50
180
41
0.75
7
W0$125
0
TEXT
8
LABEL_ATTRIBUTE
10
-2.1
20
-0.1
40
0.875
1
Ref.Des.
73
1
11
-2.1
21
-0.1
50
180
41
0.75
7
W0$125
0
TEXT
8
PART_NAME_04
10
-2.1
20
-0.1
40
0.875
1
C25
73
2
11
-2.1
21
-0.1
50
-180
41
0.75
7
W0$125
0
TEXT
8
PART_INFO
10
-2.1
20
-1.35
40
0.875
1
000000
71
2
73
2
11
-2.1
21
-1.35
50
-180
41
0.75
7
W0$125
0
TEXT
8
PART_PTS
10
-2.1
20
-2.6
40
0.875
1
1 2 
71
2
73
2
11
-2.1
21
-2.6
50
-180
41
0.75
7
W0$125
0
ENDBLK
0
BLOCK
2
PART_BOT_23
8
0
10
0
20
0
3
PART_BOT_23
70
64
0
INSERT
2
SYM_BOT_9
8
0
10
0
20
0
0
INSERT
2
PKG_5
8
0
10
0
20
0
41
-1
0
TEXT
8
LABEL_INFO
10
0
20
0
40
0.875
1
1 0 1 1 0 1
72
1
73
1
11
0
21
0
41
0.75
7
W0$125
0
TEXT
8
LABEL_ATTRIBUTE
10
0
20
0
40
0.875
1
PartType
72
1
73
1
11
0
21
0
41
0.75
7
W0$125
0
TEXT
8
PART_TYPE_04
10
0
20
0
40
0.875
1
C1608
72
1
73
2
11
0
21
0
50
-180
41
0.75
7
W0$125
0
TEXT
8
LABEL_INFO
10
-2.1
20
-0.1
40
0.875
1
1 324000000 0 1 0 1
73
1
11
-2.1
21
-0.1
50
180
41
0.75
7
W0$125
0
TEXT
8
LABEL_ATTRIBUTE
10
-2.1
20
-0.1
40
0.875
1
Ref.Des.
73
1
11
-2.1
21
-0.1
50
180
41
0.75
7
W0$125
0
TEXT
8
PART_NAME_04
10
-2.1
20
-0.1
40
0.875
1
C26
73
2
11
-2.1
21
-0.1
50
-180
41
0.75
7
W0$125
0
TEXT
8
PART_INFO
10
-2.1
20
-1.35
40
0.875
1
000000
71
2
73
2
11
-2.1
21
-1.35
50
-180
41
0.75
7
W0$125
0
TEXT
8
PART_PTS
10
-2.1
20
-2.6
40
0.875
1
1 2 
71
2
73
2
11
-2.1
21
-2.6
50
-180
41
0.75
7
W0$125
0
ENDBLK
0
BLOCK
2
PART_BOT_24
8
0
10
0
20
0
3
PART_BOT_24
70
64
0
INSERT
2
SYM_BOT_9
8
0
10
0
20
0
0
INSERT
2
PKG_5
8
0
10
0
20
0
41
-1
0
TEXT
8
LABEL_INFO
10
0
20
0
40
0.875
1
1 0 1 1 0 1
72
1
73
1
11
0
21
0
41
0.75
7
W0$125
0
TEXT
8
LABEL_ATTRIBUTE
10
0
20
0
40
0.875
1
PartType
72
1
73
1
11
0
21
0
41
0.75
7
W0$125
0
TEXT
8
PART_TYPE_04
10
0
20
0
40
0.875
1
C1608
72
1
73
2
11
0
21
0
50
-180
41
0.75
7
W0$125
0
TEXT
8
LABEL_INFO
10
0.9
20
-1.5
40
0.875
1
1 324000000 0 1 0 1
73
1
11
0.9
21
-1.5
50
180
41
0.75
7
W0$125
0
TEXT
8
LABEL_ATTRIBUTE
10
0.9
20
-1.5
40
0.875
1
Ref.Des.
73
1
11
0.9
21
-1.5
50
180
41
0.75
7
W0$125
0
TEXT
8
PART_NAME_04
10
0.9
20
-1.5
40
0.875
1
C27
73
2
11
0.9
21
-1.5
50
-180
41
0.75
7
W0$125
0
TEXT
8
PART_INFO
10
0.9
20
-2.75
40
0.875
1
000000
71
2
73
2
11
0.9
21
-2.75
50
-180
41
0.75
7
W0$125
0
TEXT
8
PART_PTS
10
0.9
20
-4
40
0.875
1
1 2 
71
2
73
2
11
0.9
21
-4
50
-180
41
0.75
7
W0$125
0
ENDBLK
0
BLOCK
2
PART_BOT_25
8
0
10
0
20
0
3
PART_BOT_25
70
64
0
INSERT
2
SYM_BOT_9
8
0
10
0
20
0
0
INSERT
2
PKG_5
8
0
10
0
20
0
41
-1
0
TEXT
8
LABEL_INFO
10
0
20
0
40
0.875
1
1 0 1 1 0 1
72
1
73
1
11
0
21
0
41
0.75
7
W0$125
0
TEXT
8
LABEL_ATTRIBUTE
10
0
20
0
40
0.875
1
PartType
72
1
73
1
11
0
21
0
41
0.75
7
W0$125
0
TEXT
8
PART_TYPE_04
10
0
20
0
40
0.875
1
C1608
72
1
73
2
11
0
21
0
41
0.75
7
W0$125
0
TEXT
8
LABEL_INFO
10
1.9
20
0.1
40
0.875
1
1 0 0 1 0 1
73
1
11
1.9
21
0.1
41
0.75
7
W0$125
0
TEXT
8
LABEL_ATTRIBUTE
10
1.9
20
0.1
40
0.875
1
Ref.Des.
73
1
11
1.9
21
0.1
41
0.75
7
W0$125
0
TEXT
8
PART_NAME_04
10
1.9
20
0.1
40
0.875
1
C28
73
2
11
1.9
21
0.1
41
0.75
7
W0$125
0
TEXT
8
PART_INFO
10
1.9
20
-1.15
40
0.875
1
000000
71
2
73
2
11
1.9
21
-1.15
41
0.75
7
W0$125
0
TEXT
8
PART_PTS
10
1.9
20
-2.4
40
0.875
1
1 2 
71
2
73
2
11
1.9
21
-2.4
41
0.75
7
W0$125
0
ENDBLK
0
BLOCK
2
PART_BOT_26
8
0
10
0
20
0
3
PART_BOT_26
70
64
0
INSERT
2
SYM_BOT_9
8
0
10
0
20
0
0
INSERT
2
PKG_5
8
0
10
0
20
0
41
-1
0
TEXT
8
LABEL_INFO
10
0
20
0
40
0.875
1
1 0 1 1 0 1
72
1
73
1
11
0
21
0
41
0.75
7
W0$125
0
TEXT
8
LABEL_ATTRIBUTE
10
0
20
0
40
0.875
1
PartType
72
1
73
1
11
0
21
0
41
0.75
7
W0$125
0
TEXT
8
PART_TYPE_04
10
0
20
0
40
0.875
1
C1608
72
1
73
2
11
0
21
0
41
0.75
7
W0$125
0
TEXT
8
LABEL_INFO
10
1.9
20
0.1
40
0.875
1
1 0 0 1 0 1
73
1
11
1.9
21
0.1
41
0.75
7
W0$125
0
TEXT
8
LABEL_ATTRIBUTE
10
1.9
20
0.1
40
0.875
1
Ref.Des.
73
1
11
1.9
21
0.1
41
0.75
7
W0$125
0
TEXT
8
PART_NAME_04
10
1.9
20
0.1
40
0.875
1
C29
73
2
11
1.9
21
0.1
41
0.75
7
W0$125
0
TEXT
8
PART_INFO
10
1.9
20
-1.15
40
0.875
1
000000
71
2
73
2
11
1.9
21
-1.15
41
0.75
7
W0$125
0
TEXT
8
PART_PTS
10
1.9
20
-2.4
40
0.875
1
1 2 
71
2
73
2
11
1.9
21
-2.4
41
0.75
7
W0$125
0
ENDBLK
0
BLOCK
2
PART_BOT_27
8
0
10
0
20
0
3
PART_BOT_27
70
64
0
INSERT
2
SYM_BOT_9
8
0
10
0
20
0
0
INSERT
2
PKG_5
8
0
10
0
20
0
41
-1
0
TEXT
8
LABEL_INFO
10
0
20
0
40
0.875
1
1 0 1 1 0 1
72
1
73
1
11
0
21
0
41
0.75
7
W0$125
0
TEXT
8
LABEL_ATTRIBUTE
10
0
20
0
40
0.875
1
PartType
72
1
73
1
11
0
21
0
41
0.75
7
W0$125
0
TEXT
8
PART_TYPE_04
10
0
20
0
40
0.875
1
C1608
72
1
73
2
11
0
21
0
41
0.75
7
W0$125
0
TEXT
8
LABEL_INFO
10
2.2
20
0
40
0.875
1
1 0 0 1 0 1
73
1
11
2.2
21
0
41
0.75
7
W0$125
0
TEXT
8
LABEL_ATTRIBUTE
10
2.2
20
0
40
0.875
1
Ref.Des.
73
1
11
2.2
21
0
41
0.75
7
W0$125
0
TEXT
8
PART_NAME_04
10
2.2
20
0
40
0.875
1
C3
73
2
11
2.2
21
0
41
0.75
7
W0$125
0
TEXT
8
PART_INFO
10
2.2
20
-1.25
40
0.875
1
000000
71
2
73
2
11
2.2
21
-1.25
41
0.75
7
W0$125
0
TEXT
8
PART_PTS
10
2.2
20
-2.5
40
0.875
1
1 2 
71
2
73
2
11
2.2
21
-2.5
41
0.75
7
W0$125
0
ENDBLK
0
BLOCK
2
PART_TOP_28
8
0
10
0
20
0
3
PART_TOP_28
70
64
0
INSERT
2
SYM_TOP_9
8
0
10
0
20
0
0
INSERT
2
PKG_5
8
0
10
0
20
0
0
TEXT
8
LABEL_INFO
10
0
20
0
40
0.875
1
1 0 1 1 0 1
72
1
73
1
11
0
21
0
41
0.75
7
W0$125
0
TEXT
8
LABEL_ATTRIBUTE
10
0
20
0
40
0.875
1
PartType
72
1
73
1
11
0
21
0
41
0.75
7
W0$125
0
TEXT
8
PART_TYPE_01
10
0
20
0
40
0.875
1
C1608
72
1
73
2
11
0
21
0
50
-180
41
0.75
7
W0$125
0
TEXT
8
LABEL_INFO
10
3.6
20
-0.0999993333
40
0.875
1
1 324000000 0 1 0 1
73
1
11
3.6
21
-0.0999993333
50
180
41
0.75
7
W0$125
0
TEXT
8
LABEL_ATTRIBUTE
10
3.6
20
-0.0999993333
40
0.875
1
Ref.Des.
73
1
11
3.6
21
-0.0999993333
50
180
41
0.75
7
W0$125
0
TEXT
8
PART_NAME_01
10
3.6
20
-0.0999993333
40
0.875
1
C30
73
2
11
3.6
21
-0.0999993333
50
-180
41
0.75
7
W0$125
0
TEXT
8
PART_INFO
10
3.6
20
-1.3499993333
40
0.875
1
000000
73
2
11
3.6
21
-1.3499993333
50
-180
41
0.75
7
W0$125
0
TEXT
8
PART_PTS
10
3.6
20
-2.5999993333
40
0.875
1
1 2 
73
2
11
3.6
21
-2.5999993333
50
-180
41
0.75
7
W0$125
0
ENDBLK
0
BLOCK
2
PART_TOP_29
8
0
10
0
20
0
3
PART_TOP_29
70
64
0
INSERT
2
SYM_TOP_9
8
0
10
0
20
0
0
INSERT
2
PKG_5
8
0
10
0
20
0
0
TEXT
8
LABEL_INFO
10
0
20
0
40
0.875
1
1 0 1 1 0 1
72
1
73
1
11
0
21
0
41
0.75
7
W0$125
0
TEXT
8
LABEL_ATTRIBUTE
10
0
20
0
40
0.875
1
PartType
72
1
73
1
11
0
21
0
41
0.75
7
W0$125
0
TEXT
8
PART_TYPE_01
10
0
20
0
40
0.875
1
C1608
72
1
73
2
11
0
21
0
50
-180
41
0.75
7
W0$125
0
TEXT
8
LABEL_INFO
10
3.6
20
-0.0999993333
40
0.875
1
1 324000000 0 1 0 1
73
1
11
3.6
21
-0.0999993333
50
180
41
0.75
7
W0$125
0
TEXT
8
LABEL_ATTRIBUTE
10
3.6
20
-0.0999993333
40
0.875
1
Ref.Des.
73
1
11
3.6
21
-0.0999993333
50
180
41
0.75
7
W0$125
0
TEXT
8
PART_NAME_01
10
3.6
20
-0.0999993333
40
0.875
1
C31
73
2
11
3.6
21
-0.0999993333
50
-180
41
0.75
7
W0$125
0
TEXT
8
PART_INFO
10
3.6
20
-1.3499993333
40
0.875
1
000000
73
2
11
3.6
21
-1.3499993333
50
-180
41
0.75
7
W0$125
0
TEXT
8
PART_PTS
10
3.6
20
-2.5999993333
40
0.875
1
1 2 
73
2
11
3.6
21
-2.5999993333
50
-180
41
0.75
7
W0$125
0
ENDBLK
0
BLOCK
2
PART_BOT_30
8
0
10
0
20
0
3
PART_BOT_30
70
64
0
INSERT
2
SYM_BOT_9
8
0
10
0
20
0
0
INSERT
2
PKG_5
8
0
10
0
20
0
41
-1
0
TEXT
8
LABEL_INFO
10
0
20
0
40
0.875
1
1 0 1 1 0 1
72
1
73
1
11
0
21
0
41
0.75
7
W0$125
0
TEXT
8
LABEL_ATTRIBUTE
10
0
20
0
40
0.875
1
PartType
72
1
73
1
11
0
21
0
41
0.75
7
W0$125
0
TEXT
8
PART_TYPE_04
10
0
20
0
40
0.875
1
C1608
72
1
73
2
11
0
21
0
41
0.75
7
W0$125
0
TEXT
8
LABEL_INFO
10
1.7
20
0.1
40
0.875
1
1 0 0 1 0 1
73
1
11
1.7
21
0.1
41
0.75
7
W0$125
0
TEXT
8
LABEL_ATTRIBUTE
10
1.7
20
0.1
40
0.875
1
Ref.Des.
73
1
11
1.7
21
0.1
41
0.75
7
W0$125
0
TEXT
8
PART_NAME_04
10
1.7
20
0.1
40
0.875
1
C32
73
2
11
1.7
21
0.1
41
0.75
7
W0$125
0
TEXT
8
PART_INFO
10
1.7
20
-1.15
40
0.875
1
000000
71
2
73
2
11
1.7
21
-1.15
41
0.75
7
W0$125
0
TEXT
8
PART_PTS
10
1.7
20
-2.4
40
0.875
1
1 2 
71
2
73
2
11
1.7
21
-2.4
41
0.75
7
W0$125
0
ENDBLK
0
BLOCK
2
PART_BOT_31
8
0
10
0
20
0
3
PART_BOT_31
70
64
0
INSERT
2
SYM_BOT_9
8
0
10
0
20
0
0
INSERT
2
PKG_5
8
0
10
0
20
0
41
-1
0
TEXT
8
LABEL_INFO
10
0
20
0
40
0.875
1
1 0 1 1 0 1
72
1
73
1
11
0
21
0
41
0.75
7
W0$125
0
TEXT
8
LABEL_ATTRIBUTE
10
0
20
0
40
0.875
1
PartType
72
1
73
1
11
0
21
0
41
0.75
7
W0$125
0
TEXT
8
PART_TYPE_04
10
0
20
0
40
0.875
1
C1608
72
1
73
2
11
0
21
0
41
0.75
7
W0$125
0
TEXT
8
LABEL_INFO
10
1.8
20
0.1
40
0.875
1
1 0 0 1 0 1
73
1
11
1.8
21
0.1
41
0.75
7
W0$125
0
TEXT
8
LABEL_ATTRIBUTE
10
1.8
20
0.1
40
0.875
1
Ref.Des.
73
1
11
1.8
21
0.1
41
0.75
7
W0$125
0
TEXT
8
PART_NAME_04
10
1.8
20
0.1
40
0.875
1
C33
73
2
11
1.8
21
0.1
41
0.75
7
W0$125
0
TEXT
8
PART_INFO
10
1.8
20
-1.15
40
0.875
1
000000
71
2
73
2
11
1.8
21
-1.15
41
0.75
7
W0$125
0
TEXT
8
PART_PTS
10
1.8
20
-2.4
40
0.875
1
1 2 
71
2
73
2
11
1.8
21
-2.4
41
0.75
7
W0$125
0
ENDBLK
0
BLOCK
2
PART_BOT_32
8
0
10
0
20
0
3
PART_BOT_32
70
64
0
INSERT
2
SYM_BOT_9
8
0
10
0
20
0
0
INSERT
2
PKG_5
8
0
10
0
20
0
41
-1
0
TEXT
8
LABEL_INFO
10
0
20
0
40
0.875
1
1 0 1 1 0 1
72
1
73
1
11
0
21
0
41
0.75
7
W0$125
0
TEXT
8
LABEL_ATTRIBUTE
10
0
20
0
40
0.875
1
PartType
72
1
73
1
11
0
21
0
41
0.75
7
W0$125
0
TEXT
8
PART_TYPE_04
10
0
20
0
40
0.875
1
C1608
72
1
73
2
11
0
21
0
41
0.75
7
W0$125
0
TEXT
8
LABEL_INFO
10
1.8
20
0.1
40
0.875
1
1 0 0 1 0 1
73
1
11
1.8
21
0.1
41
0.75
7
W0$125
0
TEXT
8
LABEL_ATTRIBUTE
10
1.8
20
0.1
40
0.875
1
Ref.Des.
73
1
11
1.8
21
0.1
41
0.75
7
W0$125
0
TEXT
8
PART_NAME_04
10
1.8
20
0.1
40
0.875
1
C34
73
2
11
1.8
21
0.1
41
0.75
7
W0$125
0
TEXT
8
PART_INFO
10
1.8
20
-1.15
40
0.875
1
000000
71
2
73
2
11
1.8
21
-1.15
41
0.75
7
W0$125
0
TEXT
8
PART_PTS
10
1.8
20
-2.4
40
0.875
1
1 2 
71
2
73
2
11
1.8
21
-2.4
41
0.75
7
W0$125
0
ENDBLK
0
BLOCK
2
PART_BOT_33
8
0
10
0
20
0
3
PART_BOT_33
70
64
0
INSERT
2
SYM_BOT_9
8
0
10
0
20
0
0
INSERT
2
PKG_5
8
0
10
0
20
0
41
-1
0
TEXT
8
LABEL_INFO
10
0
20
0
40
0.875
1
1 0 1 1 0 1
72
1
73
1
11
0
21
0
41
0.75
7
W0$125
0
TEXT
8
LABEL_ATTRIBUTE
10
0
20
0
40
0.875
1
PartType
72
1
73
1
11
0
21
0
41
0.75
7
W0$125
0
TEXT
8
PART_TYPE_04
10
0
20
0
40
0.875
1
C1608
72
1
73
2
11
0
21
0
50
-180
41
0.75
7
W0$125
0
TEXT
8
LABEL_INFO
10
-0.5999993333
20
-4.3
40
0.875
1
1 324000000 0 1 0 1
73
1
11
-0.5999993333
21
-4.3
50
180
41
0.75
7
W0$125
0
TEXT
8
LABEL_ATTRIBUTE
10
-0.5999993333
20
-4.3
40
0.875
1
Ref.Des.
73
1
11
-0.5999993333
21
-4.3
50
180
41
0.75
7
W0$125
0
TEXT
8
PART_NAME_04
10
-0.5999993333
20
-4.3
40
0.875
1
C35
73
2
11
-0.5999993333
21
-4.3
50
-180
41
0.75
7
W0$125
0
TEXT
8
PART_INFO
10
-0.5999993333
20
-5.55
40
0.875
1
000000
71
2
73
2
11
-0.5999993333
21
-5.55
50
-180
41
0.75
7
W0$125
0
TEXT
8
PART_PTS
10
-0.5999993333
20
-6.8
40
0.875
1
1 2 
71
2
73
2
11
-0.5999993333
21
-6.8
50
-180
41
0.75
7
W0$125
0
ENDBLK
0
BLOCK
2
PART_BOT_34
8
0
10
0
20
0
3
PART_BOT_34
70
64
0
INSERT
2
SYM_BOT_9
8
0
10
0
20
0
0
INSERT
2
PKG_5
8
0
10
0
20
0
41
-1
0
TEXT
8
LABEL_INFO
10
0
20
0
40
0.875
1
1 0 1 1 0 1
72
1
73
1
11
0
21
0
41
0.75
7
W0$125
0
TEXT
8
LABEL_ATTRIBUTE
10
0
20
0
40
0.875
1
PartType
72
1
73
1
11
0
21
0
41
0.75
7
W0$125
0
TEXT
8
PART_TYPE_04
10
0
20
0
40
0.875
1
C1608
72
1
73
2
11
0
21
0
50
-180
41
0.75
7
W0$125
0
TEXT
8
LABEL_INFO
10
-0.5999993333
20
-3.9
40
0.875
1
1 324000000 0 1 0 1
73
1
11
-0.5999993333
21
-3.9
50
180
41
0.75
7
W0$125
0
TEXT
8
LABEL_ATTRIBUTE
10
-0.5999993333
20
-3.9
40
0.875
1
Ref.Des.
73
1
11
-0.5999993333
21
-3.9
50
180
41
0.75
7
W0$125
0
TEXT
8
PART_NAME_04
10
-0.5999993333
20
-3.9
40
0.875
1
C36
73
2
11
-0.5999993333
21
-3.9
50
-180
41
0.75
7
W0$125
0
TEXT
8
PART_INFO
10
-0.5999993333
20
-5.15
40
0.875
1
000000
71
2
73
2
11
-0.5999993333
21
-5.15
50
-180
41
0.75
7
W0$125
0
TEXT
8
PART_PTS
10
-0.5999993333
20
-6.4
40
0.875
1
1 2 
71
2
73
2
11
-0.5999993333
21
-6.4
50
-180
41
0.75
7
W0$125
0
ENDBLK
0
BLOCK
2
PART_BOT_35
8
0
10
0
20
0
3
PART_BOT_35
70
64
0
INSERT
2
SYM_BOT_9
8
0
10
0
20
0
0
INSERT
2
PKG_5
8
0
10
0
20
0
41
-1
0
TEXT
8
LABEL_INFO
10
0
20
0
40
0.875
1
1 0 1 1 0 1
72
1
73
1
11
0
21
0
41
0.75
7
W0$125
0
TEXT
8
LABEL_ATTRIBUTE
10
0
20
0
40
0.875
1
PartType
72
1
73
1
11
0
21
0
41
0.75
7
W0$125
0
TEXT
8
PART_TYPE_04
10
0
20
0
40
0.875
1
C1608
72
1
73
2
11
0
21
0
50
-180
41
0.75
7
W0$125
0
TEXT
8
LABEL_INFO
10
-1.9
20
0
40
0.875
1
1 324000000 0 1 0 1
73
1
11
-1.9
21
0
50
180
41
0.75
7
W0$125
0
TEXT
8
LABEL_ATTRIBUTE
10
-1.9
20
0
40
0.875
1
Ref.Des.
73
1
11
-1.9
21
0
50
180
41
0.75
7
W0$125
0
TEXT
8
PART_NAME_04
10
-1.9
20
0
40
0.875
1
C37
73
2
11
-1.9
21
0
50
-180
41
0.75
7
W0$125
0
TEXT
8
PART_INFO
10
-1.9
20
-1.25
40
0.875
1
000000
71
2
73
2
11
-1.9
21
-1.25
50
-180
41
0.75
7
W0$125
0
TEXT
8
PART_PTS
10
-1.9
20
-2.5
40
0.875
1
1 2 
71
2
73
2
11
-1.9
21
-2.5
50
-180
41
0.75
7
W0$125
0
ENDBLK
0
BLOCK
2
PART_TOP_36
8
0
10
0
20
0
3
PART_TOP_36
70
64
0
INSERT
2
SYM_TOP_9
8
0
10
0
20
0
0
INSERT
2
PKG_5
8
0
10
0
20
0
0
TEXT
8
LABEL_INFO
10
0
20
0
40
0.875
1
1 0 1 1 0 1
72
1
73
1
11
0
21
0
41
0.75
7
W0$125
0
TEXT
8
LABEL_ATTRIBUTE
10
0
20
0
40
0.875
1
PartType
72
1
73
1
11
0
21
0
41
0.75
7
W0$125
0
TEXT
8
PART_TYPE_01
10
0
20
0
40
0.875
1
C1608
72
1
73
2
11
0
21
0
41
0.75
7
W0$125
0
TEXT
8
LABEL_INFO
10
2.5
20
0
40
0.875
1
1 0 0 1 0 1
73
1
11
2.5
21
0
41
0.75
7
W0$125
0
TEXT
8
LABEL_ATTRIBUTE
10
2.5
20
0
40
0.875
1
Ref.Des.
73
1
11
2.5
21
0
41
0.75
7
W0$125
0
TEXT
8
PART_NAME_01
10
2.5
20
0
40
0.875
1
C38
73
2
11
2.5
21
0
41
0.75
7
W0$125
0
TEXT
8
PART_INFO
10
2.5
20
-1.25
40
0.875
1
000000
73
2
11
2.5
21
-1.25
41
0.75
7
W0$125
0
TEXT
8
PART_PTS
10
2.5
20
-2.5
40
0.875
1
1 2 
73
2
11
2.5
21
-2.5
41
0.75
7
W0$125
0
ENDBLK
0
BLOCK
2
PART_BOT_37
8
0
10
0
20
0
3
PART_BOT_37
70
64
0
INSERT
2
SYM_BOT_9
8
0
10
0
20
0
0
INSERT
2
PKG_5
8
0
10
0
20
0
41
-1
0
TEXT
8
LABEL_INFO
10
0
20
0
40
0.875
1
1 0 1 1 0 1
72
1
73
1
11
0
21
0
41
0.75
7
W0$125
0
TEXT
8
LABEL_ATTRIBUTE
10
0
20
0
40
0.875
1
PartType
72
1
73
1
11
0
21
0
41
0.75
7
W0$125
0
TEXT
8
PART_TYPE_04
10
0
20
0
40
0.875
1
C1608
72
1
73
2
11
0
21
0
41
0.75
7
W0$125
0
TEXT
8
LABEL_INFO
10
-0.8
20
6.1
40
0.875
1
1 0 0 1 0 1
73
1
11
-0.8
21
6.1
41
0.75
7
W0$125
0
TEXT
8
LABEL_ATTRIBUTE
10
-0.8
20
6.1
40
0.875
1
Ref.Des.
73
1
11
-0.8
21
6.1
41
0.75
7
W0$125
0
TEXT
8
PART_NAME_04
10
-0.8
20
6.1
40
0.875
1
C39
73
2
11
-0.8
21
6.1
41
0.75
7
W0$125
0
TEXT
8
PART_INFO
10
-0.8
20
4.85
40
0.875
1
000000
71
2
73
2
11
-0.8
21
4.85
41
0.75
7
W0$125
0
TEXT
8
PART_PTS
10
-0.8
20
3.6
40
0.875
1
1 2 
71
2
73
2
11
-0.8
21
3.6
41
0.75
7
W0$125
0
ENDBLK
0
BLOCK
2
PART_BOT_38
8
0
10
0
20
0
3
PART_BOT_38
70
64
0
INSERT
2
SYM_BOT_9
8
0
10
0
20
0
0
INSERT
2
PKG_5
8
0
10
0
20
0
41
-1
0
TEXT
8
LABEL_INFO
10
0
20
0
40
0.875
1
1 0 1 1 0 1
72
1
73
1
11
0
21
0
41
0.75
7
W0$125
0
TEXT
8
LABEL_ATTRIBUTE
10
0
20
0
40
0.875
1
PartType
72
1
73
1
11
0
21
0
41
0.75
7
W0$125
0
TEXT
8
PART_TYPE_04
10
0
20
0
40
0.875
1
C1608
72
1
73
2
11
0
21
0
41
0.75
7
W0$125
0
TEXT
8
LABEL_INFO
10
2.2
20
0
40
0.875
1
1 0 0 1 0 1
73
1
11
2.2
21
0
41
0.75
7
W0$125
0
TEXT
8
LABEL_ATTRIBUTE
10
2.2
20
0
40
0.875
1
Ref.Des.
73
1
11
2.2
21
0
41
0.75
7
W0$125
0
TEXT
8
PART_NAME_04
10
2.2
20
0
40
0.875
1
C4
73
2
11
2.2
21
0
41
0.75
7
W0$125
0
TEXT
8
PART_INFO
10
2.2
20
-1.25
40
0.875
1
000000
71
2
73
2
11
2.2
21
-1.25
41
0.75
7
W0$125
0
TEXT
8
PART_PTS
10
2.2
20
-2.5
40
0.875
1
1 2 
71
2
73
2
11
2.2
21
-2.5
41
0.75
7
W0$125
0
ENDBLK
0
BLOCK
2
PART_BOT_39
8
0
10
0
20
0
3
PART_BOT_39
70
64
0
INSERT
2
SYM_BOT_9
8
0
10
0
20
0
0
INSERT
2
PKG_5
8
0
10
0
20
0
41
-1
0
TEXT
8
LABEL_INFO
10
0
20
0
40
0.875
1
1 0 1 1 0 1
72
1
73
1
11
0
21
0
41
0.75
7
W0$125
0
TEXT
8
LABEL_ATTRIBUTE
10
0
20
0
40
0.875
1
PartType
72
1
73
1
11
0
21
0
41
0.75
7
W0$125
0
TEXT
8
PART_TYPE_04
10
0
20
0
40
0.875
1
C1608
72
1
73
2
11
0
21
0
41
0.75
7
W0$125
0
TEXT
8
LABEL_INFO
10
-0.8
20
6.1
40
0.875
1
1 0 0 1 0 1
73
1
11
-0.8
21
6.1
41
0.75
7
W0$125
0
TEXT
8
LABEL_ATTRIBUTE
10
-0.8
20
6.1
40
0.875
1
Ref.Des.
73
1
11
-0.8
21
6.1
41
0.75
7
W0$125
0
TEXT
8
PART_NAME_04
10
-0.8
20
6.1
40
0.875
1
C40
73
2
11
-0.8
21
6.1
41
0.75
7
W0$125
0
TEXT
8
PART_INFO
10
-0.8
20
4.85
40
0.875
1
000000
71
2
73
2
11
-0.8
21
4.85
41
0.75
7
W0$125
0
TEXT
8
PART_PTS
10
-0.8
20
3.6
40
0.875
1
1 2 
71
2
73
2
11
-0.8
21
3.6
41
0.75
7
W0$125
0
ENDBLK
0
BLOCK
2
PART_BOT_40
8
0
10
0
20
0
3
PART_BOT_40
70
64
0
INSERT
2
SYM_BOT_9
8
0
10
0
20
0
0
INSERT
2
PKG_5
8
0
10
0
20
0
41
-1
0
TEXT
8
LABEL_INFO
10
0
20
0
40
0.875
1
1 0 1 1 0 1
72
1
73
1
11
0
21
0
41
0.75
7
W0$125
0
TEXT
8
LABEL_ATTRIBUTE
10
0
20
0
40
0.875
1
PartType
72
1
73
1
11
0
21
0
41
0.75
7
W0$125
0
TEXT
8
PART_TYPE_04
10
0
20
0
40
0.875
1
C1608
72
1
73
2
11
0
21
0
41
0.75
7
W0$125
0
TEXT
8
LABEL_INFO
10
2.2
20
0
40
0.875
1
1 0 0 1 0 1
73
1
11
2.2
21
0
41
0.75
7
W0$125
0
TEXT
8
LABEL_ATTRIBUTE
10
2.2
20
0
40
0.875
1
Ref.Des.
73
1
11
2.2
21
0
41
0.75
7
W0$125
0
TEXT
8
PART_NAME_04
10
2.2
20
0
40
0.875
1
C5
73
2
11
2.2
21
0
41
0.75
7
W0$125
0
TEXT
8
PART_INFO
10
2.2
20
-1.25
40
0.875
1
000000
71
2
73
2
11
2.2
21
-1.25
41
0.75
7
W0$125
0
TEXT
8
PART_PTS
10
2.2
20
-2.5
40
0.875
1
1 2 
71
2
73
2
11
2.2
21
-2.5
41
0.75
7
W0$125
0
ENDBLK
0
BLOCK
2
PART_BOT_41
8
0
10
0
20
0
3
PART_BOT_41
70
64
0
INSERT
2
SYM_BOT_9
8
0
10
0
20
0
0
INSERT
2
PKG_5
8
0
10
0
20
0
41
-1
0
TEXT
8
LABEL_INFO
10
0
20
0
40
0.875
1
1 0 1 1 0 1
72
1
73
1
11
0
21
0
41
0.75
7
W0$125
0
TEXT
8
LABEL_ATTRIBUTE
10
0
20
0
40
0.875
1
PartType
72
1
73
1
11
0
21
0
41
0.75
7
W0$125
0
TEXT
8
PART_TYPE_04
10
0
20
0
40
0.875
1
C1608
72
1
73
2
11
0
21
0
50
-180
41
0.75
7
W0$125
0
TEXT
8
LABEL_INFO
10
-2.6
20
0
40
0.875
1
1 324000000 0 1 0 1
73
1
11
-2.6
21
0
50
180
41
0.75
7
W0$125
0
TEXT
8
LABEL_ATTRIBUTE
10
-2.6
20
0
40
0.875
1
Ref.Des.
73
1
11
-2.6
21
0
50
180
41
0.75
7
W0$125
0
TEXT
8
PART_NAME_04
10
-2.6
20
0
40
0.875
1
C6
73
2
11
-2.6
21
0
50
-180
41
0.75
7
W0$125
0
TEXT
8
PART_INFO
10
-2.6
20
-1.25
40
0.875
1
000000
71
2
73
2
11
-2.6
21
-1.25
50
-180
41
0.75
7
W0$125
0
TEXT
8
PART_PTS
10
-2.6
20
-2.5
40
0.875
1
1 2 
71
2
73
2
11
-2.6
21
-2.5
50
-180
41
0.75
7
W0$125
0
ENDBLK
0
BLOCK
2
PART_BOT_42
8
0
10
0
20
0
3
PART_BOT_42
70
64
0
INSERT
2
SYM_BOT_9
8
0
10
0
20
0
0
INSERT
2
PKG_5
8
0
10
0
20
0
41
-1
0
TEXT
8
LABEL_INFO
10
0
20
0
40
0.875
1
1 0 1 1 0 1
72
1
73
1
11
0
21
0
41
0.75
7
W0$125
0
TEXT
8
LABEL_ATTRIBUTE
10
0
20
0
40
0.875
1
PartType
72
1
73
1
11
0
21
0
41
0.75
7
W0$125
0
TEXT
8
PART_TYPE_04
10
0
20
0
40
0.875
1
C1608
72
1
73
2
11
0
21
0
41
0.75
7
W0$125
0
TEXT
8
LABEL_INFO
10
-3.4
20
0.0999993333
40
0.875
1
1 0 0 1 0 1
73
1
11
-3.4
21
0.0999993333
41
0.75
7
W0$125
0
TEXT
8
LABEL_ATTRIBUTE
10
-3.4
20
0.0999993333
40
0.875
1
Ref.Des.
73
1
11
-3.4
21
0.0999993333
41
0.75
7
W0$125
0
TEXT
8
PART_NAME_04
10
-3.4
20
0.0999993333
40
0.875
1
C66
73
2
11
-3.4
21
0.0999993333
41
0.75
7
W0$125
0
TEXT
8
PART_INFO
10
-3.4
20
-1.1500006667
40
0.875
1
000000
71
2
73
2
11
-3.4
21
-1.1500006667
41
0.75
7
W0$125
0
TEXT
8
PART_PTS
10
-3.4
20
-2.4000006667
40
0.875
1
1 2 
71
2
73
2
11
-3.4
21
-2.4000006667
41
0.75
7
W0$125
0
ENDBLK
0
BLOCK
2
PART_TOP_43
8
0
10
0
20
0
3
PART_TOP_43
70
64
0
INSERT
2
SYM_TOP_9
8
0
10
0
20
0
0
INSERT
2
PKG_5
8
0
10
0
20
0
0
TEXT
8
LABEL_INFO
10
0
20
0
40
0.875
1
1 0 1 1 0 1
72
1
73
1
11
0
21
0
41
0.75
7
W0$125
0
TEXT
8
LABEL_ATTRIBUTE
10
0
20
0
40
0.875
1
PartType
72
1
73
1
11
0
21
0
41
0.75
7
W0$125
0
TEXT
8
PART_TYPE_01
10
0
20
0
40
0.875
1
C1608
72
1
73
2
11
0
21
0
41
0.75
7
W0$125
0
TEXT
8
LABEL_INFO
10
-1.3
20
1.2999993333
40
0.875
1
1 0 0 1 0 1
73
1
11
-1.3
21
1.2999993333
41
0.75
7
W0$125
0
TEXT
8
LABEL_ATTRIBUTE
10
-1.3
20
1.2999993333
40
0.875
1
Ref.Des.
73
1
11
-1.3
21
1.2999993333
41
0.75
7
W0$125
0
TEXT
8
PART_NAME_01
10
-1.3
20
1.2999993333
40
0.875
1
C67
73
2
11
-1.3
21
1.2999993333
41
0.75
7
W0$125
0
TEXT
8
PART_INFO
10
-1.3
20
0.0499993333
40
0.875
1
000000
73
2
11
-1.3
21
0.0499993333
41
0.75
7
W0$125
0
TEXT
8
PART_PTS
10
-1.3
20
-1.2000006667
40
0.875
1
1 2 
73
2
11
-1.3
21
-1.2000006667
41
0.75
7
W0$125
0
ENDBLK
0
BLOCK
2
PART_TOP_44
8
0
10
0
20
0
3
PART_TOP_44
70
64
0
INSERT
2
SYM_TOP_9
8
0
10
0
20
0
0
INSERT
2
PKG_5
8
0
10
0
20
0
0
TEXT
8
LABEL_INFO
10
0
20
0
40
0.875
1
1 0 1 1 0 1
72
1
73
1
11
0
21
0
41
0.75
7
W0$125
0
TEXT
8
LABEL_ATTRIBUTE
10
0
20
0
40
0.875
1
PartType
72
1
73
1
11
0
21
0
41
0.75
7
W0$125
0
TEXT
8
PART_TYPE_01
10
0
20
0
40
0.875
1
C1608
72
1
73
2
11
0
21
0
50
-180
41
0.75
7
W0$125
0
TEXT
8
LABEL_INFO
10
2.2
20
0.9
40
0.875
1
1 486000000 0 1 0 1
73
1
11
2.2
21
0.9
50
270
41
0.75
7
W0$125
0
TEXT
8
LABEL_ATTRIBUTE
10
2.2
20
0.9
40
0.875
1
Ref.Des.
73
1
11
2.2
21
0.9
50
270
41
0.75
7
W0$125
0
TEXT
8
PART_NAME_01
10
2.2
20
0.9
40
0.875
1
C68
73
2
11
2.2
21
0.9
50
-90
41
0.75
7
W0$125
0
TEXT
8
PART_INFO
10
2.2
20
-0.35
40
0.875
1
000000
73
2
11
2.2
21
-0.35
50
-90
41
0.75
7
W0$125
0
TEXT
8
PART_PTS
10
2.2
20
-1.6
40
0.875
1
1 2 
73
2
11
2.2
21
-1.6
50
-90
41
0.75
7
W0$125
0
ENDBLK
0
BLOCK
2
PART_TOP_45
8
0
10
0
20
0
3
PART_TOP_45
70
64
0
INSERT
2
SYM_TOP_9
8
0
10
0
20
0
0
INSERT
2
PKG_5
8
0
10
0
20
0
0
TEXT
8
LABEL_INFO
10
0
20
0
40
0.875
1
1 0 1 1 0 1
72
1
73
1
11
0
21
0
41
0.75
7
W0$125
0
TEXT
8
LABEL_ATTRIBUTE
10
0
20
0
40
0.875
1
PartType
72
1
73
1
11
0
21
0
41
0.75
7
W0$125
0
TEXT
8
PART_TYPE_01
10
0
20
0
40
0.875
1
C1608
72
1
73
2
11
0
21
0
50
-180
41
0.75
7
W0$125
0
TEXT
8
LABEL_INFO
10
0.9
20
-1.2999993333
40
0.875
1
1 324000000 0 1 0 1
73
1
11
0.9
21
-1.2999993333
50
180
41
0.75
7
W0$125
0
TEXT
8
LABEL_ATTRIBUTE
10
0.9
20
-1.2999993333
40
0.875
1
Ref.Des.
73
1
11
0.9
21
-1.2999993333
50
180
41
0.75
7
W0$125
0
TEXT
8
PART_NAME_01
10
0.9
20
-1.2999993333
40
0.875
1
C69
73
2
11
0.9
21
-1.2999993333
50
-180
41
0.75
7
W0$125
0
TEXT
8
PART_INFO
10
0.9
20
-2.5499993333
40
0.875
1
000000
73
2
11
0.9
21
-2.5499993333
50
-180
41
0.75
7
W0$125
0
TEXT
8
PART_PTS
10
0.9
20
-3.7999993333
40
0.875
1
1 2 
73
2
11
0.9
21
-3.7999993333
50
-180
41
0.75
7
W0$125
0
ENDBLK
0
BLOCK
2
PART_BOT_46
8
0
10
0
20
0
3
PART_BOT_46
70
64
0
INSERT
2
SYM_BOT_9
8
0
10
0
20
0
0
INSERT
2
PKG_5
8
0
10
0
20
0
41
-1
0
TEXT
8
LABEL_INFO
10
0
20
0
40
0.875
1
1 0 1 1 0 1
72
1
73
1
11
0
21
0
41
0.75
7
W0$125
0
TEXT
8
LABEL_ATTRIBUTE
10
0
20
0
40
0.875
1
PartType
72
1
73
1
11
0
21
0
41
0.75
7
W0$125
0
TEXT
8
PART_TYPE_04
10
0
20
0
40
0.875
1
C1608
72
1
73
2
11
0
21
0
50
-180
41
0.75
7
W0$125
0
TEXT
8
LABEL_INFO
10
0.5
20
-1.4
40
0.875
1
1 324000000 0 1 0 1
73
1
11
0.5
21
-1.4
50
180
41
0.75
7
W0$125
0
TEXT
8
LABEL_ATTRIBUTE
10
0.5
20
-1.4
40
0.875
1
Ref.Des.
73
1
11
0.5
21
-1.4
50
180
41
0.75
7
W0$125
0
TEXT
8
PART_NAME_04
10
0.5
20
-1.4
40
0.875
1
C7
73
2
11
0.5
21
-1.4
50
-180
41
0.75
7
W0$125
0
TEXT
8
PART_INFO
10
0.5
20
-2.65
40
0.875
1
000000
71
2
73
2
11
0.5
21
-2.65
50
-180
41
0.75
7
W0$125
0
TEXT
8
PART_PTS
10
0.5
20
-3.9
40
0.875
1
1 2 
71
2
73
2
11
0.5
21
-3.9
50
-180
41
0.75
7
W0$125
0
ENDBLK
0
BLOCK
2
PART_TOP_47
8
0
10
0
20
0
3
PART_TOP_47
70
64
0
INSERT
2
SYM_TOP_9
8
0
10
0
20
0
0
INSERT
2
PKG_5
8
0
10
0
20
0
0
TEXT
8
LABEL_INFO
10
0
20
0
40
0.875
1
1 0 1 1 0 1
72
1
73
1
11
0
21
0
41
0.75
7
W0$125
0
TEXT
8
LABEL_ATTRIBUTE
10
0
20
0
40
0.875
1
PartType
72
1
73
1
11
0
21
0
41
0.75
7
W0$125
0
TEXT
8
PART_TYPE_01
10
0
20
0
40
0.875
1
C1608
72
1
73
2
11
0
21
0
41
0.75
7
W0$125
0
TEXT
8
LABEL_INFO
10
2.2
20
1.1
40
0.875
1
1 486000000 0 1 0 1
73
1
11
2.2
21
1.1
50
270
41
0.75
7
W0$125
0
TEXT
8
LABEL_ATTRIBUTE
10
2.2
20
1.1
40
0.875
1
Ref.Des.
73
1
11
2.2
21
1.1
50
270
41
0.75
7
W0$125
0
TEXT
8
PART_NAME_01
10
2.2
20
1.1
40
0.875
1
C70
73
2
11
2.2
21
1.1
50
-90
41
0.75
7
W0$125
0
TEXT
8
PART_INFO
10
2.2
20
-0.15
40
0.875
1
000000
73
2
11
2.2
21
-0.15
50
-90
41
0.75
7
W0$125
0
TEXT
8
PART_PTS
10
2.2
20
-1.4
40
0.875
1
1 2 
73
2
11
2.2
21
-1.4
50
-90
41
0.75
7
W0$125
0
ENDBLK
0
BLOCK
2
PART_TOP_48
8
0
10
0
20
0
3
PART_TOP_48
70
64
0
INSERT
2
SYM_TOP_9
8
0
10
0
20
0
0
INSERT
2
PKG_5
8
0
10
0
20
0
0
TEXT
8
LABEL_INFO
10
0
20
0
40
0.875
1
1 0 1 1 0 1
72
1
73
1
11
0
21
0
41
0.75
7
W0$125
0
TEXT
8
LABEL_ATTRIBUTE
10
0
20
0
40
0.875
1
PartType
72
1
73
1
11
0
21
0
41
0.75
7
W0$125
0
TEXT
8
PART_TYPE_01
10
0
20
0
40
0.875
1
C1608
72
1
73
2
11
0
21
0
41
0.75
7
W0$125
0
TEXT
8
LABEL_INFO
10
-3.3
20
0.1
40
0.875
1
1 0 0 1 0 1
73
1
11
-3.3
21
0.1
41
0.75
7
W0$125
0
TEXT
8
LABEL_ATTRIBUTE
10
-3.3
20
0.1
40
0.875
1
Ref.Des.
73
1
11
-3.3
21
0.1
41
0.75
7
W0$125
0
TEXT
8
PART_NAME_01
10
-3.3
20
0.1
40
0.875
1
C71
73
2
11
-3.3
21
0.1
41
0.75
7
W0$125
0
TEXT
8
PART_INFO
10
-3.3
20
-1.15
40
0.875
1
000000
73
2
11
-3.3
21
-1.15
41
0.75
7
W0$125
0
TEXT
8
PART_PTS
10
-3.3
20
-2.4
40
0.875
1
1 2 
73
2
11
-3.3
21
-2.4
41
0.75
7
W0$125
0
ENDBLK
0
BLOCK
2
PART_TOP_49
8
0
10
0
20
0
3
PART_TOP_49
70
64
0
INSERT
2
SYM_TOP_9
8
0
10
0
20
0
0
INSERT
2
PKG_5
8
0
10
0
20
0
0
TEXT
8
LABEL_INFO
10
0
20
0
40
0.875
1
1 0 1 1 0 1
72
1
73
1
11
0
21
0
41
0.75
7
W0$125
0
TEXT
8
LABEL_ATTRIBUTE
10
0
20
0
40
0.875
1
PartType
72
1
73
1
11
0
21
0
41
0.75
7
W0$125
0
TEXT
8
PART_TYPE_01
10
0
20
0
40
0.875
1
C1608
72
1
73
2
11
0
21
0
41
0.75
7
W0$125
0
TEXT
8
LABEL_INFO
10
-3.4
20
0.1
40
0.875
1
1 0 0 1 0 1
73
1
11
-3.4
21
0.1
41
0.75
7
W0$125
0
TEXT
8
LABEL_ATTRIBUTE
10
-3.4
20
0.1
40
0.875
1
Ref.Des.
73
1
11
-3.4
21
0.1
41
0.75
7
W0$125
0
TEXT
8
PART_NAME_01
10
-3.4
20
0.1
40
0.875
1
C73
73
2
11
-3.4
21
0.1
41
0.75
7
W0$125
0
TEXT
8
PART_INFO
10
-3.4
20
-1.15
40
0.875
1
000000
73
2
11
-3.4
21
-1.15
41
0.75
7
W0$125
0
TEXT
8
PART_PTS
10
-3.4
20
-2.4
40
0.875
1
1 2 
73
2
11
-3.4
21
-2.4
41
0.75
7
W0$125
0
ENDBLK
0
BLOCK
2
PART_TOP_50
8
0
10
0
20
0
3
PART_TOP_50
70
64
0
INSERT
2
SYM_TOP_9
8
0
10
0
20
0
0
INSERT
2
PKG_5
8
0
10
0
20
0
0
TEXT
8
LABEL_INFO
10
0
20
0
40
0.875
1
1 0 1 1 0 1
72
1
73
1
11
0
21
0
41
0.75
7
W0$125
0
TEXT
8
LABEL_ATTRIBUTE
10
0
20
0
40
0.875
1
PartType
72
1
73
1
11
0
21
0
41
0.75
7
W0$125
0
TEXT
8
PART_TYPE_01
10
0
20
0
40
0.875
1
C1608
72
1
73
2
11
0
21
0
50
-180
41
0.75
7
W0$125
0
TEXT
8
LABEL_INFO
10
-0.8
20
1.2999993333
40
0.875
1
1 324000000 0 1 0 1
73
1
11
-0.8
21
1.2999993333
50
180
41
0.75
7
W0$125
0
TEXT
8
LABEL_ATTRIBUTE
10
-0.8
20
1.2999993333
40
0.875
1
Ref.Des.
73
1
11
-0.8
21
1.2999993333
50
180
41
0.75
7
W0$125
0
TEXT
8
PART_NAME_01
10
-0.8
20
1.2999993333
40
0.875
1
C74
73
2
11
-0.8
21
1.2999993333
50
-180
41
0.75
7
W0$125
0
TEXT
8
PART_INFO
10
-0.8
20
0.0499993333
40
0.875
1
000000
73
2
11
-0.8
21
0.0499993333
50
-180
41
0.75
7
W0$125
0
TEXT
8
PART_PTS
10
-0.8
20
-1.2000006667
40
0.875
1
1 2 
73
2
11
-0.8
21
-1.2000006667
50
-180
41
0.75
7
W0$125
0
ENDBLK
0
BLOCK
2
PART_TOP_51
8
0
10
0
20
0
3
PART_TOP_51
70
64
0
INSERT
2
SYM_TOP_9
8
0
10
0
20
0
0
INSERT
2
PKG_5
8
0
10
0
20
0
0
TEXT
8
LABEL_INFO
10
0
20
0
40
0.875
1
1 0 1 1 0 1
72
1
73
1
11
0
21
0
41
0.75
7
W0$125
0
TEXT
8
LABEL_ATTRIBUTE
10
0
20
0
40
0.875
1
PartType
72
1
73
1
11
0
21
0
41
0.75
7
W0$125
0
TEXT
8
PART_TYPE_01
10
0
20
0
40
0.875
1
C1608
72
1
73
2
11
0
21
0
50
-180
41
0.75
7
W0$125
0
TEXT
8
LABEL_INFO
10
-2
20
0.7999993333
40
0.875
1
1 486000000 0 1 0 1
73
1
11
-2
21
0.7999993333
50
270
41
0.75
7
W0$125
0
TEXT
8
LABEL_ATTRIBUTE
10
-2
20
0.7999993333
40
0.875
1
Ref.Des.
73
1
11
-2
21
0.7999993333
50
270
41
0.75
7
W0$125
0
TEXT
8
PART_NAME_01
10
-2
20
0.7999993333
40
0.875
1
C75
73
2
11
-2
21
0.7999993333
50
-90
41
0.75
7
W0$125
0
TEXT
8
PART_INFO
10
-2
20
-0.4500006667
40
0.875
1
000000
73
2
11
-2
21
-0.4500006667
50
-90
41
0.75
7
W0$125
0
TEXT
8
PART_PTS
10
-2
20
-1.7000006667
40
0.875
1
1 2 
73
2
11
-2
21
-1.7000006667
50
-90
41
0.75
7
W0$125
0
ENDBLK
0
BLOCK
2
PART_TOP_52
8
0
10
0
20
0
3
PART_TOP_52
70
64
0
INSERT
2
SYM_TOP_9
8
0
10
0
20
0
0
INSERT
2
PKG_5
8
0
10
0
20
0
0
TEXT
8
LABEL_INFO
10
0
20
0
40
0.875
1
1 0 1 1 0 1
72
1
73
1
11
0
21
0
41
0.75
7
W0$125
0
TEXT
8
LABEL_ATTRIBUTE
10
0
20
0
40
0.875
1
PartType
72
1
73
1
11
0
21
0
41
0.75
7
W0$125
0
TEXT
8
PART_TYPE_01
10
0
20
0
40
0.875
1
C1608
72
1
73
2
11
0
21
0
41
0.75
7
W0$125
0
TEXT
8
LABEL_INFO
10
2.1
20
0.1
40
0.875
1
1 0 0 1 0 1
73
1
11
2.1
21
0.1
41
0.75
7
W0$125
0
TEXT
8
LABEL_ATTRIBUTE
10
2.1
20
0.1
40
0.875
1
Ref.Des.
73
1
11
2.1
21
0.1
41
0.75
7
W0$125
0
TEXT
8
PART_NAME_01
10
2.1
20
0.1
40
0.875
1
C8
73
2
11
2.1
21
0.1
41
0.75
7
W0$125
0
TEXT
8
PART_INFO
10
2.1
20
-1.15
40
0.875
1
000000
73
2
11
2.1
21
-1.15
41
0.75
7
W0$125
0
TEXT
8
PART_PTS
10
2.1
20
-2.4
40
0.875
1
1 2 
73
2
11
2.1
21
-2.4
41
0.75
7
W0$125
0
ENDBLK
0
BLOCK
2
PART_TOP_53
8
0
10
0
20
0
3
PART_TOP_53
70
64
0
INSERT
2
SYM_TOP_9
8
0
10
0
20
0
0
INSERT
2
PKG_5
8
0
10
0
20
0
0
TEXT
8
LABEL_INFO
10
0
20
0
40
0.875
1
1 0 1 1 0 1
72
1
73
1
11
0
21
0
41
0.75
7
W0$125
0
TEXT
8
LABEL_ATTRIBUTE
10
0
20
0
40
0.875
1
PartType
72
1
73
1
11
0
21
0
41
0.75
7
W0$125
0
TEXT
8
PART_TYPE_01
10
0
20
0
40
0.875
1
C1608
72
1
73
2
11
0
21
0
50
-180
41
0.75
7
W0$125
0
TEXT
8
LABEL_INFO
10
0.5999993333
20
1.2
40
0.875
1
1 324000000 0 1 0 1
73
1
11
0.5999993333
21
1.2
50
180
41
0.75
7
W0$125
0
TEXT
8
LABEL_ATTRIBUTE
10
0.5999993333
20
1.2
40
0.875
1
Ref.Des.
73
1
11
0.5999993333
21
1.2
50
180
41
0.75
7
W0$125
0
TEXT
8
PART_NAME_01
10
0.5999993333
20
1.2
40
0.875
1
C9
73
2
11
0.5999993333
21
1.2
50
-180
41
0.75
7
W0$125
0
TEXT
8
PART_INFO
10
0.5999993333
20
-0.05
40
0.875
1
000000
73
2
11
0.5999993333
21
-0.05
50
-180
41
0.75
7
W0$125
0
TEXT
8
PART_PTS
10
0.5999993333
20
-1.3
40
0.875
1
1 2 
73
2
11
0.5999993333
21
-1.3
50
-180
41
0.75
7
W0$125
0
ENDBLK
0
BLOCK
2
PART_TOP_54
8
0
10
0
20
0
3
PART_TOP_54
70
64
0
INSERT
2
SYM_TOP_10
8
0
10
0
20
0
0
INSERT
2
PKG_6
8
0
10
0
20
0
0
TEXT
8
LABEL_INFO
10
-2.1
20
3.3
40
1.778
1
0 0 0 0 0 1
41
0.75
7
W0$254
0
TEXT
8
LABEL_ATTRIBUTE
10
-2.1
20
3.3
40
1.778
1
PartType
41
0.75
7
W0$254
0
TEXT
8
PART_TYPE_01
10
-2.1
20
3.3
40
1.778
1
C3216
41
0.75
7
W0$254
0
TEXT
8
LABEL_INFO
10
-2
20
1.8
40
0.875
1
1 0 0 1 0 1
73
1
11
-2
21
1.8
41
0.75
7
W0$125
0
TEXT
8
LABEL_ATTRIBUTE
10
-2
20
1.8
40
0.875
1
Ref.Des.
73
1
11
-2
21
1.8
41
0.75
7
W0$125
0
TEXT
8
PART_NAME_01
10
-2
20
1.8
40
0.875
1
C63
73
2
11
-2
21
1.8
41
0.75
7
W0$125
0
TEXT
8
PART_INFO
10
-2
20
0.55
40
0.875
1
000000
73
2
11
-2
21
0.55
41
0.75
7
W0$125
0
TEXT
8
PART_PTS
10
-2
20
-0.7
40
0.875
1
1 2 
73
2
11
-2
21
-0.7
41
0.75
7
W0$125
0
ENDBLK
0
BLOCK
2
PART_TOP_55
8
0
10
0
20
0
3
PART_TOP_55
70
64
0
INSERT
2
SYM_TOP_10
8
0
10
0
20
0
0
INSERT
2
PKG_6
8
0
10
0
20
0
0
TEXT
8
LABEL_INFO
10
-2.1
20
3.3
40
1.778
1
0 0 0 0 0 1
41
0.75
7
W0$254
0
TEXT
8
LABEL_ATTRIBUTE
10
-2.1
20
3.3
40
1.778
1
PartType
41
0.75
7
W0$254
0
TEXT
8
PART_TYPE_01
10
-2.1
20
3.3
40
1.778
1
C3216
41
0.75
7
W0$254
0
TEXT
8
LABEL_INFO
10
4.2
20
-0.1999993333
40
0.875
1
1 324000000 0 1 0 1
73
1
11
4.2
21
-0.1999993333
50
180
41
0.75
7
W0$125
0
TEXT
8
LABEL_ATTRIBUTE
10
4.2
20
-0.1999993333
40
0.875
1
Ref.Des.
73
1
11
4.2
21
-0.1999993333
50
180
41
0.75
7
W0$125
0
TEXT
8
PART_NAME_01
10
4.2
20
-0.1999993333
40
0.875
1
C64
73
2
11
4.2
21
-0.1999993333
50
-180
41
0.75
7
W0$125
0
TEXT
8
PART_INFO
10
4.2
20
-1.4499993333
40
0.875
1
000000
73
2
11
4.2
21
-1.4499993333
50
-180
41
0.75
7
W0$125
0
TEXT
8
PART_PTS
10
4.2
20
-2.6999993333
40
0.875
1
1 2 
73
2
11
4.2
21
-2.6999993333
50
-180
41
0.75
7
W0$125
0
ENDBLK
0
BLOCK
2
PART_TOP_56
8
0
10
0
20
0
3
PART_TOP_56
70
64
0
INSERT
2
SYM_TOP_10
8
0
10
0
20
0
0
INSERT
2
PKG_6
8
0
10
0
20
0
0
TEXT
8
LABEL_INFO
10
-2.1
20
3.3
40
1.778
1
0 0 0 0 0 1
41
0.75
7
W0$254
0
TEXT
8
LABEL_ATTRIBUTE
10
-2.1
20
3.3
40
1.778
1
PartType
41
0.75
7
W0$254
0
TEXT
8
PART_TYPE_01
10
-2.1
20
3.3
40
1.778
1
C3216
41
0.75
7
W0$254
0
TEXT
8
LABEL_INFO
10
-0.9
20
-1.7
40
0.875
1
1 0 0 1 0 1
73
1
11
-0.9
21
-1.7
41
0.75
7
W0$125
0
TEXT
8
LABEL_ATTRIBUTE
10
-0.9
20
-1.7
40
0.875
1
Ref.Des.
73
1
11
-0.9
21
-1.7
41
0.75
7
W0$125
0
TEXT
8
PART_NAME_01
10
-0.9
20
-1.7
40
0.875
1
C72
73
2
11
-0.9
21
-1.7
41
0.75
7
W0$125
0
TEXT
8
PART_INFO
10
-0.9
20
-2.95
40
0.875
1
000000
73
2
11
-0.9
21
-2.95
41
0.75
7
W0$125
0
TEXT
8
PART_PTS
10
-0.9
20
-4.2
40
0.875
1
1 2 
73
2
11
-0.9
21
-4.2
41
0.75
7
W0$125
0
ENDBLK
0
BLOCK
2
PART_TOP_57
8
0
10
0
20
0
3
PART_TOP_57
70
64
0
INSERT
2
SYM_TOP_11
8
0
10
0
20
0
0
INSERT
2
PKG_7
8
0
10
0
20
0
0
TEXT
8
LABEL_INFO
10
0.4999993333
20
1.6
40
0.875
1
1 324000000 0 1 0 1
73
1
11
0.4999993333
21
1.6
50
180
41
0.75
7
W0$125
0
TEXT
8
LABEL_ATTRIBUTE
10
0.4999993333
20
1.6
40
0.875
1
Ref.Des.
73
1
11
0.4999993333
21
1.6
50
180
41
0.75
7
W0$125
0
TEXT
8
PART_NAME_01
10
0.4999993333
20
1.6
40
0.875
1
Y1
73
2
11
0.4999993333
21
1.6
50
-180
41
0.75
7
W0$125
0
TEXT
8
LABEL_INFO
10
0
20
2
40
0.7
1
0 0 1 2 0 1
72
1
73
2
11
0
21
2
41
0.75
7
W0$1
0
TEXT
8
LABEL_ATTRIBUTE
10
0
20
2
40
0.7
1
PartType
72
1
73
2
11
0
21
2
41
0.75
7
W0$1
0
TEXT
8
PART_TYPE_01
10
0
20
2
40
0.7
1
CS-3215
72
1
73
3
11
0
21
2
41
0.75
7
W0$1
0
TEXT
8
PART_INFO
10
0
20
1
40
0.7
1
000000
72
1
73
3
11
0
21
1
41
0.75
7
W0$1
0
TEXT
8
PART_PTS
10
0
20
0
40
0.7
1
1 2 
72
1
73
3
11
0
21
0
41
0.75
7
W0$1
0
ENDBLK
0
BLOCK
2
PART_BOT_58
8
0
10
0
20
0
3
PART_BOT_58
70
64
0
INSERT
2
SYM_BOT_12
8
0
10
0
20
0
0
INSERT
2
PKG_8
8
0
10
0
20
0
41
-1
0
TEXT
8
LABEL_INFO
10
0
20
0
40
0.875
1
1 0 1 1 0 1
72
1
73
1
11
0
21
0
41
0.75
7
W0$125
0
TEXT
8
LABEL_ATTRIBUTE
10
0
20
0
40
0.875
1
PartType
72
1
73
1
11
0
21
0
41
0.75
7
W0$125
0
TEXT
8
PART_TYPE_04
10
0
20
0
40
0.875
1
D1608
72
1
73
2
11
0
21
0
50
-180
41
0.75
7
W0$125
0
TEXT
8
LABEL_INFO
10
3.5
20
-0.6999993333
40
0.875
1
1 486000000 0 1 0 1
73
1
11
3.5
21
-0.6999993333
50
270
41
0.75
7
W0$125
0
TEXT
8
LABEL_ATTRIBUTE
10
3.5
20
-0.6999993333
40
0.875
1
Ref.Des.
73
1
11
3.5
21
-0.6999993333
50
270
41
0.75
7
W0$125
0
TEXT
8
PART_NAME_04
10
3.5
20
-0.6999993333
40
0.875
1
VA1
73
2
11
3.5
21
-0.6999993333
50
-90
41
0.75
7
W0$125
0
TEXT
8
PART_INFO
10
3.5
20
-1.9499993333
40
0.875
1
000000
71
2
73
2
11
3.5
21
-1.9499993333
50
-90
41
0.75
7
W0$125
0
TEXT
8
PART_PTS
10
3.5
20
-3.1999993333
40
0.875
1
1 2 
71
2
73
2
11
3.5
21
-3.1999993333
50
-90
41
0.75
7
W0$125
0
ENDBLK
0
BLOCK
2
PART_TOP_59
8
0
10
0
20
0
3
PART_TOP_59
70
64
0
INSERT
2
SYM_TOP_12
8
0
10
0
20
0
0
INSERT
2
PKG_8
8
0
10
0
20
0
0
TEXT
8
LABEL_INFO
10
0
20
0
40
0.875
1
1 0 1 1 0 1
72
1
73
1
11
0
21
0
41
0.75
7
W0$125
0
TEXT
8
LABEL_ATTRIBUTE
10
0
20
0
40
0.875
1
PartType
72
1
73
1
11
0
21
0
41
0.75
7
W0$125
0
TEXT
8
PART_TYPE_01
10
0
20
0
40
0.875
1
D1608
72
1
73
2
11
0
21
0
50
-180
41
0.75
7
W0$125
0
TEXT
8
LABEL_INFO
10
-1.7
20
-1
40
0.875
1
1 324000000 0 1 0 1
73
1
11
-1.7
21
-1
50
180
41
0.75
7
W0$125
0
TEXT
8
LABEL_ATTRIBUTE
10
-1.7
20
-1
40
0.875
1
Ref.Des.
73
1
11
-1.7
21
-1
50
180
41
0.75
7
W0$125
0
TEXT
8
PART_NAME_01
10
-1.7
20
-1
40
0.875
1
VA2
73
2
11
-1.7
21
-1
50
-180
41
0.75
7
W0$125
0
TEXT
8
PART_INFO
10
-1.7
20
-2.25
40
0.875
1
000000
73
2
11
-1.7
21
-2.25
50
-180
41
0.75
7
W0$125
0
TEXT
8
PART_PTS
10
-1.7
20
-3.5
40
0.875
1
1 2 
73
2
11
-1.7
21
-3.5
50
-180
41
0.75
7
W0$125
0
ENDBLK
0
BLOCK
2
PART_BOT_60
8
0
10
0
20
0
3
PART_BOT_60
70
64
0
INSERT
2
SYM_BOT_12
8
0
10
0
20
0
0
INSERT
2
PKG_8
8
0
10
0
20
0
41
-1
0
TEXT
8
LABEL_INFO
10
0
20
0
40
0.875
1
1 0 1 1 0 1
72
1
73
1
11
0
21
0
41
0.75
7
W0$125
0
TEXT
8
LABEL_ATTRIBUTE
10
0
20
0
40
0.875
1
PartType
72
1
73
1
11
0
21
0
41
0.75
7
W0$125
0
TEXT
8
PART_TYPE_04
10
0
20
0
40
0.875
1
D1608
72
1
73
2
11
0
21
0
41
0.75
7
W0$125
0
TEXT
8
LABEL_INFO
10
-1.3
20
-1
40
0.875
1
1 162000000 0 1 0 1
73
1
11
-1.3
21
-1
50
90
41
0.75
7
W0$125
0
TEXT
8
LABEL_ATTRIBUTE
10
-1.3
20
-1
40
0.875
1
Ref.Des.
73
1
11
-1.3
21
-1
50
90
41
0.75
7
W0$125
0
TEXT
8
PART_NAME_04
10
-1.3
20
-1
40
0.875
1
VA3
73
2
11
-1.3
21
-1
50
90
41
0.75
7
W0$125
0
TEXT
8
PART_INFO
10
-1.3
20
-2.25
40
0.875
1
000000
71
2
73
2
11
-1.3
21
-2.25
50
90
41
0.75
7
W0$125
0
TEXT
8
PART_PTS
10
-1.3
20
-3.5
40
0.875
1
1 2 
71
2
73
2
11
-1.3
21
-3.5
50
90
41
0.75
7
W0$125
0
ENDBLK
0
BLOCK
2
PART_TOP_61
8
0
10
0
20
0
3
PART_TOP_61
70
64
0
INSERT
2
SYM_TOP_12
8
0
10
0
20
0
0
INSERT
2
PKG_8
8
0
10
0
20
0
0
TEXT
8
LABEL_INFO
10
0
20
0
40
0.875
1
1 0 1 1 0 1
72
1
73
1
11
0
21
0
41
0.75
7
W0$125
0
TEXT
8
LABEL_ATTRIBUTE
10
0
20
0
40
0.875
1
PartType
72
1
73
1
11
0
21
0
41
0.75
7
W0$125
0
TEXT
8
PART_TYPE_01
10
0
20
0
40
0.875
1
D1608
72
1
73
2
11
0
21
0
50
-180
41
0.75
7
W0$125
0
TEXT
8
LABEL_INFO
10
-0.0999993333
20
-3.4
40
0.875
1
1 162000000 0 1 0 1
73
1
11
-0.0999993333
21
-3.4
50
90
41
0.75
7
W0$125
0
TEXT
8
LABEL_ATTRIBUTE
10
-0.0999993333
20
-3.4
40
0.875
1
Ref.Des.
73
1
11
-0.0999993333
21
-3.4
50
90
41
0.75
7
W0$125
0
TEXT
8
PART_NAME_01
10
-0.0999993333
20
-3.4
40
0.875
1
VA4
73
2
11
-0.0999993333
21
-3.4
50
-270
41
0.75
7
W0$125
0
TEXT
8
PART_INFO
10
-0.0999993333
20
-4.65
40
0.875
1
000000
73
2
11
-0.0999993333
21
-4.65
50
-270
41
0.75
7
W0$125
0
TEXT
8
PART_PTS
10
-0.0999993333
20
-5.9
40
0.875
1
1 2 
73
2
11
-0.0999993333
21
-5.9
50
-270
41
0.75
7
W0$125
0
ENDBLK
0
BLOCK
2
PART_BOT_62
8
0
10
0
20
0
3
PART_BOT_62
70
64
0
INSERT
2
SYM_BOT_13
8
0
10
0
20
0
0
INSERT
2
PKG_9
8
0
10
0
20
0
41
-1
0
TEXT
8
LABEL_INFO
10
0
20
0
40
0.875
1
1 0 1 1 0 1
72
1
73
1
11
0
21
0
41
0.75
7
W0$125
0
TEXT
8
LABEL_ATTRIBUTE
10
0
20
0
40
0.875
1
PartType
72
1
73
1
11
0
21
0
41
0.75
7
W0$125
0
TEXT
8
PART_TYPE_04
10
0
20
0
40
0.875
1
L1608
72
1
73
2
11
0
21
0
50
-180
41
0.75
7
W0$125
0
TEXT
8
LABEL_INFO
10
-2.6
20
0
40
0.875
1
1 324000000 0 1 0 1
73
1
11
-2.6
21
0
50
180
41
0.75
7
W0$125
0
TEXT
8
LABEL_ATTRIBUTE
10
-2.6
20
0
40
0.875
1
Ref.Des.
73
1
11
-2.6
21
0
50
180
41
0.75
7
W0$125
0
TEXT
8
PART_NAME_04
10
-2.6
20
0
40
0.875
1
BD1
73
2
11
-2.6
21
0
50
-180
41
0.75
7
W0$125
0
TEXT
8
PART_INFO
10
-2.6
20
-1.25
40
0.875
1
000000
71
2
73
2
11
-2.6
21
-1.25
50
-180
41
0.75
7
W0$125
0
TEXT
8
PART_PTS
10
-2.6
20
-2.5
40
0.875
1
1 2 
71
2
73
2
11
-2.6
21
-2.5
50
-180
41
0.75
7
W0$125
0
ENDBLK
0
BLOCK
2
PART_BOT_63
8
0
10
0
20
0
3
PART_BOT_63
70
64
0
INSERT
2
SYM_BOT_13
8
0
10
0
20
0
0
INSERT
2
PKG_9
8
0
10
0
20
0
41
-1
0
TEXT
8
LABEL_INFO
10
0
20
0
40
0.875
1
1 0 1 1 0 1
72
1
73
1
11
0
21
0
41
0.75
7
W0$125
0
TEXT
8
LABEL_ATTRIBUTE
10
0
20
0
40
0.875
1
PartType
72
1
73
1
11
0
21
0
41
0.75
7
W0$125
0
TEXT
8
PART_TYPE_04
10
0
20
0
40
0.875
1
L1608
72
1
73
2
11
0
21
0
41
0.75
7
W0$125
0
TEXT
8
LABEL_INFO
10
-0.9
20
1.5
40
0.875
1
1 0 0 1 0 1
73
1
11
-0.9
21
1.5
41
0.75
7
W0$125
0
TEXT
8
LABEL_ATTRIBUTE
10
-0.9
20
1.5
40
0.875
1
Ref.Des.
73
1
11
-0.9
21
1.5
41
0.75
7
W0$125
0
TEXT
8
PART_NAME_04
10
-0.9
20
1.5
40
0.875
1
BD10
73
2
11
-0.9
21
1.5
41
0.75
7
W0$125
0
TEXT
8
PART_INFO
10
-0.9
20
0.25
40
0.875
1
000000
71
2
73
2
11
-0.9
21
0.25
41
0.75
7
W0$125
0
TEXT
8
PART_PTS
10
-0.9
20
-1
40
0.875
1
1 
71
2
73
2
11
-0.9
21
-1
41
0.75
7
W0$125
0
ENDBLK
0
BLOCK
2
PART_BOT_64
8
0
10
0
20
0
3
PART_BOT_64
70
64
0
INSERT
2
SYM_BOT_13
8
0
10
0
20
0
0
INSERT
2
PKG_9
8
0
10
0
20
0
41
-1
0
TEXT
8
LABEL_INFO
10
0
20
0
40
0.875
1
1 0 1 1 0 1
72
1
73
1
11
0
21
0
41
0.75
7
W0$125
0
TEXT
8
LABEL_ATTRIBUTE
10
0
20
0
40
0.875
1
PartType
72
1
73
1
11
0
21
0
41
0.75
7
W0$125
0
TEXT
8
PART_TYPE_04
10
0
20
0
40
0.875
1
L1608
72
1
73
2
11
0
21
0
41
0.75
7
W0$125
0
TEXT
8
LABEL_INFO
10
-0.9
20
-1.4
40
0.875
1
1 0 0 1 0 1
73
1
11
-0.9
21
-1.4
41
0.75
7
W0$125
0
TEXT
8
LABEL_ATTRIBUTE
10
-0.9
20
-1.4
40
0.875
1
Ref.Des.
73
1
11
-0.9
21
-1.4
41
0.75
7
W0$125
0
TEXT
8
PART_NAME_04
10
-0.9
20
-1.4
40
0.875
1
BD11
73
2
11
-0.9
21
-1.4
41
0.75
7
W0$125
0
TEXT
8
PART_INFO
10
-0.9
20
-2.65
40
0.875
1
000000
71
2
73
2
11
-0.9
21
-2.65
41
0.75
7
W0$125
0
TEXT
8
PART_PTS
10
-0.9
20
-3.9
40
0.875
1
1 
71
2
73
2
11
-0.9
21
-3.9
41
0.75
7
W0$125
0
ENDBLK
0
BLOCK
2
PART_TOP_65
8
0
10
0
20
0
3
PART_TOP_65
70
64
0
INSERT
2
SYM_TOP_13
8
0
10
0
20
0
0
INSERT
2
PKG_9
8
0
10
0
20
0
0
TEXT
8
LABEL_INFO
10
0
20
0
40
0.875
1
1 0 1 1 0 1
72
1
73
1
11
0
21
0
41
0.75
7
W0$125
0
TEXT
8
LABEL_ATTRIBUTE
10
0
20
0
40
0.875
1
PartType
72
1
73
1
11
0
21
0
41
0.75
7
W0$125
0
TEXT
8
PART_TYPE_01
10
0
20
0
40
0.875
1
L1608
72
1
73
2
11
0
21
0
41
0.75
7
W0$125
0
TEXT
8
LABEL_INFO
10
1.7
20
0.1
40
0.875
1
1 0 0 1 0 1
73
1
11
1.7
21
0.1
41
0.75
7
W0$125
0
TEXT
8
LABEL_ATTRIBUTE
10
1.7
20
0.1
40
0.875
1
Ref.Des.
73
1
11
1.7
21
0.1
41
0.75
7
W0$125
0
TEXT
8
PART_NAME_01
10
1.7
20
0.1
40
0.875
1
BD2
73
2
11
1.7
21
0.1
41
0.75
7
W0$125
0
TEXT
8
PART_INFO
10
1.7
20
-1.15
40
0.875
1
000000
73
2
11
1.7
21
-1.15
41
0.75
7
W0$125
0
TEXT
8
PART_PTS
10
1.7
20
-2.4
40
0.875
1
1 2 
73
2
11
1.7
21
-2.4
41
0.75
7
W0$125
0
ENDBLK
0
BLOCK
2
PART_TOP_66
8
0
10
0
20
0
3
PART_TOP_66
70
64
0
INSERT
2
SYM_TOP_13
8
0
10
0
20
0
0
INSERT
2
PKG_9
8
0
10
0
20
0
0
TEXT
8
LABEL_INFO
10
0
20
0
40
0.875
1
1 0 1 1 0 1
72
1
73
1
11
0
21
0
41
0.75
7
W0$125
0
TEXT
8
LABEL_ATTRIBUTE
10
0
20
0
40
0.875
1
PartType
72
1
73
1
11
0
21
0
41
0.75
7
W0$125
0
TEXT
8
PART_TYPE_01
10
0
20
0
40
0.875
1
L1608
72
1
73
2
11
0
21
0
41
0.75
7
W0$125
0
TEXT
8
LABEL_INFO
10
-2
20
-1.2
40
0.875
1
1 0 0 1 0 1
73
1
11
-2
21
-1.2
41
0.75
7
W0$125
0
TEXT
8
LABEL_ATTRIBUTE
10
-2
20
-1.2
40
0.875
1
Ref.Des.
73
1
11
-2
21
-1.2
41
0.75
7
W0$125
0
TEXT
8
PART_NAME_01
10
-2
20
-1.2
40
0.875
1
BD3
73
2
11
-2
21
-1.2
41
0.75
7
W0$125
0
TEXT
8
PART_INFO
10
-2
20
-2.45
40
0.875
1
000000
73
2
11
-2
21
-2.45
41
0.75
7
W0$125
0
TEXT
8
PART_PTS
10
-2
20
-3.7
40
0.875
1
1 2 
73
2
11
-2
21
-3.7
41
0.75
7
W0$125
0
ENDBLK
0
BLOCK
2
PART_BOT_67
8
0
10
0
20
0
3
PART_BOT_67
70
64
0
INSERT
2
SYM_BOT_13
8
0
10
0
20
0
0
INSERT
2
PKG_9
8
0
10
0
20
0
41
-1
0
TEXT
8
LABEL_INFO
10
0
20
0
40
0.875
1
1 0 1 1 0 1
72
1
73
1
11
0
21
0
41
0.75
7
W0$125
0
TEXT
8
LABEL_ATTRIBUTE
10
0
20
0
40
0.875
1
PartType
72
1
73
1
11
0
21
0
41
0.75
7
W0$125
0
TEXT
8
PART_TYPE_04
10
0
20
0
40
0.875
1
L1608
72
1
73
2
11
0
21
0
50
-180
41
0.75
7
W0$125
0
TEXT
8
LABEL_INFO
10
-1.9
20
0
40
0.875
1
1 324000000 0 1 0 1
73
1
11
-1.9
21
0
50
180
41
0.75
7
W0$125
0
TEXT
8
LABEL_ATTRIBUTE
10
-1.9
20
0
40
0.875
1
Ref.Des.
73
1
11
-1.9
21
0
50
180
41
0.75
7
W0$125
0
TEXT
8
PART_NAME_04
10
-1.9
20
0
40
0.875
1
BD4
73
2
11
-1.9
21
0
50
-180
41
0.75
7
W0$125
0
TEXT
8
PART_INFO
10
-1.9
20
-1.25
40
0.875
1
000000
71
2
73
2
11
-1.9
21
-1.25
50
-180
41
0.75
7
W0$125
0
TEXT
8
PART_PTS
10
-1.9
20
-2.5
40
0.875
1
1 2 
71
2
73
2
11
-1.9
21
-2.5
50
-180
41
0.75
7
W0$125
0
ENDBLK
0
BLOCK
2
PART_BOT_68
8
0
10
0
20
0
3
PART_BOT_68
70
64
0
INSERT
2
SYM_BOT_13
8
0
10
0
20
0
0
INSERT
2
PKG_9
8
0
10
0
20
0
41
-1
0
TEXT
8
LABEL_INFO
10
0
20
0
40
0.875
1
1 0 1 1 0 1
72
1
73
1
11
0
21
0
41
0.75
7
W0$125
0
TEXT
8
LABEL_ATTRIBUTE
10
0
20
0
40
0.875
1
PartType
72
1
73
1
11
0
21
0
41
0.75
7
W0$125
0
TEXT
8
PART_TYPE_04
10
0
20
0
40
0.875
1
L1608
72
1
73
2
11
0
21
0
41
0.75
7
W0$125
0
TEXT
8
LABEL_INFO
10
-0.8
20
6.1
40
0.875
1
1 0 0 1 0 1
73
1
11
-0.8
21
6.1
41
0.75
7
W0$125
0
TEXT
8
LABEL_ATTRIBUTE
10
-0.8
20
6.1
40
0.875
1
Ref.Des.
73
1
11
-0.8
21
6.1
41
0.75
7
W0$125
0
TEXT
8
PART_NAME_04
10
-0.8
20
6.1
40
0.875
1
BD5
73
2
11
-0.8
21
6.1
41
0.75
7
W0$125
0
TEXT
8
PART_INFO
10
-0.8
20
4.85
40
0.875
1
000000
71
2
73
2
11
-0.8
21
4.85
41
0.75
7
W0$125
0
TEXT
8
PART_PTS
10
-0.8
20
3.6
40
0.875
1
1 2 
71
2
73
2
11
-0.8
21
3.6
41
0.75
7
W0$125
0
ENDBLK
0
BLOCK
2
PART_BOT_69
8
0
10
0
20
0
3
PART_BOT_69
70
64
0
INSERT
2
SYM_BOT_13
8
0
10
0
20
0
0
INSERT
2
PKG_9
8
0
10
0
20
0
41
-1
0
TEXT
8
LABEL_INFO
10
0
20
0
40
0.875
1
1 0 1 1 0 1
72
1
73
1
11
0
21
0
41
0.75
7
W0$125
0
TEXT
8
LABEL_ATTRIBUTE
10
0
20
0
40
0.875
1
PartType
72
1
73
1
11
0
21
0
41
0.75
7
W0$125
0
TEXT
8
PART_TYPE_04
10
0
20
0
40
0.875
1
L1608
72
1
73
2
11
0
21
0
41
0.75
7
W0$125
0
TEXT
8
LABEL_INFO
10
-0.8
20
6.1
40
0.875
1
1 0 0 1 0 1
73
1
11
-0.8
21
6.1
41
0.75
7
W0$125
0
TEXT
8
LABEL_ATTRIBUTE
10
-0.8
20
6.1
40
0.875
1
Ref.Des.
73
1
11
-0.8
21
6.1
41
0.75
7
W0$125
0
TEXT
8
PART_NAME_04
10
-0.8
20
6.1
40
0.875
1
BD6
73
2
11
-0.8
21
6.1
41
0.75
7
W0$125
0
TEXT
8
PART_INFO
10
-0.8
20
4.85
40
0.875
1
000000
71
2
73
2
11
-0.8
21
4.85
41
0.75
7
W0$125
0
TEXT
8
PART_PTS
10
-0.8
20
3.6
40
0.875
1
1 2 
71
2
73
2
11
-0.8
21
3.6
41
0.75
7
W0$125
0
ENDBLK
0
BLOCK
2
PART_TOP_70
8
0
10
0
20
0
3
PART_TOP_70
70
64
0
INSERT
2
SYM_TOP_13
8
0
10
0
20
0
0
INSERT
2
PKG_9
8
0
10
0
20
0
0
TEXT
8
LABEL_INFO
10
0
20
0
40
0.875
1
1 0 1 1 0 1
72
1
73
1
11
0
21
0
41
0.75
7
W0$125
0
TEXT
8
LABEL_ATTRIBUTE
10
0
20
0
40
0.875
1
PartType
72
1
73
1
11
0
21
0
41
0.75
7
W0$125
0
TEXT
8
PART_TYPE_01
10
0
20
0
40
0.875
1
L1608
72
1
73
2
11
0
21
0
41
0.75
7
W0$125
0
TEXT
8
LABEL_INFO
10
1.8
20
0
40
0.875
1
1 0 0 1 0 1
73
1
11
1.8
21
0
41
0.75
7
W0$125
0
TEXT
8
LABEL_ATTRIBUTE
10
1.8
20
0
40
0.875
1
Ref.Des.
73
1
11
1.8
21
0
41
0.75
7
W0$125
0
TEXT
8
PART_NAME_01
10
1.8
20
0
40
0.875
1
BD7
73
2
11
1.8
21
0
41
0.75
7
W0$125
0
TEXT
8
PART_INFO
10
1.8
20
-1.25
40
0.875
1
000000
73
2
11
1.8
21
-1.25
41
0.75
7
W0$125
0
TEXT
8
PART_PTS
10
1.8
20
-2.5
40
0.875
1
1 2 
73
2
11
1.8
21
-2.5
41
0.75
7
W0$125
0
ENDBLK
0
BLOCK
2
PART_TOP_71
8
0
10
0
20
0
3
PART_TOP_71
70
64
0
INSERT
2
SYM_TOP_14
8
0
10
0
20
0
0
INSERT
2
PKG_10
8
0
10
0
20
0
0
TEXT
8
LABEL_INFO
10
1.3
20
-2.7
40
0.875
1
1 0 0 1 0 1
73
1
11
1.3
21
-2.7
41
0.75
7
W0$125
0
TEXT
8
LABEL_ATTRIBUTE
10
1.3
20
-2.7
40
0.875
1
Ref.Des.
73
1
11
1.3
21
-2.7
41
0.75
7
W0$125
0
TEXT
8
PART_NAME_01
10
1.3
20
-2.7
40
0.875
1
BZ1
73
2
11
1.3
21
-2.7
41
0.75
7
W0$125
0
TEXT
8
LABEL_INFO
10
0
20
0
40
0.875
1
1 0 0 1 0 1
73
1
11
0
21
0
41
0.75
7
W0$125
0
TEXT
8
LABEL_ATTRIBUTE
10
0
20
0
40
0.875
1
PartType
73
1
11
0
21
0
41
0.75
7
W0$125
0
TEXT
8
PART_TYPE_01
10
0
20
0
40
0.875
1
LET4020S-03L-4.0-12-R
73
2
11
0
21
0
41
0.75
7
W0$125
0
TEXT
8
PART_INFO
10
0
20
-1.25
40
0.875
1
000000
73
2
11
0
21
-1.25
41
0.75
7
W0$125
0
TEXT
8
PART_PTS
10
0
20
-2.5
40
0.875
1
1 2 
73
2
11
0
21
-2.5
41
0.75
7
W0$125
0
ENDBLK
0
BLOCK
2
PART_TOP_72
8
0
10
0
20
0
3
PART_TOP_72
70
64
0
INSERT
2
SYM_TOP_15
8
0
10
0
20
0
0
INSERT
2
PKG_11
8
0
10
0
20
0
0
TEXT
8
LABEL_INFO
10
0
20
0
40
0.35
1
0 0 0 2 0 1
73
2
11
0
21
0
41
0.75
7
W0$05
0
TEXT
8
LABEL_ATTRIBUTE
10
0
20
0
40
0.35
1
PartType
73
2
11
0
21
0
41
0.75
7
W0$05
0
TEXT
8
PART_TYPE_01
10
0
20
0
40
0.35
1
LQFP100-0.5-16X16(STM32U599VIT6)
73
3
11
0
21
0
41
0.75
7
W0$05
0
TEXT
8
LABEL_INFO
10
6.0999993333
20
9.3
40
0.875
1
1 324000000 0 1 0 1
73
1
11
6.0999993333
21
9.3
50
180
41
0.75
7
W0$125
0
TEXT
8
LABEL_ATTRIBUTE
10
6.0999993333
20
9.3
40
0.875
1
Ref.Des.
73
1
11
6.0999993333
21
9.3
50
180
41
0.75
7
W0$125
0
TEXT
8
PART_NAME_01
10
6.0999993333
20
9.3
40
0.875
1
U2
73
2
11
6.0999993333
21
9.3
50
-180
41
0.75
7
W0$125
0
TEXT
8
PART_INFO
10
6.0999993333
20
8.05
40
0.875
1
000000
73
2
11
6.0999993333
21
8.05
50
-180
41
0.75
7
W0$125
0
TEXT
8
PART_PTS
10
6.0999993333
20
6.8
40
0.875
1
2 6 10 11 12 13 14 15 16 17 18 19 20 21 22 23 24 25 26 27 28 30 32 33 34 41 42 43 44 45 46 48 49 50 55 56 63 64 65 66 68 70 71 72 73 74 75 76 77 78 80 83 84 85 86 87 88 89 92 93 94 95 96 99 100 
73
2
11
6.0999993333
21
6.8
50
-180
41
0.75
7
W0$125
0
ENDBLK
0
BLOCK
2
PART_BOT_73
8
0
10
0
20
0
3
PART_BOT_73
70
64
0
INSERT
2
SYM_BOT_16
8
0
10
0
20
0
0
INSERT
2
PKG_12
8
0
10
0
20
0
41
-1
0
TEXT
8
LABEL_INFO
10
-1
20
0
40
0.889
1
0 0 0 2 0 1
73
2
11
-1
21
0
41
0.75
7
W0$127
0
TEXT
8
LABEL_ATTRIBUTE
10
-1
20
0
40
0.889
1
PartType
73
2
11
-1
21
0
41
0.75
7
W0$127
0
TEXT
8
PART_TYPE_04
10
-1
20
0
40
0.889
1
MMS-108-02-L-DV
73
3
11
-1
21
0
41
0.75
7
W0$127
0
TEXT
8
LABEL_INFO
10
8.5
20
-3.2
40
0.875
1
1 0 0 1 0 1
73
1
11
8.5
21
-3.2
41
0.75
7
W0$125
0
TEXT
8
LABEL_ATTRIBUTE
10
8.5
20
-3.2
40
0.875
1
Ref.Des.
73
1
11
8.5
21
-3.2
41
0.75
7
W0$125
0
TEXT
8
PART_NAME_04
10
8.5
20
-3.2
40
0.875
1
J6
73
2
11
8.5
21
-3.2
41
0.75
7
W0$125
0
TEXT
8
PART_INFO
10
8.5
20
-4.45
40
0.875
1
000010
71
2
73
2
11
8.5
21
-4.45
41
0.75
7
W0$125
0
TEXT
8
PART_PTS
10
8.5
20
-5.7
40
0.875
1
1 2 3 4 5 6 7 8 9 10 11 12 13 14 15 16 
71
2
73
2
11
8.5
21
-5.7
41
0.75
7
W0$125
0
ENDBLK
0
BLOCK
2
PART_BOT_74
8
0
10
0
20
0
3
PART_BOT_74
70
64
0
INSERT
2
SYM_BOT_17
8
0
10
0
20
0
0
INSERT
2
PKG_13
8
0
10
0
20
0
41
-1
0
TEXT
8
LABEL_INFO
10
0
20
0
40
0.875
1
1 0 1 1 0 1
72
1
73
1
11
0
21
0
41
0.75
7
W0$125
0
TEXT
8
LABEL_ATTRIBUTE
10
0
20
0
40
0.875
1
PartType
72
1
73
1
11
0
21
0
41
0.75
7
W0$125
0
TEXT
8
PART_TYPE_04
10
0
20
0
40
0.875
1
R1608
72
1
73
2
11
0
21
0
41
0.75
7
W0$125
0
TEXT
8
LABEL_INFO
10
-3.5
20
0
40
0.875
1
1 0 0 1 0 1
73
1
11
-3.5
21
0
41
0.75
7
W0$125
0
TEXT
8
LABEL_ATTRIBUTE
10
-3.5
20
0
40
0.875
1
Ref.Des.
73
1
11
-3.5
21
0
41
0.75
7
W0$125
0
TEXT
8
PART_NAME_04
10
-3.5
20
0
40
0.875
1
R1
73
2
11
-3.5
21
0
41
0.75
7
W0$125
0
TEXT
8
PART_INFO
10
-3.5
20
-1.25
40
0.875
1
000000
71
2
73
2
11
-3.5
21
-1.25
41
0.75
7
W0$125
0
TEXT
8
PART_PTS
10
-3.5
20
-2.5
40
0.875
1
1 2 
71
2
73
2
11
-3.5
21
-2.5
41
0.75
7
W0$125
0
ENDBLK
0
BLOCK
2
PART_BOT_75
8
0
10
0
20
0
3
PART_BOT_75
70
64
0
INSERT
2
SYM_BOT_17
8
0
10
0
20
0
0
INSERT
2
PKG_13
8
0
10
0
20
0
41
-1
0
TEXT
8
LABEL_INFO
10
0
20
0
40
0.875
1
1 0 1 1 0 1
72
1
73
1
11
0
21
0
41
0.75
7
W0$125
0
TEXT
8
LABEL_ATTRIBUTE
10
0
20
0
40
0.875
1
PartType
72
1
73
1
11
0
21
0
41
0.75
7
W0$125
0
TEXT
8
PART_TYPE_04
10
0
20
0
40
0.875
1
R1608
72
1
73
2
11
0
21
0
41
0.75
7
W0$125
0
TEXT
8
LABEL_INFO
10
2.2
20
0.6
40
0.875
1
1 486000000 0 1 0 1
73
1
11
2.2
21
0.6
50
270
41
0.75
7
W0$125
0
TEXT
8
LABEL_ATTRIBUTE
10
2.2
20
0.6
40
0.875
1
Ref.Des.
73
1
11
2.2
21
0.6
50
270
41
0.75
7
W0$125
0
TEXT
8
PART_NAME_04
10
2.2
20
0.6
40
0.875
1
R10
73
2
11
2.2
21
0.6
50
-90
41
0.75
7
W0$125
0
TEXT
8
PART_INFO
10
2.2
20
-0.65
40
0.875
1
000000
71
2
73
2
11
2.2
21
-0.65
50
-90
41
0.75
7
W0$125
0
TEXT
8
PART_PTS
10
2.2
20
-1.9
40
0.875
1
1 2 
71
2
73
2
11
2.2
21
-1.9
50
-90
41
0.75
7
W0$125
0
ENDBLK
0
BLOCK
2
PART_BOT_76
8
0
10
0
20
0
3
PART_BOT_76
70
64
0
INSERT
2
SYM_BOT_17
8
0
10
0
20
0
0
INSERT
2
PKG_13
8
0
10
0
20
0
41
-1
0
TEXT
8
LABEL_INFO
10
0
20
0
40
0.875
1
1 0 1 1 0 1
72
1
73
1
11
0
21
0
41
0.75
7
W0$125
0
TEXT
8
LABEL_ATTRIBUTE
10
0
20
0
40
0.875
1
PartType
72
1
73
1
11
0
21
0
41
0.75
7
W0$125
0
TEXT
8
PART_TYPE_04
10
0
20
0
40
0.875
1
R1608
72
1
73
2
11
0
21
0
41
0.75
7
W0$125
0
TEXT
8
LABEL_INFO
10
1.8
20
0
40
0.875
1
1 0 0 1 0 1
73
1
11
1.8
21
0
41
0.75
7
W0$125
0
TEXT
8
LABEL_ATTRIBUTE
10
1.8
20
0
40
0.875
1
Ref.Des.
73
1
11
1.8
21
0
41
0.75
7
W0$125
0
TEXT
8
PART_NAME_04
10
1.8
20
0
40
0.875
1
R11
73
2
11
1.8
21
0
41
0.75
7
W0$125
0
TEXT
8
PART_INFO
10
1.8
20
-1.25
40
0.875
1
000000
71
2
73
2
11
1.8
21
-1.25
41
0.75
7
W0$125
0
TEXT
8
PART_PTS
10
1.8
20
-2.5
40
0.875
1
1 2 
71
2
73
2
11
1.8
21
-2.5
41
0.75
7
W0$125
0
ENDBLK
0
BLOCK
2
PART_BOT_77
8
0
10
0
20
0
3
PART_BOT_77
70
64
0
INSERT
2
SYM_BOT_17
8
0
10
0
20
0
0
INSERT
2
PKG_13
8
0
10
0
20
0
41
-1
0
TEXT
8
LABEL_INFO
10
0
20
0
40
0.875
1
1 0 1 1 0 1
72
1
73
1
11
0
21
0
41
0.75
7
W0$125
0
TEXT
8
LABEL_ATTRIBUTE
10
0
20
0
40
0.875
1
PartType
72
1
73
1
11
0
21
0
41
0.75
7
W0$125
0
TEXT
8
PART_TYPE_04
10
0
20
0
40
0.875
1
R1608
72
1
73
2
11
0
21
0
41
0.75
7
W0$125
0
TEXT
8
LABEL_INFO
10
1.8
20
0
40
0.875
1
1 0 0 1 0 1
73
1
11
1.8
21
0
41
0.75
7
W0$125
0
TEXT
8
LABEL_ATTRIBUTE
10
1.8
20
0
40
0.875
1
Ref.Des.
73
1
11
1.8
21
0
41
0.75
7
W0$125
0
TEXT
8
PART_NAME_04
10
1.8
20
0
40
0.875
1
R12
73
2
11
1.8
21
0
41
0.75
7
W0$125
0
TEXT
8
PART_INFO
10
1.8
20
-1.25
40
0.875
1
000000
71
2
73
2
11
1.8
21
-1.25
41
0.75
7
W0$125
0
TEXT
8
PART_PTS
10
1.8
20
-2.5
40
0.875
1
1 2 
71
2
73
2
11
1.8
21
-2.5
41
0.75
7
W0$125
0
ENDBLK
0
BLOCK
2
PART_TOP_78
8
0
10
0
20
0
3
PART_TOP_78
70
64
0
INSERT
2
SYM_TOP_17
8
0
10
0
20
0
0
INSERT
2
PKG_13
8
0
10
0
20
0
0
TEXT
8
LABEL_INFO
10
0
20
0
40
0.875
1
1 0 1 1 0 1
72
1
73
1
11
0
21
0
41
0.75
7
W0$125
0
TEXT
8
LABEL_ATTRIBUTE
10
0
20
0
40
0.875
1
PartType
72
1
73
1
11
0
21
0
41
0.75
7
W0$125
0
TEXT
8
PART_TYPE_01
10
0
20
0
40
0.875
1
R1608
72
1
73
2
11
0
21
0
50
-180
41
0.75
7
W0$125
0
TEXT
8
LABEL_INFO
10
2
20
-0.7999993333
40
0.875
1
1 162000000 0 1 0 1
73
1
11
2
21
-0.7999993333
50
90
41
0.75
7
W0$125
0
TEXT
8
LABEL_ATTRIBUTE
10
2
20
-0.7999993333
40
0.875
1
Ref.Des.
73
1
11
2
21
-0.7999993333
50
90
41
0.75
7
W0$125
0
TEXT
8
PART_NAME_01
10
2
20
-0.7999993333
40
0.875
1
R13
73
2
11
2
21
-0.7999993333
50
-270
41
0.75
7
W0$125
0
TEXT
8
PART_INFO
10
2
20
-2.0499993333
40
0.875
1
000000
73
2
11
2
21
-2.0499993333
50
-270
41
0.75
7
W0$125
0
TEXT
8
PART_PTS
10
2
20
-3.2999993333
40
0.875
1
1 2 
73
2
11
2
21
-3.2999993333
50
-270
41
0.75
7
W0$125
0
ENDBLK
0
BLOCK
2
PART_TOP_79
8
0
10
0
20
0
3
PART_TOP_79
70
64
0
INSERT
2
SYM_TOP_17
8
0
10
0
20
0
0
INSERT
2
PKG_13
8
0
10
0
20
0
0
TEXT
8
LABEL_INFO
10
0
20
0
40
0.875
1
1 0 1 1 0 1
72
1
73
1
11
0
21
0
41
0.75
7
W0$125
0
TEXT
8
LABEL_ATTRIBUTE
10
0
20
0
40
0.875
1
PartType
72
1
73
1
11
0
21
0
41
0.75
7
W0$125
0
TEXT
8
PART_TYPE_01
10
0
20
0
40
0.875
1
R1608
72
1
73
2
11
0
21
0
50
-180
41
0.75
7
W0$125
0
TEXT
8
LABEL_INFO
10
0.8
20
-1.2999993333
40
0.875
1
1 324000000 0 1 0 1
73
1
11
0.8
21
-1.2999993333
50
180
41
0.75
7
W0$125
0
TEXT
8
LABEL_ATTRIBUTE
10
0.8
20
-1.2999993333
40
0.875
1
Ref.Des.
73
1
11
0.8
21
-1.2999993333
50
180
41
0.75
7
W0$125
0
TEXT
8
PART_NAME_01
10
0.8
20
-1.2999993333
40
0.875
1
R14
73
2
11
0.8
21
-1.2999993333
50
-180
41
0.75
7
W0$125
0
TEXT
8
PART_INFO
10
0.8
20
-2.5499993333
40
0.875
1
000000
73
2
11
0.8
21
-2.5499993333
50
-180
41
0.75
7
W0$125
0
TEXT
8
PART_PTS
10
0.8
20
-3.7999993333
40
0.875
1
1 2 
73
2
11
0.8
21
-3.7999993333
50
-180
41
0.75
7
W0$125
0
ENDBLK
0
BLOCK
2
PART_BOT_80
8
0
10
0
20
0
3
PART_BOT_80
70
64
0
INSERT
2
SYM_BOT_17
8
0
10
0
20
0
0
INSERT
2
PKG_13
8
0
10
0
20
0
41
-1
0
TEXT
8
LABEL_INFO
10
0
20
0
40
0.875
1
1 0 1 1 0 1
72
1
73
1
11
0
21
0
41
0.75
7
W0$125
0
TEXT
8
LABEL_ATTRIBUTE
10
0
20
0
40
0.875
1
PartType
72
1
73
1
11
0
21
0
41
0.75
7
W0$125
0
TEXT
8
PART_TYPE_04
10
0
20
0
40
0.875
1
R1608
72
1
73
2
11
0
21
0
50
-180
41
0.75
7
W0$125
0
TEXT
8
LABEL_INFO
10
-2.2
20
0
40
0.875
1
1 324000000 0 1 0 1
73
1
11
-2.2
21
0
50
180
41
0.75
7
W0$125
0
TEXT
8
LABEL_ATTRIBUTE
10
-2.2
20
0
40
0.875
1
Ref.Des.
73
1
11
-2.2
21
0
50
180
41
0.75
7
W0$125
0
TEXT
8
PART_NAME_04
10
-2.2
20
0
40
0.875
1
R15
73
2
11
-2.2
21
0
50
-180
41
0.75
7
W0$125
0
TEXT
8
PART_INFO
10
-2.2
20
-1.25
40
0.875
1
000000
71
2
73
2
11
-2.2
21
-1.25
50
-180
41
0.75
7
W0$125
0
TEXT
8
PART_PTS
10
-2.2
20
-2.5
40
0.875
1
1 2 
71
2
73
2
11
-2.2
21
-2.5
50
-180
41
0.75
7
W0$125
0
ENDBLK
0
BLOCK
2
PART_BOT_81
8
0
10
0
20
0
3
PART_BOT_81
70
64
0
INSERT
2
SYM_BOT_17
8
0
10
0
20
0
0
INSERT
2
PKG_13
8
0
10
0
20
0
41
-1
0
TEXT
8
LABEL_INFO
10
0
20
0
40
0.875
1
1 0 1 1 0 1
72
1
73
1
11
0
21
0
41
0.75
7
W0$125
0
TEXT
8
LABEL_ATTRIBUTE
10
0
20
0
40
0.875
1
PartType
72
1
73
1
11
0
21
0
41
0.75
7
W0$125
0
TEXT
8
PART_TYPE_04
10
0
20
0
40
0.875
1
R1608
72
1
73
2
11
0
21
0
50
-180
41
0.75
7
W0$125
0
TEXT
8
LABEL_INFO
10
-2.2
20
0
40
0.875
1
1 324000000 0 1 0 1
73
1
11
-2.2
21
0
50
180
41
0.75
7
W0$125
0
TEXT
8
LABEL_ATTRIBUTE
10
-2.2
20
0
40
0.875
1
Ref.Des.
73
1
11
-2.2
21
0
50
180
41
0.75
7
W0$125
0
TEXT
8
PART_NAME_04
10
-2.2
20
0
40
0.875
1
R16
73
2
11
-2.2
21
0
50
-180
41
0.75
7
W0$125
0
TEXT
8
PART_INFO
10
-2.2
20
-1.25
40
0.875
1
000000
71
2
73
2
11
-2.2
21
-1.25
50
-180
41
0.75
7
W0$125
0
TEXT
8
PART_PTS
10
-2.2
20
-2.5
40
0.875
1
1 2 
71
2
73
2
11
-2.2
21
-2.5
50
-180
41
0.75
7
W0$125
0
ENDBLK
0
BLOCK
2
PART_BOT_82
8
0
10
0
20
0
3
PART_BOT_82
70
64
0
INSERT
2
SYM_BOT_17
8
0
10
0
20
0
0
INSERT
2
PKG_13
8
0
10
0
20
0
41
-1
0
TEXT
8
LABEL_INFO
10
0
20
0
40
0.875
1
1 0 1 1 0 1
72
1
73
1
11
0
21
0
41
0.75
7
W0$125
0
TEXT
8
LABEL_ATTRIBUTE
10
0
20
0
40
0.875
1
PartType
72
1
73
1
11
0
21
0
41
0.75
7
W0$125
0
TEXT
8
PART_TYPE_04
10
0
20
0
40
0.875
1
R1608
72
1
73
2
11
0
21
0
50
-180
41
0.75
7
W0$125
0
TEXT
8
LABEL_INFO
10
0.6
20
-1.4
40
0.875
1
1 324000000 0 1 0 1
73
1
11
0.6
21
-1.4
50
180
41
0.75
7
W0$125
0
TEXT
8
LABEL_ATTRIBUTE
10
0.6
20
-1.4
40
0.875
1
Ref.Des.
73
1
11
0.6
21
-1.4
50
180
41
0.75
7
W0$125
0
TEXT
8
PART_NAME_04
10
0.6
20
-1.4
40
0.875
1
R17
73
2
11
0.6
21
-1.4
50
-180
41
0.75
7
W0$125
0
TEXT
8
PART_INFO
10
0.6
20
-2.65
40
0.875
1
000000
71
2
73
2
11
0.6
21
-2.65
50
-180
41
0.75
7
W0$125
0
TEXT
8
PART_PTS
10
0.6
20
-3.9
40
0.875
1
1 2 
71
2
73
2
11
0.6
21
-3.9
50
-180
41
0.75
7
W0$125
0
ENDBLK
0
BLOCK
2
PART_TOP_83
8
0
10
0
20
0
3
PART_TOP_83
70
64
0
INSERT
2
SYM_TOP_17
8
0
10
0
20
0
0
INSERT
2
PKG_13
8
0
10
0
20
0
0
TEXT
8
LABEL_INFO
10
0
20
0
40
0.875
1
1 0 1 1 0 1
72
1
73
1
11
0
21
0
41
0.75
7
W0$125
0
TEXT
8
LABEL_ATTRIBUTE
10
0
20
0
40
0.875
1
PartType
72
1
73
1
11
0
21
0
41
0.75
7
W0$125
0
TEXT
8
PART_TYPE_01
10
0
20
0
40
0.875
1
R1608
72
1
73
2
11
0
21
0
50
-180
41
0.75
7
W0$125
0
TEXT
8
LABEL_INFO
10
3.6
20
0
40
0.875
1
1 324000000 0 1 0 1
73
1
11
3.6
21
0
50
180
41
0.75
7
W0$125
0
TEXT
8
LABEL_ATTRIBUTE
10
3.6
20
0
40
0.875
1
Ref.Des.
73
1
11
3.6
21
0
50
180
41
0.75
7
W0$125
0
TEXT
8
PART_NAME_01
10
3.6
20
0
40
0.875
1
R18
73
2
11
3.6
21
0
50
-180
41
0.75
7
W0$125
0
TEXT
8
PART_INFO
10
3.6
20
-1.25
40
0.875
1
000000
73
2
11
3.6
21
-1.25
50
-180
41
0.75
7
W0$125
0
TEXT
8
PART_PTS
10
3.6
20
-2.5
40
0.875
1
1 2 
73
2
11
3.6
21
-2.5
50
-180
41
0.75
7
W0$125
0
ENDBLK
0
BLOCK
2
PART_TOP_84
8
0
10
0
20
0
3
PART_TOP_84
70
64
0
INSERT
2
SYM_TOP_17
8
0
10
0
20
0
0
INSERT
2
PKG_13
8
0
10
0
20
0
0
TEXT
8
LABEL_INFO
10
0
20
0
40
0.875
1
1 0 1 1 0 1
72
1
73
1
11
0
21
0
41
0.75
7
W0$125
0
TEXT
8
LABEL_ATTRIBUTE
10
0
20
0
40
0.875
1
PartType
72
1
73
1
11
0
21
0
41
0.75
7
W0$125
0
TEXT
8
PART_TYPE_01
10
0
20
0
40
0.875
1
R1608
72
1
73
2
11
0
21
0
41
0.75
7
W0$125
0
TEXT
8
LABEL_INFO
10
-3.6
20
0
40
0.875
1
1 0 0 1 0 1
73
1
11
-3.6
21
0
41
0.75
7
W0$125
0
TEXT
8
LABEL_ATTRIBUTE
10
-3.6
20
0
40
0.875
1
Ref.Des.
73
1
11
-3.6
21
0
41
0.75
7
W0$125
0
TEXT
8
PART_NAME_01
10
-3.6
20
0
40
0.875
1
R19
73
2
11
-3.6
21
0
41
0.75
7
W0$125
0
TEXT
8
PART_INFO
10
-3.6
20
-1.25
40
0.875
1
000000
73
2
11
-3.6
21
-1.25
41
0.75
7
W0$125
0
TEXT
8
PART_PTS
10
-3.6
20
-2.5
40
0.875
1
1 2 
73
2
11
-3.6
21
-2.5
41
0.75
7
W0$125
0
ENDBLK
0
BLOCK
2
PART_BOT_85
8
0
10
0
20
0
3
PART_BOT_85
70
64
0
INSERT
2
SYM_BOT_17
8
0
10
0
20
0
0
INSERT
2
PKG_13
8
0
10
0
20
0
41
-1
0
TEXT
8
LABEL_INFO
10
0
20
0
40
0.875
1
1 0 1 1 0 1
72
1
73
1
11
0
21
0
41
0.75
7
W0$125
0
TEXT
8
LABEL_ATTRIBUTE
10
0
20
0
40
0.875
1
PartType
72
1
73
1
11
0
21
0
41
0.75
7
W0$125
0
TEXT
8
PART_TYPE_04
10
0
20
0
40
0.875
1
R1608
72
1
73
2
11
0
21
0
41
0.75
7
W0$125
0
TEXT
8
LABEL_INFO
10
-3.5
20
0
40
0.875
1
1 0 0 1 0 1
73
1
11
-3.5
21
0
41
0.75
7
W0$125
0
TEXT
8
LABEL_ATTRIBUTE
10
-3.5
20
0
40
0.875
1
Ref.Des.
73
1
11
-3.5
21
0
41
0.75
7
W0$125
0
TEXT
8
PART_NAME_04
10
-3.5
20
0
40
0.875
1
R2
73
2
11
-3.5
21
0
41
0.75
7
W0$125
0
TEXT
8
PART_INFO
10
-3.5
20
-1.25
40
0.875
1
000000
71
2
73
2
11
-3.5
21
-1.25
41
0.75
7
W0$125
0
TEXT
8
PART_PTS
10
-3.5
20
-2.5
40
0.875
1
1 2 
71
2
73
2
11
-3.5
21
-2.5
41
0.75
7
W0$125
0
ENDBLK
0
BLOCK
2
PART_BOT_86
8
0
10
0
20
0
3
PART_BOT_86
70
64
0
INSERT
2
SYM_BOT_17
8
0
10
0
20
0
0
INSERT
2
PKG_13
8
0
10
0
20
0
41
-1
0
TEXT
8
LABEL_INFO
10
0
20
0
40
0.875
1
1 0 1 1 0 1
72
1
73
1
11
0
21
0
41
0.75
7
W0$125
0
TEXT
8
LABEL_ATTRIBUTE
10
0
20
0
40
0.875
1
PartType
72
1
73
1
11
0
21
0
41
0.75
7
W0$125
0
TEXT
8
PART_TYPE_04
10
0
20
0
40
0.875
1
R1608
72
1
73
2
11
0
21
0
41
0.75
7
W0$125
0
TEXT
8
LABEL_INFO
10
-1.2
20
1.4
40
0.875
1
1 0 0 1 0 1
73
1
11
-1.2
21
1.4
41
0.75
7
W0$125
0
TEXT
8
LABEL_ATTRIBUTE
10
-1.2
20
1.4
40
0.875
1
Ref.Des.
73
1
11
-1.2
21
1.4
41
0.75
7
W0$125
0
TEXT
8
PART_NAME_04
10
-1.2
20
1.4
40
0.875
1
R20
73
2
11
-1.2
21
1.4
41
0.75
7
W0$125
0
TEXT
8
PART_INFO
10
-1.2
20
0.15
40
0.875
1
000000
71
2
73
2
11
-1.2
21
0.15
41
0.75
7
W0$125
0
TEXT
8
PART_PTS
10
-1.2
20
-1.1
40
0.875
1
1 2 
71
2
73
2
11
-1.2
21
-1.1
41
0.75
7
W0$125
0
ENDBLK
0
BLOCK
2
PART_TOP_87
8
0
10
0
20
0
3
PART_TOP_87
70
64
0
INSERT
2
SYM_TOP_17
8
0
10
0
20
0
0
INSERT
2
PKG_13
8
0
10
0
20
0
0
TEXT
8
LABEL_INFO
10
0
20
0
40
0.875
1
1 0 1 1 0 1
72
1
73
1
11
0
21
0
41
0.75
7
W0$125
0
TEXT
8
LABEL_ATTRIBUTE
10
0
20
0
40
0.875
1
PartType
72
1
73
1
11
0
21
0
41
0.75
7
W0$125
0
TEXT
8
PART_TYPE_01
10
0
20
0
40
0.875
1
R1608
72
1
73
2
11
0
21
0
41
0.75
7
W0$125
0
TEXT
8
LABEL_INFO
10
-0.6999993333
20
-1.3
40
0.875
1
1 0 0 1 0 1
73
1
11
-0.6999993333
21
-1.3
41
0.75
7
W0$125
0
TEXT
8
LABEL_ATTRIBUTE
10
-0.6999993333
20
-1.3
40
0.875
1
Ref.Des.
73
1
11
-0.6999993333
21
-1.3
41
0.75
7
W0$125
0
TEXT
8
PART_NAME_01
10
-0.6999993333
20
-1.3
40
0.875
1
R21
73
2
11
-0.6999993333
21
-1.3
41
0.75
7
W0$125
0
TEXT
8
PART_INFO
10
-0.6999993333
20
-2.55
40
0.875
1
000000
73
2
11
-0.6999993333
21
-2.55
41
0.75
7
W0$125
0
TEXT
8
PART_PTS
10
-0.6999993333
20
-3.8
40
0.875
1
1 2 
73
2
11
-0.6999993333
21
-3.8
41
0.75
7
W0$125
0
ENDBLK
0
BLOCK
2
PART_BOT_88
8
0
10
0
20
0
3
PART_BOT_88
70
64
0
INSERT
2
SYM_BOT_17
8
0
10
0
20
0
0
INSERT
2
PKG_13
8
0
10
0
20
0
41
-1
0
TEXT
8
LABEL_INFO
10
0
20
0
40
0.875
1
1 0 1 1 0 1
72
1
73
1
11
0
21
0
41
0.75
7
W0$125
0
TEXT
8
LABEL_ATTRIBUTE
10
0
20
0
40
0.875
1
PartType
72
1
73
1
11
0
21
0
41
0.75
7
W0$125
0
TEXT
8
PART_TYPE_04
10
0
20
0
40
0.875
1
R1608
72
1
73
2
11
0
21
0
50
-180
41
0.75
7
W0$125
0
TEXT
8
LABEL_INFO
10
-1.9
20
0
40
0.875
1
1 324000000 0 1 0 1
73
1
11
-1.9
21
0
50
180
41
0.75
7
W0$125
0
TEXT
8
LABEL_ATTRIBUTE
10
-1.9
20
0
40
0.875
1
Ref.Des.
73
1
11
-1.9
21
0
50
180
41
0.75
7
W0$125
0
TEXT
8
PART_NAME_04
10
-1.9
20
0
40
0.875
1
R22
73
2
11
-1.9
21
0
50
-180
41
0.75
7
W0$125
0
TEXT
8
PART_INFO
10
-1.9
20
-1.25
40
0.875
1
000000
71
2
73
2
11
-1.9
21
-1.25
50
-180
41
0.75
7
W0$125
0
TEXT
8
PART_PTS
10
-1.9
20
-2.5
40
0.875
1
1 2 
71
2
73
2
11
-1.9
21
-2.5
50
-180
41
0.75
7
W0$125
0
ENDBLK
0
BLOCK
2
PART_BOT_89
8
0
10
0
20
0
3
PART_BOT_89
70
64
0
INSERT
2
SYM_BOT_17
8
0
10
0
20
0
0
INSERT
2
PKG_13
8
0
10
0
20
0
41
-1
0
TEXT
8
LABEL_INFO
10
0
20
0
40
0.875
1
1 0 1 1 0 1
72
1
73
1
11
0
21
0
41
0.75
7
W0$125
0
TEXT
8
LABEL_ATTRIBUTE
10
0
20
0
40
0.875
1
PartType
72
1
73
1
11
0
21
0
41
0.75
7
W0$125
0
TEXT
8
PART_TYPE_04
10
0
20
0
40
0.875
1
R1608
72
1
73
2
11
0
21
0
50
-180
41
0.75
7
W0$125
0
TEXT
8
LABEL_INFO
10
-1.9
20
0
40
0.875
1
1 324000000 0 1 0 1
73
1
11
-1.9
21
0
50
180
41
0.75
7
W0$125
0
TEXT
8
LABEL_ATTRIBUTE
10
-1.9
20
0
40
0.875
1
Ref.Des.
73
1
11
-1.9
21
0
50
180
41
0.75
7
W0$125
0
TEXT
8
PART_NAME_04
10
-1.9
20
0
40
0.875
1
R23
73
2
11
-1.9
21
0
50
-180
41
0.75
7
W0$125
0
TEXT
8
PART_INFO
10
-1.9
20
-1.25
40
0.875
1
000000
71
2
73
2
11
-1.9
21
-1.25
50
-180
41
0.75
7
W0$125
0
TEXT
8
PART_PTS
10
-1.9
20
-2.5
40
0.875
1
1 2 
71
2
73
2
11
-1.9
21
-2.5
50
-180
41
0.75
7
W0$125
0
ENDBLK
0
BLOCK
2
PART_TOP_90
8
0
10
0
20
0
3
PART_TOP_90
70
64
0
INSERT
2
SYM_TOP_17
8
0
10
0
20
0
0
INSERT
2
PKG_13
8
0
10
0
20
0
0
TEXT
8
LABEL_INFO
10
0
20
0
40
0.875
1
1 0 1 1 0 1
72
1
73
1
11
0
21
0
41
0.75
7
W0$125
0
TEXT
8
LABEL_ATTRIBUTE
10
0
20
0
40
0.875
1
PartType
72
1
73
1
11
0
21
0
41
0.75
7
W0$125
0
TEXT
8
PART_TYPE_01
10
0
20
0
40
0.875
1
R1608
72
1
73
2
11
0
21
0
41
0.75
7
W0$125
0
TEXT
8
LABEL_INFO
10
1.8
20
0
40
0.875
1
1 0 0 1 0 1
73
1
11
1.8
21
0
41
0.75
7
W0$125
0
TEXT
8
LABEL_ATTRIBUTE
10
1.8
20
0
40
0.875
1
Ref.Des.
73
1
11
1.8
21
0
41
0.75
7
W0$125
0
TEXT
8
PART_NAME_01
10
1.8
20
0
40
0.875
1
R24
73
2
11
1.8
21
0
41
0.75
7
W0$125
0
TEXT
8
PART_INFO
10
1.8
20
-1.25
40
0.875
1
000000
73
2
11
1.8
21
-1.25
41
0.75
7
W0$125
0
TEXT
8
PART_PTS
10
1.8
20
-2.5
40
0.875
1
1 2 
73
2
11
1.8
21
-2.5
41
0.75
7
W0$125
0
ENDBLK
0
BLOCK
2
PART_TOP_91
8
0
10
0
20
0
3
PART_TOP_91
70
64
0
INSERT
2
SYM_TOP_17
8
0
10
0
20
0
0
INSERT
2
PKG_13
8
0
10
0
20
0
0
TEXT
8
LABEL_INFO
10
0
20
0
40
0.875
1
1 0 1 1 0 1
72
1
73
1
11
0
21
0
41
0.75
7
W0$125
0
TEXT
8
LABEL_ATTRIBUTE
10
0
20
0
40
0.875
1
PartType
72
1
73
1
11
0
21
0
41
0.75
7
W0$125
0
TEXT
8
PART_TYPE_01
10
0
20
0
40
0.875
1
R1608
72
1
73
2
11
0
21
0
41
0.75
7
W0$125
0
TEXT
8
LABEL_INFO
10
1.8
20
0
40
0.875
1
1 0 0 1 0 1
73
1
11
1.8
21
0
41
0.75
7
W0$125
0
TEXT
8
LABEL_ATTRIBUTE
10
1.8
20
0
40
0.875
1
Ref.Des.
73
1
11
1.8
21
0
41
0.75
7
W0$125
0
TEXT
8
PART_NAME_01
10
1.8
20
0
40
0.875
1
R25
73
2
11
1.8
21
0
41
0.75
7
W0$125
0
TEXT
8
PART_INFO
10
1.8
20
-1.25
40
0.875
1
000000
73
2
11
1.8
21
-1.25
41
0.75
7
W0$125
0
TEXT
8
PART_PTS
10
1.8
20
-2.5
40
0.875
1
1 2 
73
2
11
1.8
21
-2.5
41
0.75
7
W0$125
0
ENDBLK
0
BLOCK
2
PART_BOT_92
8
0
10
0
20
0
3
PART_BOT_92
70
64
0
INSERT
2
SYM_BOT_17
8
0
10
0
20
0
0
INSERT
2
PKG_13
8
0
10
0
20
0
41
-1
0
TEXT
8
LABEL_INFO
10
0
20
0
40
0.875
1
1 0 1 1 0 1
72
1
73
1
11
0
21
0
41
0.75
7
W0$125
0
TEXT
8
LABEL_ATTRIBUTE
10
0
20
0
40
0.875
1
PartType
72
1
73
1
11
0
21
0
41
0.75
7
W0$125
0
TEXT
8
PART_TYPE_04
10
0
20
0
40
0.875
1
R1608
72
1
73
2
11
0
21
0
41
0.75
7
W0$125
0
TEXT
8
LABEL_INFO
10
2.2
20
0
40
0.875
1
1 0 0 1 0 1
73
1
11
2.2
21
0
41
0.75
7
W0$125
0
TEXT
8
LABEL_ATTRIBUTE
10
2.2
20
0
40
0.875
1
Ref.Des.
73
1
11
2.2
21
0
41
0.75
7
W0$125
0
TEXT
8
PART_NAME_04
10
2.2
20
0
40
0.875
1
R3
73
2
11
2.2
21
0
41
0.75
7
W0$125
0
TEXT
8
PART_INFO
10
2.2
20
-1.25
40
0.875
1
000000
71
2
73
2
11
2.2
21
-1.25
41
0.75
7
W0$125
0
TEXT
8
PART_PTS
10
2.2
20
-2.5
40
0.875
1
1 2 
71
2
73
2
11
2.2
21
-2.5
41
0.75
7
W0$125
0
ENDBLK
0
BLOCK
2
PART_BOT_93
8
0
10
0
20
0
3
PART_BOT_93
70
64
0
INSERT
2
SYM_BOT_17
8
0
10
0
20
0
0
INSERT
2
PKG_13
8
0
10
0
20
0
41
-1
0
TEXT
8
LABEL_INFO
10
0
20
0
40
0.875
1
1 0 1 1 0 1
72
1
73
1
11
0
21
0
41
0.75
7
W0$125
0
TEXT
8
LABEL_ATTRIBUTE
10
0
20
0
40
0.875
1
PartType
72
1
73
1
11
0
21
0
41
0.75
7
W0$125
0
TEXT
8
PART_TYPE_04
10
0
20
0
40
0.875
1
R1608
72
1
73
2
11
0
21
0
41
0.75
7
W0$125
0
TEXT
8
LABEL_INFO
10
1.9
20
0
40
0.875
1
1 0 0 1 0 1
73
1
11
1.9
21
0
41
0.75
7
W0$125
0
TEXT
8
LABEL_ATTRIBUTE
10
1.9
20
0
40
0.875
1
Ref.Des.
73
1
11
1.9
21
0
41
0.75
7
W0$125
0
TEXT
8
PART_NAME_04
10
1.9
20
0
40
0.875
1
R4
73
2
11
1.9
21
0
41
0.75
7
W0$125
0
TEXT
8
PART_INFO
10
1.9
20
-1.25
40
0.875
1
000000
71
2
73
2
11
1.9
21
-1.25
41
0.75
7
W0$125
0
TEXT
8
PART_PTS
10
1.9
20
-2.5
40
0.875
1
1 2 
71
2
73
2
11
1.9
21
-2.5
41
0.75
7
W0$125
0
ENDBLK
0
BLOCK
2
PART_BOT_94
8
0
10
0
20
0
3
PART_BOT_94
70
64
0
INSERT
2
SYM_BOT_17
8
0
10
0
20
0
0
INSERT
2
PKG_13
8
0
10
0
20
0
41
-1
0
TEXT
8
LABEL_INFO
10
0
20
0
40
0.875
1
1 0 1 1 0 1
72
1
73
1
11
0
21
0
41
0.75
7
W0$125
0
TEXT
8
LABEL_ATTRIBUTE
10
0
20
0
40
0.875
1
PartType
72
1
73
1
11
0
21
0
41
0.75
7
W0$125
0
TEXT
8
PART_TYPE_04
10
0
20
0
40
0.875
1
R1608
72
1
73
2
11
0
21
0
50
-180
41
0.75
7
W0$125
0
TEXT
8
LABEL_INFO
10
-1.9
20
0
40
0.875
1
1 324000000 0 1 0 1
73
1
11
-1.9
21
0
50
180
41
0.75
7
W0$125
0
TEXT
8
LABEL_ATTRIBUTE
10
-1.9
20
0
40
0.875
1
Ref.Des.
73
1
11
-1.9
21
0
50
180
41
0.75
7
W0$125
0
TEXT
8
PART_NAME_04
10
-1.9
20
0
40
0.875
1
R5
73
2
11
-1.9
21
0
50
-180
41
0.75
7
W0$125
0
TEXT
8
PART_INFO
10
-1.9
20
-1.25
40
0.875
1
000000
71
2
73
2
11
-1.9
21
-1.25
50
-180
41
0.75
7
W0$125
0
TEXT
8
PART_PTS
10
-1.9
20
-2.5
40
0.875
1
1 2 
71
2
73
2
11
-1.9
21
-2.5
50
-180
41
0.75
7
W0$125
0
ENDBLK
0
BLOCK
2
PART_BOT_95
8
0
10
0
20
0
3
PART_BOT_95
70
64
0
INSERT
2
SYM_BOT_17
8
0
10
0
20
0
0
INSERT
2
PKG_13
8
0
10
0
20
0
41
-1
0
TEXT
8
LABEL_INFO
10
0
20
0
40
0.875
1
1 0 1 1 0 1
72
1
73
1
11
0
21
0
41
0.75
7
W0$125
0
TEXT
8
LABEL_ATTRIBUTE
10
0
20
0
40
0.875
1
PartType
72
1
73
1
11
0
21
0
41
0.75
7
W0$125
0
TEXT
8
PART_TYPE_04
10
0
20
0
40
0.875
1
R1608
72
1
73
2
11
0
21
0
41
0.75
7
W0$125
0
TEXT
8
LABEL_INFO
10
-0.5
20
1.5
40
0.875
1
1 0 0 1 0 1
73
1
11
-0.5
21
1.5
41
0.75
7
W0$125
0
TEXT
8
LABEL_ATTRIBUTE
10
-0.5
20
1.5
40
0.875
1
Ref.Des.
73
1
11
-0.5
21
1.5
41
0.75
7
W0$125
0
TEXT
8
PART_NAME_04
10
-0.5
20
1.5
40
0.875
1
R6
73
2
11
-0.5
21
1.5
41
0.75
7
W0$125
0
TEXT
8
PART_INFO
10
-0.5
20
0.25
40
0.875
1
000000
71
2
73
2
11
-0.5
21
0.25
41
0.75
7
W0$125
0
TEXT
8
PART_PTS
10
-0.5
20
-1
40
0.875
1
1 2 
71
2
73
2
11
-0.5
21
-1
41
0.75
7
W0$125
0
ENDBLK
0
BLOCK
2
PART_TOP_96
8
0
10
0
20
0
3
PART_TOP_96
70
64
0
INSERT
2
SYM_TOP_17
8
0
10
0
20
0
0
INSERT
2
PKG_13
8
0
10
0
20
0
0
TEXT
8
LABEL_INFO
10
0
20
0
40
0.875
1
1 0 1 1 0 1
72
1
73
1
11
0
21
0
41
0.75
7
W0$125
0
TEXT
8
LABEL_ATTRIBUTE
10
0
20
0
40
0.875
1
PartType
72
1
73
1
11
0
21
0
41
0.75
7
W0$125
0
TEXT
8
PART_TYPE_01
10
0
20
0
40
0.875
1
R1608
72
1
73
2
11
0
21
0
50
-180
41
0.75
7
W0$125
0
TEXT
8
LABEL_INFO
10
2
20
-0.7999993333
40
0.875
1
1 162000000 0 1 0 1
73
1
11
2
21
-0.7999993333
50
90
41
0.75
7
W0$125
0
TEXT
8
LABEL_ATTRIBUTE
10
2
20
-0.7999993333
40
0.875
1
Ref.Des.
73
1
11
2
21
-0.7999993333
50
90
41
0.75
7
W0$125
0
TEXT
8
PART_NAME_01
10
2
20
-0.7999993333
40
0.875
1
R69
73
2
11
2
21
-0.7999993333
50
-270
41
0.75
7
W0$125
0
TEXT
8
PART_INFO
10
2
20
-2.0499993333
40
0.875
1
000000
73
2
11
2
21
-2.0499993333
50
-270
41
0.75
7
W0$125
0
TEXT
8
PART_PTS
10
2
20
-3.2999993333
40
0.875
1
1 2 
73
2
11
2
21
-3.2999993333
50
-270
41
0.75
7
W0$125
0
ENDBLK
0
BLOCK
2
PART_BOT_97
8
0
10
0
20
0
3
PART_BOT_97
70
64
0
INSERT
2
SYM_BOT_17
8
0
10
0
20
0
0
INSERT
2
PKG_13
8
0
10
0
20
0
41
-1
0
TEXT
8
LABEL_INFO
10
0
20
0
40
0.875
1
1 0 1 1 0 1
72
1
73
1
11
0
21
0
41
0.75
7
W0$125
0
TEXT
8
LABEL_ATTRIBUTE
10
0
20
0
40
0.875
1
PartType
72
1
73
1
11
0
21
0
41
0.75
7
W0$125
0
TEXT
8
PART_TYPE_04
10
0
20
0
40
0.875
1
R1608
72
1
73
2
11
0
21
0
50
-180
41
0.75
7
W0$125
0
TEXT
8
LABEL_INFO
10
0.5999993333
20
1.2
40
0.875
1
1 324000000 0 1 0 1
73
1
11
0.5999993333
21
1.2
50
180
41
0.75
7
W0$125
0
TEXT
8
LABEL_ATTRIBUTE
10
0.5999993333
20
1.2
40
0.875
1
Ref.Des.
73
1
11
0.5999993333
21
1.2
50
180
41
0.75
7
W0$125
0
TEXT
8
PART_NAME_04
10
0.5999993333
20
1.2
40
0.875
1
R7
73
2
11
0.5999993333
21
1.2
50
-180
41
0.75
7
W0$125
0
TEXT
8
PART_INFO
10
0.5999993333
20
-0.05
40
0.875
1
000000
71
2
73
2
11
0.5999993333
21
-0.05
50
-180
41
0.75
7
W0$125
0
TEXT
8
PART_PTS
10
0.5999993333
20
-1.3
40
0.875
1
1 2 
71
2
73
2
11
0.5999993333
21
-1.3
50
-180
41
0.75
7
W0$125
0
ENDBLK
0
BLOCK
2
PART_TOP_98
8
0
10
0
20
0
3
PART_TOP_98
70
64
0
INSERT
2
SYM_TOP_17
8
0
10
0
20
0
0
INSERT
2
PKG_13
8
0
10
0
20
0
0
TEXT
8
LABEL_INFO
10
0
20
0
40
0.875
1
1 0 1 1 0 1
72
1
73
1
11
0
21
0
41
0.75
7
W0$125
0
TEXT
8
LABEL_ATTRIBUTE
10
0
20
0
40
0.875
1
PartType
72
1
73
1
11
0
21
0
41
0.75
7
W0$125
0
TEXT
8
PART_TYPE_01
10
0
20
0
40
0.875
1
R1608
72
1
73
2
11
0
21
0
41
0.75
7
W0$125
0
TEXT
8
LABEL_INFO
10
-3.4
20
0.1
40
0.875
1
1 0 0 1 0 1
73
1
11
-3.4
21
0.1
41
0.75
7
W0$125
0
TEXT
8
LABEL_ATTRIBUTE
10
-3.4
20
0.1
40
0.875
1
Ref.Des.
73
1
11
-3.4
21
0.1
41
0.75
7
W0$125
0
TEXT
8
PART_NAME_01
10
-3.4
20
0.1
40
0.875
1
R70
73
2
11
-3.4
21
0.1
41
0.75
7
W0$125
0
TEXT
8
PART_INFO
10
-3.4
20
-1.15
40
0.875
1
000000
73
2
11
-3.4
21
-1.15
41
0.75
7
W0$125
0
TEXT
8
PART_PTS
10
-3.4
20
-2.4
40
0.875
1
1 2 
73
2
11
-3.4
21
-2.4
41
0.75
7
W0$125
0
ENDBLK
0
BLOCK
2
PART_TOP_99
8
0
10
0
20
0
3
PART_TOP_99
70
64
0
INSERT
2
SYM_TOP_17
8
0
10
0
20
0
0
INSERT
2
PKG_13
8
0
10
0
20
0
0
TEXT
8
LABEL_INFO
10
0
20
0
40
0.875
1
1 0 1 1 0 1
72
1
73
1
11
0
21
0
41
0.75
7
W0$125
0
TEXT
8
LABEL_ATTRIBUTE
10
0
20
0
40
0.875
1
PartType
72
1
73
1
11
0
21
0
41
0.75
7
W0$125
0
TEXT
8
PART_TYPE_01
10
0
20
0
40
0.875
1
R1608
72
1
73
2
11
0
21
0
50
-180
41
0.75
7
W0$125
0
TEXT
8
LABEL_INFO
10
-2.2
20
-0.8
40
0.875
1
1 162000000 0 1 0 1
73
1
11
-2.2
21
-0.8
50
90
41
0.75
7
W0$125
0
TEXT
8
LABEL_ATTRIBUTE
10
-2.2
20
-0.8
40
0.875
1
Ref.Des.
73
1
11
-2.2
21
-0.8
50
90
41
0.75
7
W0$125
0
TEXT
8
PART_NAME_01
10
-2.2
20
-0.8
40
0.875
1
R71
73
2
11
-2.2
21
-0.8
50
-270
41
0.75
7
W0$125
0
TEXT
8
PART_INFO
10
-2.2
20
-2.05
40
0.875
1
000000
73
2
11
-2.2
21
-2.05
50
-270
41
0.75
7
W0$125
0
TEXT
8
PART_PTS
10
-2.2
20
-3.3
40
0.875
1
1 2 
73
2
11
-2.2
21
-3.3
50
-270
41
0.75
7
W0$125
0
ENDBLK
0
BLOCK
2
PART_BOT_100
8
0
10
0
20
0
3
PART_BOT_100
70
64
0
INSERT
2
SYM_BOT_17
8
0
10
0
20
0
0
INSERT
2
PKG_13
8
0
10
0
20
0
41
-1
0
TEXT
8
LABEL_INFO
10
0
20
0
40
0.875
1
1 0 1 1 0 1
72
1
73
1
11
0
21
0
41
0.75
7
W0$125
0
TEXT
8
LABEL_ATTRIBUTE
10
0
20
0
40
0.875
1
PartType
72
1
73
1
11
0
21
0
41
0.75
7
W0$125
0
TEXT
8
PART_TYPE_04
10
0
20
0
40
0.875
1
R1608
72
1
73
2
11
0
21
0
41
0.75
7
W0$125
0
TEXT
8
LABEL_INFO
10
-2.1
20
0.3999993333
40
0.875
1
1 486000000 0 1 0 1
73
1
11
-2.1
21
0.3999993333
50
270
41
0.75
7
W0$125
0
TEXT
8
LABEL_ATTRIBUTE
10
-2.1
20
0.3999993333
40
0.875
1
Ref.Des.
73
1
11
-2.1
21
0.3999993333
50
270
41
0.75
7
W0$125
0
TEXT
8
PART_NAME_04
10
-2.1
20
0.3999993333
40
0.875
1
R72
73
2
11
-2.1
21
0.3999993333
50
-90
41
0.75
7
W0$125
0
TEXT
8
PART_INFO
10
-2.1
20
-0.8500006667
40
0.875
1
000000
71
2
73
2
11
-2.1
21
-0.8500006667
50
-90
41
0.75
7
W0$125
0
TEXT
8
PART_PTS
10
-2.1
20
-2.1000006667
40
0.875
1
2 
71
2
73
2
11
-2.1
21
-2.1000006667
50
-90
41
0.75
7
W0$125
0
ENDBLK
0
BLOCK
2
PART_BOT_101
8
0
10
0
20
0
3
PART_BOT_101
70
64
0
INSERT
2
SYM_BOT_17
8
0
10
0
20
0
0
INSERT
2
PKG_13
8
0
10
0
20
0
41
-1
0
TEXT
8
LABEL_INFO
10
0
20
0
40
0.875
1
1 0 1 1 0 1
72
1
73
1
11
0
21
0
41
0.75
7
W0$125
0
TEXT
8
LABEL_ATTRIBUTE
10
0
20
0
40
0.875
1
PartType
72
1
73
1
11
0
21
0
41
0.75
7
W0$125
0
TEXT
8
PART_TYPE_04
10
0
20
0
40
0.875
1
R1608
72
1
73
2
11
0
21
0
50
-180
41
0.75
7
W0$125
0
TEXT
8
LABEL_INFO
10
1.4
20
-1.5999993333
40
0.875
1
1 324000000 0 1 0 1
73
1
11
1.4
21
-1.5999993333
50
180
41
0.75
7
W0$125
0
TEXT
8
LABEL_ATTRIBUTE
10
1.4
20
-1.5999993333
40
0.875
1
Ref.Des.
73
1
11
1.4
21
-1.5999993333
50
180
41
0.75
7
W0$125
0
TEXT
8
PART_NAME_04
10
1.4
20
-1.5999993333
40
0.875
1
R73
73
2
11
1.4
21
-1.5999993333
50
-180
41
0.75
7
W0$125
0
TEXT
8
PART_INFO
10
1.4
20
-2.8499993333
40
0.875
1
000000
71
2
73
2
11
1.4
21
-2.8499993333
50
-180
41
0.75
7
W0$125
0
TEXT
8
PART_PTS
10
1.4
20
-4.0999993333
40
0.875
1
2 
71
2
73
2
11
1.4
21
-4.0999993333
50
-180
41
0.75
7
W0$125
0
ENDBLK
0
BLOCK
2
PART_TOP_102
8
0
10
0
20
0
3
PART_TOP_102
70
64
0
INSERT
2
SYM_TOP_17
8
0
10
0
20
0
0
INSERT
2
PKG_13
8
0
10
0
20
0
0
TEXT
8
LABEL_INFO
10
0
20
0
40
0.875
1
1 0 1 1 0 1
72
1
73
1
11
0
21
0
41
0.75
7
W0$125
0
TEXT
8
LABEL_ATTRIBUTE
10
0
20
0
40
0.875
1
PartType
72
1
73
1
11
0
21
0
41
0.75
7
W0$125
0
TEXT
8
PART_TYPE_01
10
0
20
0
40
0.875
1
R1608
72
1
73
2
11
0
21
0
41
0.75
7
W0$125
0
TEXT
8
LABEL_INFO
10
-2.1
20
0.7999993333
40
0.875
1
1 486000000 0 1 0 1
73
1
11
-2.1
21
0.7999993333
50
270
41
0.75
7
W0$125
0
TEXT
8
LABEL_ATTRIBUTE
10
-2.1
20
0.7999993333
40
0.875
1
Ref.Des.
73
1
11
-2.1
21
0.7999993333
50
270
41
0.75
7
W0$125
0
TEXT
8
PART_NAME_01
10
-2.1
20
0.7999993333
40
0.875
1
R74
73
2
11
-2.1
21
0.7999993333
50
-90
41
0.75
7
W0$125
0
TEXT
8
PART_INFO
10
-2.1
20
-0.4500006667
40
0.875
1
000000
73
2
11
-2.1
21
-0.4500006667
50
-90
41
0.75
7
W0$125
0
TEXT
8
PART_PTS
10
-2.1
20
-1.7000006667
40
0.875
1
1 2 
73
2
11
-2.1
21
-1.7000006667
50
-90
41
0.75
7
W0$125
0
ENDBLK
0
BLOCK
2
PART_TOP_103
8
0
10
0
20
0
3
PART_TOP_103
70
64
0
INSERT
2
SYM_TOP_17
8
0
10
0
20
0
0
INSERT
2
PKG_13
8
0
10
0
20
0
0
TEXT
8
LABEL_INFO
10
0
20
0
40
0.875
1
1 0 1 1 0 1
72
1
73
1
11
0
21
0
41
0.75
7
W0$125
0
TEXT
8
LABEL_ATTRIBUTE
10
0
20
0
40
0.875
1
PartType
72
1
73
1
11
0
21
0
41
0.75
7
W0$125
0
TEXT
8
PART_TYPE_01
10
0
20
0
40
0.875
1
R1608
72
1
73
2
11
0
21
0
50
-180
41
0.75
7
W0$125
0
TEXT
8
LABEL_INFO
10
14
20
0.1
40
0.875
1
1 324000000 0 1 0 1
73
1
11
14
21
0.1
50
180
41
0.75
7
W0$125
0
TEXT
8
LABEL_ATTRIBUTE
10
14
20
0.1
40
0.875
1
Ref.Des.
73
1
11
14
21
0.1
50
180
41
0.75
7
W0$125
0
TEXT
8
PART_NAME_01
10
14
20
0.1
40
0.875
1
R75
73
2
11
14
21
0.1
50
-180
41
0.75
7
W0$125
0
TEXT
8
PART_INFO
10
14
20
-1.15
40
0.875
1
000000
73
2
11
14
21
-1.15
50
-180
41
0.75
7
W0$125
0
TEXT
8
PART_PTS
10
14
20
-2.4
40
0.875
1
1 2 
73
2
11
14
21
-2.4
50
-180
41
0.75
7
W0$125
0
ENDBLK
0
BLOCK
2
PART_TOP_104
8
0
10
0
20
0
3
PART_TOP_104
70
64
0
INSERT
2
SYM_TOP_17
8
0
10
0
20
0
0
INSERT
2
PKG_13
8
0
10
0
20
0
0
TEXT
8
LABEL_INFO
10
0
20
0
40
0.875
1
1 0 1 1 0 1
72
1
73
1
11
0
21
0
41
0.75
7
W0$125
0
TEXT
8
LABEL_ATTRIBUTE
10
0
20
0
40
0.875
1
PartType
72
1
73
1
11
0
21
0
41
0.75
7
W0$125
0
TEXT
8
PART_TYPE_01
10
0
20
0
40
0.875
1
R1608
72
1
73
2
11
0
21
0
50
-180
41
0.75
7
W0$125
0
TEXT
8
LABEL_INFO
10
14
20
0.1
40
0.875
1
1 324000000 0 1 0 1
73
1
11
14
21
0.1
50
180
41
0.75
7
W0$125
0
TEXT
8
LABEL_ATTRIBUTE
10
14
20
0.1
40
0.875
1
Ref.Des.
73
1
11
14
21
0.1
50
180
41
0.75
7
W0$125
0
TEXT
8
PART_NAME_01
10
14
20
0.1
40
0.875
1
R76
73
2
11
14
21
0.1
50
-180
41
0.75
7
W0$125
0
TEXT
8
PART_INFO
10
14
20
-1.15
40
0.875
1
000000
73
2
11
14
21
-1.15
50
-180
41
0.75
7
W0$125
0
TEXT
8
PART_PTS
10
14
20
-2.4
40
0.875
1
1 2 
73
2
11
14
21
-2.4
50
-180
41
0.75
7
W0$125
0
ENDBLK
0
BLOCK
2
PART_TOP_105
8
0
10
0
20
0
3
PART_TOP_105
70
64
0
INSERT
2
SYM_TOP_17
8
0
10
0
20
0
0
INSERT
2
PKG_13
8
0
10
0
20
0
0
TEXT
8
LABEL_INFO
10
0
20
0
40
0.875
1
1 0 1 1 0 1
72
1
73
1
11
0
21
0
41
0.75
7
W0$125
0
TEXT
8
LABEL_ATTRIBUTE
10
0
20
0
40
0.875
1
PartType
72
1
73
1
11
0
21
0
41
0.75
7
W0$125
0
TEXT
8
PART_TYPE_01
10
0
20
0
40
0.875
1
R1608
72
1
73
2
11
0
21
0
41
0.75
7
W0$125
0
TEXT
8
LABEL_INFO
10
-3.4
20
-0.1
40
0.875
1
1 0 0 1 0 1
73
1
11
-3.4
21
-0.1
41
0.75
7
W0$125
0
TEXT
8
LABEL_ATTRIBUTE
10
-3.4
20
-0.1
40
0.875
1
Ref.Des.
73
1
11
-3.4
21
-0.1
41
0.75
7
W0$125
0
TEXT
8
PART_NAME_01
10
-3.4
20
-0.1
40
0.875
1
R77
73
2
11
-3.4
21
-0.1
41
0.75
7
W0$125
0
TEXT
8
PART_INFO
10
-3.4
20
-1.35
40
0.875
1
000000
73
2
11
-3.4
21
-1.35
41
0.75
7
W0$125
0
TEXT
8
PART_PTS
10
-3.4
20
-2.6
40
0.875
1
1 2 
73
2
11
-3.4
21
-2.6
41
0.75
7
W0$125
0
ENDBLK
0
BLOCK
2
PART_TOP_106
8
0
10
0
20
0
3
PART_TOP_106
70
64
0
INSERT
2
SYM_TOP_17
8
0
10
0
20
0
0
INSERT
2
PKG_13
8
0
10
0
20
0
0
TEXT
8
LABEL_INFO
10
0
20
0
40
0.875
1
1 0 1 1 0 1
72
1
73
1
11
0
21
0
41
0.75
7
W0$125
0
TEXT
8
LABEL_ATTRIBUTE
10
0
20
0
40
0.875
1
PartType
72
1
73
1
11
0
21
0
41
0.75
7
W0$125
0
TEXT
8
PART_TYPE_01
10
0
20
0
40
0.875
1
R1608
72
1
73
2
11
0
21
0
50
-180
41
0.75
7
W0$125
0
TEXT
8
LABEL_INFO
10
14
20
0.1
40
0.875
1
1 324000000 0 1 0 1
73
1
11
14
21
0.1
50
180
41
0.75
7
W0$125
0
TEXT
8
LABEL_ATTRIBUTE
10
14
20
0.1
40
0.875
1
Ref.Des.
73
1
11
14
21
0.1
50
180
41
0.75
7
W0$125
0
TEXT
8
PART_NAME_01
10
14
20
0.1
40
0.875
1
R78
73
2
11
14
21
0.1
50
-180
41
0.75
7
W0$125
0
TEXT
8
PART_INFO
10
14
20
-1.15
40
0.875
1
000000
73
2
11
14
21
-1.15
50
-180
41
0.75
7
W0$125
0
TEXT
8
PART_PTS
10
14
20
-2.4
40
0.875
1
1 2 
73
2
11
14
21
-2.4
50
-180
41
0.75
7
W0$125
0
ENDBLK
0
BLOCK
2
PART_TOP_107
8
0
10
0
20
0
3
PART_TOP_107
70
64
0
INSERT
2
SYM_TOP_17
8
0
10
0
20
0
0
INSERT
2
PKG_13
8
0
10
0
20
0
0
TEXT
8
LABEL_INFO
10
0
20
0
40
0.875
1
1 0 1 1 0 1
72
1
73
1
11
0
21
0
41
0.75
7
W0$125
0
TEXT
8
LABEL_ATTRIBUTE
10
0
20
0
40
0.875
1
PartType
72
1
73
1
11
0
21
0
41
0.75
7
W0$125
0
TEXT
8
PART_TYPE_01
10
0
20
0
40
0.875
1
R1608
72
1
73
2
11
0
21
0
41
0.75
7
W0$125
0
TEXT
8
LABEL_INFO
10
2.5
20
0.1
40
0.875
1
1 0 0 1 0 1
73
1
11
2.5
21
0.1
41
0.75
7
W0$125
0
TEXT
8
LABEL_ATTRIBUTE
10
2.5
20
0.1
40
0.875
1
Ref.Des.
73
1
11
2.5
21
0.1
41
0.75
7
W0$125
0
TEXT
8
PART_NAME_01
10
2.5
20
0.1
40
0.875
1
R79
73
2
11
2.5
21
0.1
41
0.75
7
W0$125
0
TEXT
8
PART_INFO
10
2.5
20
-1.15
40
0.875
1
000000
73
2
11
2.5
21
-1.15
41
0.75
7
W0$125
0
TEXT
8
PART_PTS
10
2.5
20
-2.4
40
0.875
1
1 2 
73
2
11
2.5
21
-2.4
41
0.75
7
W0$125
0
ENDBLK
0
BLOCK
2
PART_TOP_108
8
0
10
0
20
0
3
PART_TOP_108
70
64
0
INSERT
2
SYM_TOP_17
8
0
10
0
20
0
0
INSERT
2
PKG_13
8
0
10
0
20
0
0
TEXT
8
LABEL_INFO
10
0
20
0
40
0.875
1
1 0 1 1 0 1
72
1
73
1
11
0
21
0
41
0.75
7
W0$125
0
TEXT
8
LABEL_ATTRIBUTE
10
0
20
0
40
0.875
1
PartType
72
1
73
1
11
0
21
0
41
0.75
7
W0$125
0
TEXT
8
PART_TYPE_01
10
0
20
0
40
0.875
1
R1608
72
1
73
2
11
0
21
0
50
-180
41
0.75
7
W0$125
0
TEXT
8
LABEL_INFO
10
-2.1
20
-0.1
40
0.875
1
1 324000000 0 1 0 1
73
1
11
-2.1
21
-0.1
50
180
41
0.75
7
W0$125
0
TEXT
8
LABEL_ATTRIBUTE
10
-2.1
20
-0.1
40
0.875
1
Ref.Des.
73
1
11
-2.1
21
-0.1
50
180
41
0.75
7
W0$125
0
TEXT
8
PART_NAME_01
10
-2.1
20
-0.1
40
0.875
1
R8
73
2
11
-2.1
21
-0.1
50
-180
41
0.75
7
W0$125
0
TEXT
8
PART_INFO
10
-2.1
20
-1.35
40
0.875
1
000000
73
2
11
-2.1
21
-1.35
50
-180
41
0.75
7
W0$125
0
TEXT
8
PART_PTS
10
-2.1
20
-2.6
40
0.875
1
1 2 
73
2
11
-2.1
21
-2.6
50
-180
41
0.75
7
W0$125
0
ENDBLK
0
BLOCK
2
PART_TOP_109
8
0
10
0
20
0
3
PART_TOP_109
70
64
0
INSERT
2
SYM_TOP_17
8
0
10
0
20
0
0
INSERT
2
PKG_13
8
0
10
0
20
0
0
TEXT
8
LABEL_INFO
10
0
20
0
40
0.875
1
1 0 1 1 0 1
72
1
73
1
11
0
21
0
41
0.75
7
W0$125
0
TEXT
8
LABEL_ATTRIBUTE
10
0
20
0
40
0.875
1
PartType
72
1
73
1
11
0
21
0
41
0.75
7
W0$125
0
TEXT
8
PART_TYPE_01
10
0
20
0
40
0.875
1
R1608
72
1
73
2
11
0
21
0
50
-180
41
0.75
7
W0$125
0
TEXT
8
LABEL_INFO
10
3.3
20
-0.0999993333
40
0.875
1
1 324000000 0 1 0 1
73
1
11
3.3
21
-0.0999993333
50
180
41
0.75
7
W0$125
0
TEXT
8
LABEL_ATTRIBUTE
10
3.3
20
-0.0999993333
40
0.875
1
Ref.Des.
73
1
11
3.3
21
-0.0999993333
50
180
41
0.75
7
W0$125
0
TEXT
8
PART_NAME_01
10
3.3
20
-0.0999993333
40
0.875
1
R80
73
2
11
3.3
21
-0.0999993333
50
-180
41
0.75
7
W0$125
0
TEXT
8
PART_INFO
10
3.3
20
-1.3499993333
40
0.875
1
000000
73
2
11
3.3
21
-1.3499993333
50
-180
41
0.75
7
W0$125
0
TEXT
8
PART_PTS
10
3.3
20
-2.5999993333
40
0.875
1
1 2 
73
2
11
3.3
21
-2.5999993333
50
-180
41
0.75
7
W0$125
0
ENDBLK
0
BLOCK
2
PART_TOP_110
8
0
10
0
20
0
3
PART_TOP_110
70
64
0
INSERT
2
SYM_TOP_17
8
0
10
0
20
0
0
INSERT
2
PKG_13
8
0
10
0
20
0
0
TEXT
8
LABEL_INFO
10
0
20
0
40
0.875
1
1 0 1 1 0 1
72
1
73
1
11
0
21
0
41
0.75
7
W0$125
0
TEXT
8
LABEL_ATTRIBUTE
10
0
20
0
40
0.875
1
PartType
72
1
73
1
11
0
21
0
41
0.75
7
W0$125
0
TEXT
8
PART_TYPE_01
10
0
20
0
40
0.875
1
R1608
72
1
73
2
11
0
21
0
41
0.75
7
W0$125
0
TEXT
8
LABEL_INFO
10
-3.3
20
0
40
0.875
1
1 0 0 1 0 1
73
1
11
-3.3
21
0
41
0.75
7
W0$125
0
TEXT
8
LABEL_ATTRIBUTE
10
-3.3
20
0
40
0.875
1
Ref.Des.
73
1
11
-3.3
21
0
41
0.75
7
W0$125
0
TEXT
8
PART_NAME_01
10
-3.3
20
0
40
0.875
1
R81
73
2
11
-3.3
21
0
41
0.75
7
W0$125
0
TEXT
8
PART_INFO
10
-3.3
20
-1.25
40
0.875
1
000000
73
2
11
-3.3
21
-1.25
41
0.75
7
W0$125
0
TEXT
8
PART_PTS
10
-3.3
20
-2.5
40
0.875
1
1 2 
73
2
11
-3.3
21
-2.5
41
0.75
7
W0$125
0
ENDBLK
0
BLOCK
2
PART_TOP_111
8
0
10
0
20
0
3
PART_TOP_111
70
64
0
INSERT
2
SYM_TOP_17
8
0
10
0
20
0
0
INSERT
2
PKG_13
8
0
10
0
20
0
0
TEXT
8
LABEL_INFO
10
0
20
0
40
0.875
1
1 0 1 1 0 1
72
1
73
1
11
0
21
0
41
0.75
7
W0$125
0
TEXT
8
LABEL_ATTRIBUTE
10
0
20
0
40
0.875
1
PartType
72
1
73
1
11
0
21
0
41
0.75
7
W0$125
0
TEXT
8
PART_TYPE_01
10
0
20
0
40
0.875
1
R1608
72
1
73
2
11
0
21
0
41
0.75
7
W0$125
0
TEXT
8
LABEL_INFO
10
-2.3
20
-0.8
40
0.875
1
1 162000000 0 1 0 1
73
1
11
-2.3
21
-0.8
50
90
41
0.75
7
W0$125
0
TEXT
8
LABEL_ATTRIBUTE
10
-2.3
20
-0.8
40
0.875
1
Ref.Des.
73
1
11
-2.3
21
-0.8
50
90
41
0.75
7
W0$125
0
TEXT
8
PART_NAME_01
10
-2.3
20
-0.8
40
0.875
1
R82
73
2
11
-2.3
21
-0.8
50
90
41
0.75
7
W0$125
0
TEXT
8
PART_INFO
10
-2.3
20
-2.05
40
0.875
1
000000
73
2
11
-2.3
21
-2.05
50
90
41
0.75
7
W0$125
0
TEXT
8
PART_PTS
10
-2.3
20
-3.3
40
0.875
1
1 2 
73
2
11
-2.3
21
-3.3
50
90
41
0.75
7
W0$125
0
ENDBLK
0
BLOCK
2
PART_TOP_112
8
0
10
0
20
0
3
PART_TOP_112
70
64
0
INSERT
2
SYM_TOP_17
8
0
10
0
20
0
0
INSERT
2
PKG_13
8
0
10
0
20
0
0
TEXT
8
LABEL_INFO
10
0
20
0
40
0.875
1
1 0 1 1 0 1
72
1
73
1
11
0
21
0
41
0.75
7
W0$125
0
TEXT
8
LABEL_ATTRIBUTE
10
0
20
0
40
0.875
1
PartType
72
1
73
1
11
0
21
0
41
0.75
7
W0$125
0
TEXT
8
PART_TYPE_01
10
0
20
0
40
0.875
1
R1608
72
1
73
2
11
0
21
0
41
0.75
7
W0$125
0
TEXT
8
LABEL_INFO
10
0.7
20
1.5
40
0.875
1
1 0 0 1 0 1
73
1
11
0.7
21
1.5
41
0.75
7
W0$125
0
TEXT
8
LABEL_ATTRIBUTE
10
0.7
20
1.5
40
0.875
1
Ref.Des.
73
1
11
0.7
21
1.5
41
0.75
7
W0$125
0
TEXT
8
PART_NAME_01
10
0.7
20
1.5
40
0.875
1
R83
73
2
11
0.7
21
1.5
41
0.75
7
W0$125
0
TEXT
8
PART_INFO
10
0.7
20
0.25
40
0.875
1
000000
73
2
11
0.7
21
0.25
41
0.75
7
W0$125
0
TEXT
8
PART_PTS
10
0.7
20
-1
40
0.875
1
1 2 
73
2
11
0.7
21
-1
41
0.75
7
W0$125
0
ENDBLK
0
BLOCK
2
PART_TOP_113
8
0
10
0
20
0
3
PART_TOP_113
70
64
0
INSERT
2
SYM_TOP_17
8
0
10
0
20
0
0
INSERT
2
PKG_13
8
0
10
0
20
0
0
TEXT
8
LABEL_INFO
10
0
20
0
40
0.875
1
1 0 1 1 0 1
72
1
73
1
11
0
21
0
41
0.75
7
W0$125
0
TEXT
8
LABEL_ATTRIBUTE
10
0
20
0
40
0.875
1
PartType
72
1
73
1
11
0
21
0
41
0.75
7
W0$125
0
TEXT
8
PART_TYPE_01
10
0
20
0
40
0.875
1
R1608
72
1
73
2
11
0
21
0
41
0.75
7
W0$125
0
TEXT
8
LABEL_INFO
10
-3.4
20
0.1
40
0.875
1
1 0 0 1 0 1
73
1
11
-3.4
21
0.1
41
0.75
7
W0$125
0
TEXT
8
LABEL_ATTRIBUTE
10
-3.4
20
0.1
40
0.875
1
Ref.Des.
73
1
11
-3.4
21
0.1
41
0.75
7
W0$125
0
TEXT
8
PART_NAME_01
10
-3.4
20
0.1
40
0.875
1
R84
73
2
11
-3.4
21
0.1
41
0.75
7
W0$125
0
TEXT
8
PART_INFO
10
-3.4
20
-1.15
40
0.875
1
000000
73
2
11
-3.4
21
-1.15
41
0.75
7
W0$125
0
TEXT
8
PART_PTS
10
-3.4
20
-2.4
40
0.875
1
1 2 
73
2
11
-3.4
21
-2.4
41
0.75
7
W0$125
0
ENDBLK
0
BLOCK
2
PART_TOP_114
8
0
10
0
20
0
3
PART_TOP_114
70
64
0
INSERT
2
SYM_TOP_17
8
0
10
0
20
0
0
INSERT
2
PKG_13
8
0
10
0
20
0
0
TEXT
8
LABEL_INFO
10
0
20
0
40
0.875
1
1 0 1 1 0 1
72
1
73
1
11
0
21
0
41
0.75
7
W0$125
0
TEXT
8
LABEL_ATTRIBUTE
10
0
20
0
40
0.875
1
PartType
72
1
73
1
11
0
21
0
41
0.75
7
W0$125
0
TEXT
8
PART_TYPE_01
10
0
20
0
40
0.875
1
R1608
72
1
73
2
11
0
21
0
41
0.75
7
W0$125
0
TEXT
8
LABEL_INFO
10
-0.7999993333
20
-1.3
40
0.875
1
1 0 0 1 0 1
73
1
11
-0.7999993333
21
-1.3
41
0.75
7
W0$125
0
TEXT
8
LABEL_ATTRIBUTE
10
-0.7999993333
20
-1.3
40
0.875
1
Ref.Des.
73
1
11
-0.7999993333
21
-1.3
41
0.75
7
W0$125
0
TEXT
8
PART_NAME_01
10
-0.7999993333
20
-1.3
40
0.875
1
R85
73
2
11
-0.7999993333
21
-1.3
41
0.75
7
W0$125
0
TEXT
8
PART_INFO
10
-0.7999993333
20
-2.55
40
0.875
1
000000
73
2
11
-0.7999993333
21
-2.55
41
0.75
7
W0$125
0
TEXT
8
PART_PTS
10
-0.7999993333
20
-3.8
40
0.875
1
1 2 
73
2
11
-0.7999993333
21
-3.8
41
0.75
7
W0$125
0
ENDBLK
0
BLOCK
2
PART_TOP_115
8
0
10
0
20
0
3
PART_TOP_115
70
64
0
INSERT
2
SYM_TOP_17
8
0
10
0
20
0
0
INSERT
2
PKG_13
8
0
10
0
20
0
0
TEXT
8
LABEL_INFO
10
0
20
0
40
0.875
1
1 0 1 1 0 1
72
1
73
1
11
0
21
0
41
0.75
7
W0$125
0
TEXT
8
LABEL_ATTRIBUTE
10
0
20
0
40
0.875
1
PartType
72
1
73
1
11
0
21
0
41
0.75
7
W0$125
0
TEXT
8
PART_TYPE_01
10
0
20
0
40
0.875
1
R1608
72
1
73
2
11
0
21
0
50
-180
41
0.75
7
W0$125
0
TEXT
8
LABEL_INFO
10
0.7999993333
20
1.2
40
0.875
1
1 324000000 0 1 0 1
73
1
11
0.7999993333
21
1.2
50
180
41
0.75
7
W0$125
0
TEXT
8
LABEL_ATTRIBUTE
10
0.7999993333
20
1.2
40
0.875
1
Ref.Des.
73
1
11
0.7999993333
21
1.2
50
180
41
0.75
7
W0$125
0
TEXT
8
PART_NAME_01
10
0.7999993333
20
1.2
40
0.875
1
R86
73
2
11
0.7999993333
21
1.2
50
-180
41
0.75
7
W0$125
0
TEXT
8
PART_INFO
10
0.7999993333
20
-0.05
40
0.875
1
000000
73
2
11
0.7999993333
21
-0.05
50
-180
41
0.75
7
W0$125
0
TEXT
8
PART_PTS
10
0.7999993333
20
-1.3
40
0.875
1
1 2 
73
2
11
0.7999993333
21
-1.3
50
-180
41
0.75
7
W0$125
0
ENDBLK
0
BLOCK
2
PART_BOT_116
8
0
10
0
20
0
3
PART_BOT_116
70
64
0
INSERT
2
SYM_BOT_17
8
0
10
0
20
0
0
INSERT
2
PKG_13
8
0
10
0
20
0
41
-1
0
TEXT
8
LABEL_INFO
10
0
20
0
40
0.875
1
1 0 1 1 0 1
72
1
73
1
11
0
21
0
41
0.75
7
W0$125
0
TEXT
8
LABEL_ATTRIBUTE
10
0
20
0
40
0.875
1
PartType
72
1
73
1
11
0
21
0
41
0.75
7
W0$125
0
TEXT
8
PART_TYPE_04
10
0
20
0
40
0.875
1
R1608
72
1
73
2
11
0
21
0
50
-180
41
0.75
7
W0$125
0
TEXT
8
LABEL_INFO
10
-2.2
20
0
40
0.875
1
1 324000000 0 1 0 1
73
1
11
-2.2
21
0
50
180
41
0.75
7
W0$125
0
TEXT
8
LABEL_ATTRIBUTE
10
-2.2
20
0
40
0.875
1
Ref.Des.
73
1
11
-2.2
21
0
50
180
41
0.75
7
W0$125
0
TEXT
8
PART_NAME_04
10
-2.2
20
0
40
0.875
1
R9
73
2
11
-2.2
21
0
50
-180
41
0.75
7
W0$125
0
TEXT
8
PART_INFO
10
-2.2
20
-1.25
40
0.875
1
000000
71
2
73
2
11
-2.2
21
-1.25
50
-180
41
0.75
7
W0$125
0
TEXT
8
PART_PTS
10
-2.2
20
-2.5
40
0.875
1
1 2 
71
2
73
2
11
-2.2
21
-2.5
50
-180
41
0.75
7
W0$125
0
ENDBLK
0
BLOCK
2
PART_BOT_117
8
0
10
0
20
0
3
PART_BOT_117
70
64
0
INSERT
2
SYM_BOT_19
8
0
10
0
20
0
0
INSERT
2
PKG_14
8
0
10
0
20
0
41
-1
0
TEXT
8
LABEL_INFO
10
-6.2520493333
20
-4
40
0.875
1
1 162000000 0 1 0 1
73
1
11
-6.2520493333
21
-4
50
90
41
0.75
7
W0$125
0
TEXT
8
LABEL_ATTRIBUTE
10
-6.2520493333
20
-4
40
0.875
1
Ref.Des.
73
1
11
-6.2520493333
21
-4
50
90
41
0.75
7
W0$125
0
TEXT
8
PART_NAME_04
10
-6.2520493333
20
-4
40
0.875
1
J1
73
2
11
-6.2520493333
21
-4
50
-270
41
0.75
7
W0$125
0
TEXT
8
LABEL_INFO
10
0.5
20
0
40
0.889
1
0 0 0 2 0 1
73
2
11
0.5
21
0
41
0.75
7
W0$127
0
TEXT
8
LABEL_ATTRIBUTE
10
0.5
20
0
40
0.889
1
PartType
73
2
11
0.5
21
0
41
0.75
7
W0$127
0
TEXT
8
PART_TYPE_04
10
0.5
20
0
40
0.889
1
SFV10R-2STE1HLF
73
3
11
0.5
21
0
41
0.75
7
W0$127
0
TEXT
8
PART_INFO
10
0.5
20
-1.27
40
0.889
1
000010
71
2
73
3
11
0.5
21
-1.27
41
0.75
7
W0$127
0
TEXT
8
PART_PTS
10
0.5
20
-2.54
40
0.889
1
1 2 3 4 5 6 7 8 9 10 
71
2
73
3
11
0.5
21
-2.54
41
0.75
7
W0$127
0
ENDBLK
0
BLOCK
2
PART_BOT_118
8
0
10
0
20
0
3
PART_BOT_118
70
64
0
INSERT
2
SYM_BOT_20
8
0
10
0
20
0
0
INSERT
2
PKG_15
8
0
10
0
20
0
41
-1
0
TEXT
8
LABEL_INFO
10
-1
20
0
40
0.889
1
0 0 0 2 0 1
73
2
11
-1
21
0
41
0.75
7
W0$127
0
TEXT
8
LABEL_ATTRIBUTE
10
-1
20
0
40
0.889
1
PartType
73
2
11
-1
21
0
41
0.75
7
W0$127
0
TEXT
8
PART_TYPE_04
10
-1
20
0
40
0.889
1
SFV16R-2STE1HLF
73
3
11
-1
21
0
41
0.75
7
W0$127
0
TEXT
8
LABEL_INFO
10
-7.6999993333
20
-4.2
40
0.875
1
1 162000000 0 1 0 1
73
1
11
-7.6999993333
21
-4.2
50
90
41
0.75
7
W0$125
0
TEXT
8
LABEL_ATTRIBUTE
10
-7.6999993333
20
-4.2
40
0.875
1
Ref.Des.
73
1
11
-7.6999993333
21
-4.2
50
90
41
0.75
7
W0$125
0
TEXT
8
PART_NAME_04
10
-7.6999993333
20
-4.2
40
0.875
1
J2
73
2
11
-7.6999993333
21
-4.2
50
-270
41
0.75
7
W0$125
0
TEXT
8
PART_INFO
10
-7.6999993333
20
-5.45
40
0.875
1
000010
71
2
73
2
11
-7.6999993333
21
-5.45
50
-270
41
0.75
7
W0$125
0
TEXT
8
PART_PTS
10
-7.6999993333
20
-6.7
40
0.875
1
1 2 3 4 5 6 7 8 9 10 11 12 13 14 15 16 
71
2
73
2
11
-7.6999993333
21
-6.7
50
-270
41
0.75
7
W0$125
0
ENDBLK
0
BLOCK
2
PART_TOP_119
8
0
10
0
20
0
3
PART_TOP_119
70
64
0
INSERT
2
SYM_TOP_20
8
0
10
0
20
0
0
INSERT
2
PKG_15
8
0
10
0
20
0
0
TEXT
8
LABEL_INFO
10
-1
20
0
40
0.889
1
0 0 0 2 0 1
73
2
11
-1
21
0
41
0.75
7
W0$127
0
TEXT
8
LABEL_ATTRIBUTE
10
-1
20
0
40
0.889
1
PartType
73
2
11
-1
21
0
41
0.75
7
W0$127
0
TEXT
8
PART_TYPE_01
10
-1
20
0
40
0.889
1
SFV16R-2STE1HLF
73
3
11
-1
21
0
41
0.75
7
W0$127
0
TEXT
8
LABEL_INFO
10
7.8
20
-3.1999993333
40
0.875
1
1 486000000 0 1 0 1
73
1
11
7.8
21
-3.1999993333
50
270
41
0.75
7
W0$125
0
TEXT
8
LABEL_ATTRIBUTE
10
7.8
20
-3.1999993333
40
0.875
1
Ref.Des.
73
1
11
7.8
21
-3.1999993333
50
270
41
0.75
7
W0$125
0
TEXT
8
PART_NAME_01
10
7.8
20
-3.1999993333
40
0.875
1
J7
73
2
11
7.8
21
-3.1999993333
50
-90
41
0.75
7
W0$125
0
TEXT
8
PART_INFO
10
7.8
20
-4.4499993333
40
0.875
1
000000
73
2
11
7.8
21
-4.4499993333
50
-90
41
0.75
7
W0$125
0
TEXT
8
PART_PTS
10
7.8
20
-5.6999993333
40
0.875
1
1 2 3 4 5 6 7 8 9 10 11 12 13 14 15 16 
73
2
11
7.8
21
-5.6999993333
50
-90
41
0.75
7
W0$125
0
ENDBLK
0
BLOCK
2
PART_BOT_120
8
0
10
0
20
0
3
PART_BOT_120
70
64
0
INSERT
2
SYM_BOT_21
8
0
10
0
20
0
0
INSERT
2
PKG_16
8
0
10
0
20
0
41
-1
0
TEXT
8
LABEL_INFO
10
-8.5
20
-3.1
40
0.875
1
1 486000000 0 1 0 1
73
1
11
-8.5
21
-3.1
50
270
41
0.75
7
W0$125
0
TEXT
8
LABEL_ATTRIBUTE
10
-8.5
20
-3.1
40
0.875
1
Ref.Des.
73
1
11
-8.5
21
-3.1
50
270
41
0.75
7
W0$125
0
TEXT
8
PART_NAME_04
10
-8.5
20
-3.1
40
0.875
1
J8
73
2
11
-8.5
21
-3.1
50
-90
41
0.75
7
W0$125
0
TEXT
8
LABEL_INFO
10
0
20
0
40
0.875
1
1 0 0 1 0 1
73
1
11
0
21
0
41
0.75
7
W0$125
0
TEXT
8
LABEL_ATTRIBUTE
10
0
20
0
40
0.875
1
PartType
73
1
11
0
21
0
41
0.75
7
W0$125
0
TEXT
8
PART_TYPE_04
10
0
20
0
40
0.875
1
SFV20R-2STE1HLF
73
2
11
0
21
0
41
0.75
7
W0$125
0
TEXT
8
PART_INFO
10
0
20
-1.25
40
0.875
1
000000
71
2
73
2
11
0
21
-1.25
41
0.75
7
W0$125
0
TEXT
8
PART_PTS
10
0
20
-2.5
40
0.875
1
1 2 3 4 5 6 7 8 9 10 11 12 13 14 15 16 17 18 19 20 
71
2
73
2
11
0
21
-2.5
41
0.75
7
W0$125
0
ENDBLK
0
BLOCK
2
PART_TOP_121
8
0
10
0
20
0
3
PART_TOP_121
70
64
0
INSERT
2
SYM_TOP_22
8
0
10
0
20
0
0
INSERT
2
PKG_17
8
0
10
0
20
0
0
TEXT
8
LABEL_INFO
10
3
20
0.8
40
0.875
1
1 486000000 0 1 0 1
73
1
11
3
21
0.8
50
270
41
0.75
7
W0$125
0
TEXT
8
LABEL_ATTRIBUTE
10
3
20
0.8
40
0.875
1
Ref.Des.
73
1
11
3
21
0.8
50
270
41
0.75
7
W0$125
0
TEXT
8
PART_NAME_01
10
3
20
0.8
40
0.875
1
D18
73
2
11
3
21
0.8
50
-90
41
0.75
7
W0$125
0
TEXT
8
LABEL_INFO
10
0
20
0
40
0.875
1
1 0 1 1 0 1
72
1
73
1
11
0
21
0
41
0.75
7
W0$125
0
TEXT
8
LABEL_ATTRIBUTE
10
0
20
0
40
0.875
1
PartType
72
1
73
1
11
0
21
0
41
0.75
7
W0$125
0
TEXT
8
PART_TYPE_01
10
0
20
0
40
0.875
1
SOD-123FL
72
1
73
2
11
0
21
0
41
0.75
7
W0$125
0
TEXT
8
PART_INFO
10
0
20
-1.25
40
0.875
1
000000
72
1
73
2
11
0
21
-1.25
41
0.75
7
W0$125
0
TEXT
8
PART_PTS
10
0
20
-2.5
40
0.875
1
1 2 
72
1
73
2
11
0
21
-2.5
41
0.75
7
W0$125
0
ENDBLK
0
BLOCK
2
PART_TOP_122
8
0
10
0
20
0
3
PART_TOP_122
70
64
0
INSERT
2
SYM_TOP_23
8
0
10
0
20
0
0
INSERT
2
PKG_18
8
0
10
0
20
0
0
TEXT
8
LABEL_INFO
10
0
20
0
40
0.875
1
1 0 1 1 0 1
72
1
73
1
11
0
21
0
41
0.75
7
W0$125
0
TEXT
8
LABEL_ATTRIBUTE
10
0
20
0
40
0.875
1
PartType
72
1
73
1
11
0
21
0
41
0.75
7
W0$125
0
TEXT
8
PART_TYPE_01
10
0
20
0
40
0.875
1
SOD523_1
72
1
73
2
11
0
21
0
41
0.75
7
W0$125
0
TEXT
8
LABEL_INFO
10
1.6
20
0.1
40
0.875
1
1 0 0 1 0 1
73
1
11
1.6
21
0.1
41
0.75
7
W0$125
0
TEXT
8
LABEL_ATTRIBUTE
10
1.6
20
0.1
40
0.875
1
Ref.Des.
73
1
11
1.6
21
0.1
41
0.75
7
W0$125
0
TEXT
8
PART_NAME_01
10
1.6
20
0.1
40
0.875
1
D1
73
2
11
1.6
21
0.1
41
0.75
7
W0$125
0
TEXT
8
PART_INFO
10
1.6
20
-1.15
40
0.875
1
000000
73
2
11
1.6
21
-1.15
41
0.75
7
W0$125
0
TEXT
8
PART_PTS
10
1.6
20
-2.4
40
0.875
1
1 2 
73
2
11
1.6
21
-2.4
41
0.75
7
W0$125
0
ENDBLK
0
BLOCK
2
PART_TOP_123
8
0
10
0
20
0
3
PART_TOP_123
70
64
0
INSERT
2
SYM_TOP_24
8
0
10
0
20
0
0
INSERT
2
PKG_19
8
0
10
0
20
0
0
TEXT
8
LABEL_INFO
10
0
20
0
40
0.889
1
0 0 0 2 0 1
73
2
11
0
21
0
41
0.75
7
W0$127
0
TEXT
8
LABEL_ATTRIBUTE
10
0
20
0
40
0.889
1
PartType
73
2
11
0
21
0
41
0.75
7
W0$127
0
TEXT
8
PART_TYPE_01
10
0
20
0
40
0.889
1
SOIC8-P6.0
73
3
11
0
21
0
41
0.75
7
W0$127
0
TEXT
8
LABEL_INFO
10
3.3
20
3.7
40
0.875
1
1 486000000 0 1 0 1
73
1
11
3.3
21
3.7
50
270
41
0.75
7
W0$125
0
TEXT
8
LABEL_ATTRIBUTE
10
3.3
20
3.7
40
0.875
1
Ref.Des.
73
1
11
3.3
21
3.7
50
270
41
0.75
7
W0$125
0
TEXT
8
PART_NAME_01
10
3.3
20
3.7
40
0.875
1
U4
73
2
11
3.3
21
3.7
50
-90
41
0.75
7
W0$125
0
TEXT
8
PART_INFO
10
3.3
20
2.45
40
0.875
1
000000
73
2
11
3.3
21
2.45
50
-90
41
0.75
7
W0$125
0
TEXT
8
PART_PTS
10
3.3
20
1.2
40
0.875
1
1 2 3 4 5 6 8 
73
2
11
3.3
21
1.2
50
-90
41
0.75
7
W0$125
0
ENDBLK
0
BLOCK
2
PART_TOP_124
8
0
10
0
20
0
3
PART_TOP_124
70
64
0
INSERT
2
SYM_TOP_24
8
0
10
0
20
0
0
INSERT
2
PKG_19
8
0
10
0
20
0
0
TEXT
8
LABEL_INFO
10
0
20
0
40
0.889
1
0 0 0 2 0 1
73
2
11
0
21
0
41
0.75
7
W0$127
0
TEXT
8
LABEL_ATTRIBUTE
10
0
20
0
40
0.889
1
PartType
73
2
11
0
21
0
41
0.75
7
W0$127
0
TEXT
8
PART_TYPE_01
10
0
20
0
40
0.889
1
SOIC8-P6.0
73
3
11
0
21
0
41
0.75
7
W0$127
0
TEXT
8
LABEL_INFO
10
-3.3
20
-2.6
40
0.875
1
1 486000000 0 1 0 1
73
1
11
-3.3
21
-2.6
50
270
41
0.75
7
W0$125
0
TEXT
8
LABEL_ATTRIBUTE
10
-3.3
20
-2.6
40
0.875
1
Ref.Des.
73
1
11
-3.3
21
-2.6
50
270
41
0.75
7
W0$125
0
TEXT
8
PART_NAME_01
10
-3.3
20
-2.6
40
0.875
1
U5
73
2
11
-3.3
21
-2.6
50
-90
41
0.75
7
W0$125
0
TEXT
8
PART_INFO
10
-3.3
20
-3.85
40
0.875
1
000000
73
2
11
-3.3
21
-3.85
50
-90
41
0.75
7
W0$125
0
TEXT
8
PART_PTS
10
-3.3
20
-5.1
40
0.875
1
1 2 3 4 5 6 7 8 
73
2
11
-3.3
21
-5.1
50
-90
41
0.75
7
W0$125
0
ENDBLK
0
BLOCK
2
PART_TOP_125
8
0
10
0
20
0
3
PART_TOP_125
70
64
0
INSERT
2
SYM_TOP_25
8
0
10
0
20
0
0
INSERT
2
PKG_20
8
0
10
0
20
0
0
TEXT
8
LABEL_INFO
10
-2.6
20
5.4
40
0.875
1
1 0 0 1 0 1
73
1
11
-2.6
21
5.4
41
0.75
7
W0$125
0
TEXT
8
LABEL_ATTRIBUTE
10
-2.6
20
5.4
40
0.875
1
Ref.Des.
73
1
11
-2.6
21
5.4
41
0.75
7
W0$125
0
TEXT
8
PART_NAME_01
10
-2.6
20
5.4
40
0.875
1
U6
73
2
11
-2.6
21
5.4
41
0.75
7
W0$125
0
TEXT
8
LABEL_INFO
10
0
20
0
40
0.889
1
0 0 0 2 0 1
73
2
11
0
21
0
41
0.75
7
W0$127
0
TEXT
8
LABEL_ATTRIBUTE
10
0
20
0
40
0.889
1
PartType
73
2
11
0
21
0
41
0.75
7
W0$127
0
TEXT
8
PART_TYPE_01
10
0
20
0
40
0.889
1
SOIC8-P7.8
73
3
11
0
21
0
41
0.75
7
W0$127
0
TEXT
8
PART_INFO
10
0
20
-1.27
40
0.889
1
000000
73
3
11
0
21
-1.27
41
0.75
7
W0$127
0
TEXT
8
PART_PTS
10
0
20
-2.54
40
0.889
1
1 2 3 4 5 6 7 8 
73
3
11
0
21
-2.54
41
0.75
7
W0$127
0
ENDBLK
0
BLOCK
2
PART_TOP_126
8
0
10
0
20
0
3
PART_TOP_126
70
64
0
INSERT
2
SYM_TOP_26
8
0
10
0
20
0
0
INSERT
2
PKG_21
8
0
10
0
20
0
0
TEXT
8
LABEL_INFO
10
-0.2799093333
20
-4.6191246667
40
1.2446
1
0 0 1 1 0 1
72
1
73
1
11
-0.2799093333
21
-4.6191246667
41
0.75
7
W0$1778
0
TEXT
8
LABEL_ATTRIBUTE
10
-0.2799093333
20
-4.6191246667
40
1.2446
1
PartType
72
1
73
1
11
-0.2799093333
21
-4.6191246667
41
0.75
7
W0$1778
0
TEXT
8
PART_TYPE_01
10
-0.2799093333
20
-4.6191246667
40
1.2446
1
SOT23-132
72
1
73
2
11
-0.2799093333
21
-4.6191246667
41
0.75
7
W0$1778
0
TEXT
8
LABEL_INFO
10
-0.7
20
3.1
40
0.875
1
1 0 0 1 0 1
73
1
11
-0.7
21
3.1
41
0.75
7
W0$125
0
TEXT
8
LABEL_ATTRIBUTE
10
-0.7
20
3.1
40
0.875
1
Ref.Des.
73
1
11
-0.7
21
3.1
41
0.75
7
W0$125
0
TEXT
8
PART_NAME_01
10
-0.7
20
3.1
40
0.875
1
D17
73
2
11
-0.7
21
3.1
41
0.75
7
W0$125
0
TEXT
8
PART_INFO
10
-0.7
20
1.85
40
0.875
1
000000
73
2
11
-0.7
21
1.85
41
0.75
7
W0$125
0
TEXT
8
PART_PTS
10
-0.7
20
0.6
40
0.875
1
1 2 3 
73
2
11
-0.7
21
0.6
41
0.75
7
W0$125
0
ENDBLK
0
BLOCK
2
PART_BOT_127
8
0
10
0
20
0
3
PART_BOT_127
70
64
0
INSERT
2
SYM_BOT_26
8
0
10
0
20
0
0
INSERT
2
PKG_21
8
0
10
0
20
0
41
-1
0
TEXT
8
LABEL_INFO
10
-0.2799093333
20
-4.6191246667
40
1.2446
1
0 0 1 1 0 1
72
1
73
1
11
-0.2799093333
21
-4.6191246667
41
0.75
7
W0$1778
0
TEXT
8
LABEL_ATTRIBUTE
10
-0.2799093333
20
-4.6191246667
40
1.2446
1
PartType
72
1
73
1
11
-0.2799093333
21
-4.6191246667
41
0.75
7
W0$1778
0
TEXT
8
PART_TYPE_04
10
-0.2799093333
20
-4.6191246667
40
1.2446
1
SOT23-132
72
1
73
2
11
-0.2799093333
21
-4.6191246667
41
0.75
7
W0$1778
0
TEXT
8
LABEL_INFO
10
2.7
20
0.4
40
0.875
1
1 486000000 0 1 0 1
73
1
11
2.7
21
0.4
50
270
41
0.75
7
W0$125
0
TEXT
8
LABEL_ATTRIBUTE
10
2.7
20
0.4
40
0.875
1
Ref.Des.
73
1
11
2.7
21
0.4
50
270
41
0.75
7
W0$125
0
TEXT
8
PART_NAME_04
10
2.7
20
0.4
40
0.875
1
Q1
73
2
11
2.7
21
0.4
50
-90
41
0.75
7
W0$125
0
TEXT
8
PART_INFO
10
2.7
20
-0.85
40
0.875
1
000000
71
2
73
2
11
2.7
21
-0.85
50
-90
41
0.75
7
W0$125
0
TEXT
8
PART_PTS
10
2.7
20
-2.1
40
0.875
1
1 2 3 
71
2
73
2
11
2.7
21
-2.1
50
-90
41
0.75
7
W0$125
0
ENDBLK
0
BLOCK
2
PART_TOP_128
8
0
10
0
20
0
3
PART_TOP_128
70
64
0
INSERT
2
SYM_TOP_26
8
0
10
0
20
0
0
INSERT
2
PKG_21
8
0
10
0
20
0
0
TEXT
8
LABEL_INFO
10
-0.2799093333
20
-4.6191246667
40
1.2446
1
0 0 1 1 0 1
72
1
73
1
11
-0.2799093333
21
-4.6191246667
41
0.75
7
W0$1778
0
TEXT
8
LABEL_ATTRIBUTE
10
-0.2799093333
20
-4.6191246667
40
1.2446
1
PartType
72
1
73
1
11
-0.2799093333
21
-4.6191246667
41
0.75
7
W0$1778
0
TEXT
8
PART_TYPE_01
10
-0.2799093333
20
-4.6191246667
40
1.2446
1
SOT23-132
72
1
73
2
11
-0.2799093333
21
-4.6191246667
41
0.75
7
W0$1778
0
TEXT
8
LABEL_INFO
10
3.4
20
-0.1999993333
40
0.875
1
1 324000000 0 1 0 1
73
1
11
3.4
21
-0.1999993333
50
180
41
0.75
7
W0$125
0
TEXT
8
LABEL_ATTRIBUTE
10
3.4
20
-0.1999993333
40
0.875
1
Ref.Des.
73
1
11
3.4
21
-0.1999993333
50
180
41
0.75
7
W0$125
0
TEXT
8
PART_NAME_01
10
3.4
20
-0.1999993333
40
0.875
1
Q2
73
2
11
3.4
21
-0.1999993333
50
-180
41
0.75
7
W0$125
0
TEXT
8
PART_INFO
10
3.4
20
-1.4499993333
40
0.875
1
000000
73
2
11
3.4
21
-1.4499993333
50
-180
41
0.75
7
W0$125
0
TEXT
8
PART_PTS
10
3.4
20
-2.6999993333
40
0.875
1
1 2 3 
73
2
11
3.4
21
-2.6999993333
50
-180
41
0.75
7
W0$125
0
ENDBLK
0
BLOCK
2
PART_TOP_129
8
0
10
0
20
0
3
PART_TOP_129
70
64
0
INSERT
2
SYM_TOP_27
8
0
10
0
20
0
0
INSERT
2
PKG_22
8
0
10
0
20
0
0
TEXT
8
LABEL_INFO
10
-0.001
20
0.0004373333
40
0.14
1
0 0 0 2 0 1
73
2
11
-0.001
21
0.0004373333
41
0.75
7
W0$002
0
TEXT
8
LABEL_ATTRIBUTE
10
-0.001
20
0.0004373333
40
0.14
1
PartType
73
2
11
-0.001
21
0.0004373333
41
0.75
7
W0$002
0
TEXT
8
PART_TYPE_01
10
-0.001
20
0.0004373333
40
0.14
1
SOT23-5
73
3
11
-0.001
21
0.0004373333
41
0.75
7
W0$002
0
TEXT
8
LABEL_INFO
10
-2.2999993333
20
-2
40
0.875
1
1 162000000 0 1 0 1
73
1
11
-2.2999993333
21
-2
50
90
41
0.75
7
W0$125
0
TEXT
8
LABEL_ATTRIBUTE
10
-2.2999993333
20
-2
40
0.875
1
Ref.Des.
73
1
11
-2.2999993333
21
-2
50
90
41
0.75
7
W0$125
0
TEXT
8
PART_NAME_01
10
-2.2999993333
20
-2
40
0.875
1
U3
73
2
11
-2.2999993333
21
-2
50
-270
41
0.75
7
W0$125
0
TEXT
8
PART_INFO
10
-2.2999993333
20
-3.25
40
0.875
1
000000
73
2
11
-2.2999993333
21
-3.25
50
-270
41
0.75
7
W0$125
0
TEXT
8
PART_PTS
10
-2.2999993333
20
-4.5
40
0.875
1
1 2 3 4 5 
73
2
11
-2.2999993333
21
-4.5
50
-270
41
0.75
7
W0$125
0
ENDBLK
0
BLOCK
2
PART_BOT_130
8
0
10
0
20
0
3
PART_BOT_130
70
64
0
INSERT
2
SYM_BOT_27
8
0
10
0
20
0
0
INSERT
2
PKG_22
8
0
10
0
20
0
41
-1
0
TEXT
8
LABEL_INFO
10
-0.001
20
0.0004373333
40
0.14
1
0 0 0 2 0 1
73
2
11
-0.001
21
0.0004373333
41
0.75
7
W0$002
0
TEXT
8
LABEL_ATTRIBUTE
10
-0.001
20
0.0004373333
40
0.14
1
PartType
73
2
11
-0.001
21
0.0004373333
41
0.75
7
W0$002
0
TEXT
8
PART_TYPE_04
10
-0.001
20
0.0004373333
40
0.14
1
SOT23-5
73
3
11
-0.001
21
0.0004373333
41
0.75
7
W0$002
0
TEXT
8
LABEL_INFO
10
-2.2
20
0.3999993333
40
0.875
1
1 486000000 0 1 0 1
73
1
11
-2.2
21
0.3999993333
50
270
41
0.75
7
W0$125
0
TEXT
8
LABEL_ATTRIBUTE
10
-2.2
20
0.3999993333
40
0.875
1
Ref.Des.
73
1
11
-2.2
21
0.3999993333
50
270
41
0.75
7
W0$125
0
TEXT
8
PART_NAME_04
10
-2.2
20
0.3999993333
40
0.875
1
U7
73
2
11
-2.2
21
0.3999993333
50
-90
41
0.75
7
W0$125
0
TEXT
8
PART_INFO
10
-2.2
20
-0.8500006667
40
0.875
1
000000
71
2
73
2
11
-2.2
21
-0.8500006667
50
-90
41
0.75
7
W0$125
0
TEXT
8
PART_PTS
10
-2.2
20
-2.1000006667
40
0.875
1
1 2 3 5 
71
2
73
2
11
-2.2
21
-2.1000006667
50
-90
41
0.75
7
W0$125
0
ENDBLK
0
BLOCK
2
PART_TOP_131
8
0
10
0
20
0
3
PART_TOP_131
70
64
0
INSERT
2
SYM_TOP_28
8
0
10
0
20
0
0
INSERT
2
PKG_23
8
0
10
0
20
0
0
TEXT
8
LABEL_INFO
10
2.2
20
1.8
40
0.875
1
1 486000000 0 1 0 1
73
1
11
2.2
21
1.8
50
270
41
0.75
7
W0$125
0
TEXT
8
LABEL_ATTRIBUTE
10
2.2
20
1.8
40
0.875
1
Ref.Des.
73
1
11
2.2
21
1.8
50
270
41
0.75
7
W0$125
0
TEXT
8
PART_NAME_01
10
2.2
20
1.8
40
0.875
1
D16
73
2
11
2.2
21
1.8
50
-90
41
0.75
7
W0$125
0
TEXT
8
LABEL_INFO
10
-0.001
20
0.0004373333
40
0.14
1
0 0 0 2 0 1
73
2
11
-0.001
21
0.0004373333
41
0.75
7
W0$002
0
TEXT
8
LABEL_ATTRIBUTE
10
-0.001
20
0.0004373333
40
0.14
1
PartType
73
2
11
-0.001
21
0.0004373333
41
0.75
7
W0$002
0
TEXT
8
PART_TYPE_01
10
-0.001
20
0.0004373333
40
0.14
1
SOT23-6
73
3
11
-0.001
21
0.0004373333
41
0.75
7
W0$002
0
TEXT
8
PART_INFO
10
-0.001
20
-0.1995626667
40
0.14
1
000000
73
3
11
-0.001
21
-0.1995626667
41
0.75
7
W0$002
0
TEXT
8
PART_PTS
10
-0.001
20
-0.3995626667
40
0.14
1
1 2 3 5 
73
3
11
-0.001
21
-0.3995626667
41
0.75
7
W0$002
0
ENDBLK
0
BLOCK
2
PART_TOP_132
8
0
10
0
20
0
3
PART_TOP_132
70
64
0
INSERT
2
SYM_TOP_28
8
0
10
0
20
0
0
INSERT
2
PKG_23
8
0
10
0
20
0
0
TEXT
8
LABEL_INFO
10
1.4
20
-2.8
40
0.875
1
1 324000000 0 1 0 1
73
1
11
1.4
21
-2.8
50
180
41
0.75
7
W0$125
0
TEXT
8
LABEL_ATTRIBUTE
10
1.4
20
-2.8
40
0.875
1
Ref.Des.
73
1
11
1.4
21
-2.8
50
180
41
0.75
7
W0$125
0
TEXT
8
PART_NAME_01
10
1.4
20
-2.8
40
0.875
1
U15
73
2
11
1.4
21
-2.8
50
-180
41
0.75
7
W0$125
0
TEXT
8
LABEL_INFO
10
-0.001
20
0.0004373333
40
0.14
1
0 0 0 2 0 1
73
2
11
-0.001
21
0.0004373333
41
0.75
7
W0$002
0
TEXT
8
LABEL_ATTRIBUTE
10
-0.001
20
0.0004373333
40
0.14
1
PartType
73
2
11
-0.001
21
0.0004373333
41
0.75
7
W0$002
0
TEXT
8
PART_TYPE_01
10
-0.001
20
0.0004373333
40
0.14
1
SOT23-6
73
3
11
-0.001
21
0.0004373333
41
0.75
7
W0$002
0
TEXT
8
PART_INFO
10
-0.001
20
-0.1995626667
40
0.14
1
000000
73
3
11
-0.001
21
-0.1995626667
41
0.75
7
W0$002
0
TEXT
8
PART_PTS
10
-0.001
20
-0.3995626667
40
0.14
1
1 2 3 4 5 6 
73
3
11
-0.001
21
-0.3995626667
41
0.75
7
W0$002
0
ENDBLK
0
BLOCK
2
PART_TOP_133
8
0
10
0
20
0
3
PART_TOP_133
70
64
0
INSERT
2
SYM_TOP_29
8
0
10
0
20
0
0
INSERT
2
PKG_24
8
0
10
0
20
0
0
TEXT
8
LABEL_INFO
10
9.7
20
1.3
40
0.875
1
1 324000000 0 1 0 1
73
1
11
9.7
21
1.3
50
180
41
0.75
7
W0$125
0
TEXT
8
LABEL_ATTRIBUTE
10
9.7
20
1.3
40
0.875
1
Ref.Des.
73
1
11
9.7
21
1.3
50
180
41
0.75
7
W0$125
0
TEXT
8
PART_NAME_01
10
9.7
20
1.3
40
0.875
1
J12
73
2
11
9.7
21
1.3
50
-180
41
0.75
7
W0$125
0
TEXT
8
LABEL_INFO
10
-1
20
0
40
0.889
1
0 0 0 2 0 1
73
2
11
-1
21
0
41
0.75
7
W0$127
0
TEXT
8
LABEL_ATTRIBUTE
10
-1
20
0
40
0.889
1
PartType
73
2
11
-1
21
0
41
0.75
7
W0$127
0
TEXT
8
PART_TYPE_01
10
-1
20
0
40
0.889
1
TMM-108-06-L-D-SM
73
3
11
-1
21
0
41
0.75
7
W0$127
0
TEXT
8
PART_INFO
10
-1
20
-1.27
40
0.889
1
000000
73
3
11
-1
21
-1.27
41
0.75
7
W0$127
0
TEXT
8
PART_PTS
10
-1
20
-2.54
40
0.889
1
1 2 3 4 5 6 7 8 9 10 11 12 13 14 15 16 
73
3
11
-1
21
-2.54
41
0.75
7
W0$127
0
ENDBLK
0
BLOCK
2
PART_TOP_134
8
0
10
0
20
0
3
PART_TOP_134
70
64
0
INSERT
2
SYM_TOP_30
8
0
10
0
20
0
0
INSERT
2
PKG_25
8
0
10
0
20
0
0
TEXT
8
LABEL_INFO
10
-0.1905
20
0.08334
40
0.889
1
0 0 0 2 0 1
73
2
11
-0.1905
21
0.08334
41
0.75
7
W0$127
0
TEXT
8
LABEL_ATTRIBUTE
10
-0.1905
20
0.08334
40
0.889
1
PartType
73
2
11
-0.1905
21
0.08334
41
0.75
7
W0$127
0
TEXT
8
PART_TYPE_01
10
-0.1905
20
0.08334
40
0.889
1
TSOT-23-6
73
3
11
-0.1905
21
0.08334
41
0.75
7
W0$127
0
TEXT
8
LABEL_INFO
10
0.0999993333
20
2.6
40
0.875
1
1 324000000 0 1 0 1
73
1
11
0.0999993333
21
2.6
50
180
41
0.75
7
W0$125
0
TEXT
8
LABEL_ATTRIBUTE
10
0.0999993333
20
2.6
40
0.875
1
Ref.Des.
73
1
11
0.0999993333
21
2.6
50
180
41
0.75
7
W0$125
0
TEXT
8
PART_NAME_01
10
0.0999993333
20
2.6
40
0.875
1
U14
72
2
73
2
11
0.0999993333
21
2.6
41
0.75
7
W0$125
0
TEXT
8
PART_INFO
10
0.0999993333
20
1.35
40
0.875
1
000000
72
2
73
2
11
0.0999993333
21
1.35
41
0.75
7
W0$125
0
TEXT
8
PART_PTS
10
0.0999993333
20
0.1
40
0.875
1
1 2 3 4 5 6 
72
2
73
2
11
0.0999993333
21
0.1
41
0.75
7
W0$125
0
ENDBLK
0
BLOCK
2
PART_TOP_135
8
0
10
0
20
0
3
PART_TOP_135
70
64
0
INSERT
2
SYM_TOP_31
8
0
10
0
20
0
0
INSERT
2
PKG_26
8
0
10
0
20
0
0
TEXT
8
LABEL_INFO
10
1.2
20
2.4
40
0.875
1
1 0 0 1 0 1
73
1
11
1.2
21
2.4
41
0.75
7
W0$125
0
TEXT
8
LABEL_ATTRIBUTE
10
1.2
20
2.4
40
0.875
1
Ref.Des.
73
1
11
1.2
21
2.4
41
0.75
7
W0$125
0
TEXT
8
PART_NAME_01
10
1.2
20
2.4
40
0.875
1
U13
73
2
11
1.2
21
2.4
41
0.75
7
W0$125
0
TEXT
8
LABEL_INFO
10
0
20
0
40
0.35
1
0 0 0 2 0 1
73
2
11
0
21
0
41
0.75
7
W0$05
0
TEXT
8
LABEL_ATTRIBUTE
10
0
20
0
40
0.35
1
PartType
73
2
11
0
21
0
41
0.75
7
W0$05
0
TEXT
8
PART_TYPE_01
10
0
20
0
40
0.35
1
VQFN16-0.5-3X3-H(BQ24075RGTR)
73
3
11
0
21
0
41
0.75
7
W0$05
0
TEXT
8
PART_INFO
10
0
20
-0.5
40
0.35
1
000000
73
3
11
0
21
-0.5
41
0.75
7
W0$05
0
TEXT
8
PART_PTS
10
0
20
-1
40
0.35
1
1 2 3 4 5 6 7 8 9 10 11 12 13 14 15 16 17 
73
3
11
0
21
-1
41
0.75
7
W0$05
0
ENDBLK
0
BLOCK
2
PART_TOP_136
8
0
10
0
20
0
3
PART_TOP_136
70
64
0
INSERT
2
SYM_TOP_32
8
0
10
0
20
0
0
INSERT
2
PKG_27
8
0
10
0
20
0
0
TEXT
8
LABEL_INFO
10
-0.8
20
2.4
40
0.875
1
1 0 0 1 0 1
73
1
11
-0.8
21
2.4
41
0.75
7
W0$125
0
TEXT
8
LABEL_ATTRIBUTE
10
-0.8
20
2.4
40
0.875
1
Ref.Des.
73
1
11
-0.8
21
2.4
41
0.75
7
W0$125
0
TEXT
8
PART_NAME_01
10
-0.8
20
2.4
40
0.875
1
Y2
73
2
11
-0.8
21
2.4
41
0.75
7
W0$125
0
TEXT
8
LABEL_INFO
10
0
20
0
40
0.875
1
1 0 1 1 0 1
72
1
73
1
11
0
21
0
41
0.75
7
W0$125
0
TEXT
8
LABEL_ATTRIBUTE
10
0
20
0
40
0.875
1
PartType
72
1
73
1
11
0
21
0
41
0.75
7
W0$125
0
TEXT
8
PART_TYPE_01
10
0
20
0
40
0.875
1
XTAL-3225
72
1
73
2
11
0
21
0
41
0.75
7
W0$125
0
TEXT
8
PART_INFO
10
0
20
-1.25
40
0.875
1
000000
72
1
73
2
11
0
21
-1.25
41
0.75
7
W0$125
0
TEXT
8
PART_PTS
10
0
20
-2.5
40
0.875
1
1 2 3 4 
72
1
73
2
11
0
21
-2.5
41
0.75
7
W0$125
0
ENDBLK
0
BLOCK
2
PART_TOP_137
8
0
10
0
20
0
3
PART_TOP_137
70
64
0
INSERT
2
SYM_TOP_33
8
0
10
0
20
0
0
INSERT
2
PKG_28
8
0
10
0
20
0
0
TEXT
8
LABEL_INFO
10
-7.16469
20
1.1999993333
40
0.875
1
1 324000000 0 1 0 1
73
1
11
-7.16469
21
1.1999993333
50
180
41
0.75
7
W0$125
0
TEXT
8
LABEL_ATTRIBUTE
10
-7.16469
20
1.1999993333
40
0.875
1
Ref.Des.
73
1
11
-7.16469
21
1.1999993333
50
180
41
0.75
7
W0$125
0
TEXT
8
PART_NAME_01
10
-7.16469
20
1.1999993333
40
0.875
1
SW2
73
2
11
-7.16469
21
1.1999993333
50
-180
41
0.75
7
W0$125
0
TEXT
8
LABEL_INFO
10
0
20
0
40
0.889
1
0 0 0 2 0 1
73
2
11
0
21
0
41
0.75
7
W0$127
0
TEXT
8
LABEL_ATTRIBUTE
10
0
20
0
40
0.889
1
PartType
73
2
11
0
21
0
41
0.75
7
W0$127
0
TEXT
8
PART_TYPE_01
10
0
20
0
40
0.889
1
ZX40E60C01
73
3
11
0
21
0
41
0.75
7
W0$127
0
TEXT
8
PART_INFO
10
0
20
-1.27
40
0.889
1
000000
73
3
11
0
21
-1.27
41
0.75
7
W0$127
0
TEXT
8
PART_PTS
10
0
20
-2.54
40
0.889
1
2 3 
73
3
11
0
21
-2.54
41
0.75
7
W0$127
0
ENDBLK
0
BLOCK
2
PART_TOP_138
8
0
10
0
20
0
3
PART_TOP_138
70
64
0
INSERT
2
SYM_TOP_34
8
0
10
0
20
0
0
INSERT
2
PKG_29
8
0
10
0
20
0
0
TEXT
8
LABEL_INFO
10
0
20
0
40
0.889
1
0 0 0 2 0 1
73
2
11
0
21
0
41
0.75
7
W0$127
0
TEXT
8
LABEL_ATTRIBUTE
10
0
20
0
40
0.889
1
PartType
73
2
11
0
21
0
41
0.75
7
W0$127
0
TEXT
8
PART_TYPE_01
10
0
20
0
40
0.889
1
ECO-HOLE2.2_NTH
73
3
11
0
21
0
41
0.75
7
W0$127
0
TEXT
8
PART_NAME_TOP
10
0
20
0
40
1.0668
1
ECO1
73
3
11
0
21
0
41
0.75
7
W0$1524
0
TEXT
8
PART_INFO
10
0
20
-1.524
40
1.0668
1
000000
73
3
11
0
21
-1.524
41
0.75
7
W0$1524
0
ENDBLK
0
BLOCK
2
PART_TOP_139
8
0
10
0
20
0
3
PART_TOP_139
70
64
0
INSERT
2
SYM_TOP_34
8
0
10
0
20
0
0
INSERT
2
PKG_29
8
0
10
0
20
0
0
TEXT
8
LABEL_INFO
10
0
20
0
40
0.889
1
0 0 0 2 0 1
73
2
11
0
21
0
41
0.75
7
W0$127
0
TEXT
8
LABEL_ATTRIBUTE
10
0
20
0
40
0.889
1
PartType
73
2
11
0
21
0
41
0.75
7
W0$127
0
TEXT
8
PART_TYPE_01
10
0
20
0
40
0.889
1
ECO-HOLE2.2_NTH
73
3
11
0
21
0
41
0.75
7
W0$127
0
TEXT
8
PART_NAME_TOP
10
0
20
0
40
1.0668
1
ECO2
73
3
11
0
21
0
41
0.75
7
W0$1524
0
TEXT
8
PART_INFO
10
0
20
-1.524
40
1.0668
1
000000
73
3
11
0
21
-1.524
41
0.75
7
W0$1524
0
ENDBLK
0
BLOCK
2
PART_TOP_140
8
0
10
0
20
0
3
PART_TOP_140
70
64
0
INSERT
2
SYM_TOP_34
8
0
10
0
20
0
0
INSERT
2
PKG_29
8
0
10
0
20
0
0
TEXT
8
LABEL_INFO
10
0
20
0
40
0.889
1
0 0 0 2 0 1
73
2
11
0
21
0
41
0.75
7
W0$127
0
TEXT
8
LABEL_ATTRIBUTE
10
0
20
0
40
0.889
1
PartType
73
2
11
0
21
0
41
0.75
7
W0$127
0
TEXT
8
PART_TYPE_01
10
0
20
0
40
0.889
1
ECO-HOLE2.2_NTH
73
3
11
0
21
0
41
0.75
7
W0$127
0
TEXT
8
PART_NAME_TOP
10
0
20
0
40
1.0668
1
ECO3
73
3
11
0
21
0
41
0.75
7
W0$1524
0
TEXT
8
PART_INFO
10
0
20
-1.524
40
1.0668
1
000010
73
3
11
0
21
-1.524
41
0.75
7
W0$1524
0
ENDBLK
0
BLOCK
2
PART_TOP_141
8
0
10
0
20
0
3
PART_TOP_141
70
64
0
INSERT
2
SYM_TOP_34
8
0
10
0
20
0
0
INSERT
2
PKG_29
8
0
10
0
20
0
0
TEXT
8
LABEL_INFO
10
0
20
0
40
0.889
1
0 0 0 2 0 1
73
2
11
0
21
0
41
0.75
7
W0$127
0
TEXT
8
LABEL_ATTRIBUTE
10
0
20
0
40
0.889
1
PartType
73
2
11
0
21
0
41
0.75
7
W0$127
0
TEXT
8
PART_TYPE_01
10
0
20
0
40
0.889
1
ECO-HOLE2.2_NTH
73
3
11
0
21
0
41
0.75
7
W0$127
0
TEXT
8
PART_NAME_TOP
10
0
20
0
40
1.0668
1
ECO4
73
3
11
0
21
0
41
0.75
7
W0$1524
0
TEXT
8
PART_INFO
10
0
20
-1.524
40
1.0668
1
000010
73
3
11
0
21
-1.524
41
0.75
7
W0$1524
0
ENDBLK
0
BLOCK
2
PART_TOP_142
8
0
10
0
20
0
3
PART_TOP_142
70
64
0
INSERT
2
SYM_TOP_35
8
0
10
0
20
0
0
INSERT
2
PKG_30
8
0
10
0
20
0
0
TEXT
8
LABEL_INFO
10
0
20
0
40
0.889
1
0 0 0 2 0 1
73
2
11
0
21
0
41
0.75
7
W0$127
0
TEXT
8
LABEL_ATTRIBUTE
10
0
20
0
40
0.889
1
PartType
73
2
11
0
21
0
41
0.75
7
W0$127
0
TEXT
8
PART_TYPE_01
10
0
20
0
40
0.889
1
ECO-HOLE4.0NTH
73
3
11
0
21
0
41
0.75
7
W0$127
0
TEXT
8
PART_NAME_TOP
10
0
20
0
40
1.0668
1
ECO7
73
3
11
0
21
0
41
0.75
7
W0$1524
0
TEXT
8
PART_INFO
10
0
20
-1.524
40
1.0668
1
000000
73
3
11
0
21
-1.524
41
0.75
7
W0$1524
0
TEXT
8
PART_PTS
10
0
20
-3.048
40
1.0668
1
1 
73
3
11
0
21
-3.048
41
0.75
7
W0$1524
0
ENDBLK
0
BLOCK
2
PART_TOP_143
8
0
10
0
20
0
3
PART_TOP_143
70
64
0
INSERT
2
SYM_TOP_35
8
0
10
0
20
0
0
INSERT
2
PKG_30
8
0
10
0
20
0
0
TEXT
8
LABEL_INFO
10
0
20
0
40
0.889
1
0 0 0 2 0 1
73
2
11
0
21
0
41
0.75
7
W0$127
0
TEXT
8
LABEL_ATTRIBUTE
10
0
20
0
40
0.889
1
PartType
73
2
11
0
21
0
41
0.75
7
W0$127
0
TEXT
8
PART_TYPE_01
10
0
20
0
40
0.889
1
ECO-HOLE4.0NTH
73
3
11
0
21
0
41
0.75
7
W0$127
0
TEXT
8
PART_NAME_TOP
10
0
20
0
40
1.0668
1
ECO8
73
3
11
0
21
0
41
0.75
7
W0$1524
0
TEXT
8
PART_INFO
10
0
20
-1.524
40
1.0668
1
000000
73
3
11
0
21
-1.524
41
0.75
7
W0$1524
0
TEXT
8
PART_PTS
10
0
20
-3.048
40
1.0668
1
1 
73
3
11
0
21
-3.048
41
0.75
7
W0$1524
0
ENDBLK
0
BLOCK
2
PART_TOP_144
8
0
10
0
20
0
3
PART_TOP_144
70
64
0
INSERT
2
SYM_TOP_34
8
0
10
0
20
0
0
INSERT
2
PKG_29
8
0
10
0
20
0
0
TEXT
8
LABEL_INFO
10
0
20
0
40
0.889
1
0 0 0 2 0 1
73
2
11
0
21
0
41
0.75
7
W0$127
0
TEXT
8
LABEL_ATTRIBUTE
10
0
20
0
40
0.889
1
PartType
73
2
11
0
21
0
41
0.75
7
W0$127
0
TEXT
8
PART_TYPE_01
10
0
20
0
40
0.889
1
ECO-HOLE2.2_NTH
73
3
11
0
21
0
41
0.75
7
W0$127
0
TEXT
8
PART_NAME_TOP
10
0
20
0
40
1.0668
1
ECO9
73
3
11
0
21
0
41
0.75
7
W0$1524
0
TEXT
8
PART_INFO
10
0
20
-1.524
40
1.0668
1
000010
73
3
11
0
21
-1.524
41
0.75
7
W0$1524
0
TEXT
8
PART_PTS
10
0
20
-3.048
40
1.0668
1
1 
73
3
11
0
21
-3.048
41
0.75
7
W0$1524
0
ENDBLK
0
BLOCK
2
PART_TOP_145
8
0
10
0
20
0
3
PART_TOP_145
70
64
0
INSERT
2
SYM_TOP_34
8
0
10
0
20
0
0
INSERT
2
PKG_29
8
0
10
0
20
0
0
TEXT
8
LABEL_INFO
10
0
20
0
40
0.889
1
0 0 0 2 0 1
73
2
11
0
21
0
41
0.75
7
W0$127
0
TEXT
8
LABEL_ATTRIBUTE
10
0
20
0
40
0.889
1
PartType
73
2
11
0
21
0
41
0.75
7
W0$127
0
TEXT
8
PART_TYPE_01
10
0
20
0
40
0.889
1
ECO-HOLE2.2_NTH
73
3
11
0
21
0
41
0.75
7
W0$127
0
TEXT
8
PART_NAME_TOP
10
0
20
0
40
1.0668
1
ECO10
73
3
11
0
21
0
41
0.75
7
W0$1524
0
TEXT
8
PART_INFO
10
0
20
-1.524
40
1.0668
1
000010
73
3
11
0
21
-1.524
41
0.75
7
W0$1524
0
TEXT
8
PART_PTS
10
0
20
-3.048
40
1.0668
1
1 
73
3
11
0
21
-3.048
41
0.75
7
W0$1524
0
ENDBLK
0
BLOCK
2
PART_TOP_146
8
0
10
0
20
0
3
PART_TOP_146
70
64
0
INSERT
2
SYM_TOP_34
8
0
10
0
20
0
0
INSERT
2
PKG_29
8
0
10
0
20
0
0
TEXT
8
LABEL_INFO
10
0
20
0
40
0.889
1
0 0 0 2 0 1
73
2
11
0
21
0
41
0.75
7
W0$127
0
TEXT
8
LABEL_ATTRIBUTE
10
0
20
0
40
0.889
1
PartType
73
2
11
0
21
0
41
0.75
7
W0$127
0
TEXT
8
PART_TYPE_01
10
0
20
0
40
0.889
1
ECO-HOLE2.2_NTH
73
3
11
0
21
0
41
0.75
7
W0$127
0
TEXT
8
PART_NAME_TOP
10
0
20
0
40
1.0668
1
ECO11
73
3
11
0
21
0
41
0.75
7
W0$1524
0
TEXT
8
PART_INFO
10
0
20
-1.524
40
1.0668
1
000010
73
3
11
0
21
-1.524
41
0.75
7
W0$1524
0
TEXT
8
PART_PTS
10
0
20
-3.048
40
1.0668
1
1 
73
3
11
0
21
-3.048
41
0.75
7
W0$1524
0
ENDBLK
0
BLOCK
2
PART_TOP_147
8
0
10
0
20
0
3
PART_TOP_147
70
64
0
INSERT
2
SYM_TOP_34
8
0
10
0
20
0
0
INSERT
2
PKG_29
8
0
10
0
20
0
0
TEXT
8
LABEL_INFO
10
0
20
0
40
0.889
1
0 0 0 2 0 1
73
2
11
0
21
0
41
0.75
7
W0$127
0
TEXT
8
LABEL_ATTRIBUTE
10
0
20
0
40
0.889
1
PartType
73
2
11
0
21
0
41
0.75
7
W0$127
0
TEXT
8
PART_TYPE_01
10
0
20
0
40
0.889
1
ECO-HOLE2.2_NTH
73
3
11
0
21
0
41
0.75
7
W0$127
0
TEXT
8
PART_NAME_TOP
10
0
20
0
40
1.0668
1
ECO12
73
3
11
0
21
0
41
0.75
7
W0$1524
0
TEXT
8
PART_INFO
10
0
20
-1.524
40
1.0668
1
000010
73
3
11
0
21
-1.524
41
0.75
7
W0$1524
0
TEXT
8
PART_PTS
10
0
20
-3.048
40
1.0668
1
1 
73
3
11
0
21
-3.048
41
0.75
7
W0$1524
0
ENDBLK
0
BLOCK
2
PART_TOP_148
8
0
10
0
20
0
3
PART_TOP_148
70
64
0
INSERT
2
SYM_TOP_36
8
0
10
0
20
0
0
INSERT
2
PKG_31
8
0
10
0
20
0
0
TEXT
8
LABEL_INFO
10
-7.00291
20
-0.825
40
0.875
1
1 162000000 0 1 0 1
73
1
11
-7.00291
21
-0.825
50
90
41
0.75
7
W0$125
0
TEXT
8
LABEL_ATTRIBUTE
10
-7.00291
20
-0.825
40
0.875
1
Ref.Des.
73
1
11
-7.00291
21
-0.825
50
90
41
0.75
7
W0$125
0
TEXT
8
PART_NAME_01
10
-7.00291
20
-0.825
40
0.875
1
J10
73
2
11
-7.00291
21
-0.825
50
-270
41
0.75
7
W0$125
0
TEXT
8
LABEL_INFO
10
0
20
0
40
0.889
1
0 0 0 2 0 1
73
2
11
0
21
0
41
0.75
7
W0$127
0
TEXT
8
LABEL_ATTRIBUTE
10
0
20
0
40
0.889
1
PartType
73
2
11
0
21
0
41
0.75
7
W0$127
0
TEXT
8
PART_TYPE_01
10
0
20
0
40
0.889
1
USB4940
73
3
11
0
21
0
41
0.75
7
W0$127
0
TEXT
8
PART_INFO
10
0
20
-1.27
40
0.889
1
000000
73
3
11
0
21
-1.27
41
0.75
7
W0$127
0
TEXT
8
PART_PTS
10
0
20
-2.54
40
0.889
1
1 2 3 4 5 6 7 8 9 10 11 12 13 14 15 16 17 18 
73
3
11
0
21
-2.54
41
0.75
7
W0$127
0
ENDBLK
0
BLOCK
2
PART_TOP_149
8
0
10
0
20
0
3
PART_TOP_149
70
64
0
INSERT
2
SYM_TOP_37
8
0
10
0
20
0
0
INSERT
2
PKG_32
8
0
10
0
20
0
0
TEXT
8
LABEL_INFO
10
0
20
0
40
0.889
1
0 0 0 2 0 1
73
2
11
0
21
0
41
0.75
7
W0$127
0
TEXT
8
LABEL_ATTRIBUTE
10
0
20
0
40
0.889
1
PartType
73
2
11
0
21
0
41
0.75
7
W0$127
0
TEXT
8
PART_TYPE_01
10
0
20
0
40
0.889
1
ECO-HOLE5.0NTH
73
3
11
0
21
0
41
0.75
7
W0$127
0
TEXT
8
PART_NAME_TOP
10
0
20
0
40
1.0668
1
ECO6
73
3
11
0
21
0
41
0.75
7
W0$1524
0
TEXT
8
PART_INFO
10
0
20
-1.524
40
1.0668
1
000000
73
3
11
0
21
-1.524
41
0.75
7
W0$1524
0
TEXT
8
PART_PTS
10
0
20
-3.048
40
1.0668
1
1 
73
3
11
0
21
-3.048
41
0.75
7
W0$1524
0
ENDBLK
0
BLOCK
2
PART_TOP_150
8
0
10
0
20
0
3
PART_TOP_150
70
64
0
INSERT
2
SYM_TOP_37
8
0
10
0
20
0
0
INSERT
2
PKG_32
8
0
10
0
20
0
0
TEXT
8
LABEL_INFO
10
0
20
0
40
0.889
1
0 0 0 2 0 1
73
2
11
0
21
0
41
0.75
7
W0$127
0
TEXT
8
LABEL_ATTRIBUTE
10
0
20
0
40
0.889
1
PartType
73
2
11
0
21
0
41
0.75
7
W0$127
0
TEXT
8
PART_TYPE_01
10
0
20
0
40
0.889
1
ECO-HOLE5.0NTH
73
3
11
0
21
0
41
0.75
7
W0$127
0
TEXT
8
PART_NAME_TOP
10
0
20
0
40
1.0668
1
ECO5
73
3
11
0
21
0
41
0.75
7
W0$1524
0
TEXT
8
PART_INFO
10
0
20
-1.524
40
1.0668
1
000000
73
3
11
0
21
-1.524
41
0.75
7
W0$1524
0
TEXT
8
PART_PTS
10
0
20
-3.048
40
1.0668
1
1 
73
3
11
0
21
-3.048
41
0.75
7
W0$1524
0
ENDBLK
0
BLOCK
2
PART_TOP_151
8
0
10
0
20
0
3
PART_TOP_151
70
64
0
INSERT
2
SYM_TOP_9
8
0
10
0
20
0
0
INSERT
2
PKG_5
8
0
10
0
20
0
0
TEXT
8
LABEL_INFO
10
-3.3
20
0.0999993333
40
0.875
1
1 0 0 1 0 1
73
1
11
-3.3
21
0.0999993333
41
0.75
7
W0$125
0
TEXT
8
LABEL_ATTRIBUTE
10
-3.3
20
0.0999993333
40
0.875
1
Ref.Des.
73
1
11
-3.3
21
0.0999993333
41
0.75
7
W0$125
0
TEXT
8
PART_NAME_01
10
-3.3
20
0.0999993333
40
0.875
1
C41
73
2
11
-3.3
21
0.0999993333
41
0.75
7
W0$125
0
TEXT
8
LABEL_INFO
10
0
20
0
40
0.875
1
1 0 1 1 0 1
72
1
73
1
11
0
21
0
41
0.75
7
W0$125
0
TEXT
8
LABEL_ATTRIBUTE
10
0
20
0
40
0.875
1
PartType
72
1
73
1
11
0
21
0
41
0.75
7
W0$125
0
TEXT
8
PART_TYPE_01
10
0
20
0
40
0.875
1
C1608
72
1
73
2
11
0
21
0
41
0.75
7
W0$125
0
TEXT
8
PART_INFO
10
0
20
-1.25
40
0.875
1
000000
72
1
73
2
11
0
21
-1.25
41
0.75
7
W0$125
0
TEXT
8
PART_PTS
10
0
20
-2.5
40
0.875
1
1 2 
72
1
73
2
11
0
21
-2.5
41
0.75
7
W0$125
0
ENDBLK
0
BLOCK
2
PART_TOP_152
8
0
10
0
20
0
3
PART_TOP_152
70
64
0
INSERT
2
SYM_TOP_9
8
0
10
0
20
0
0
INSERT
2
PKG_5
8
0
10
0
20
0
0
TEXT
8
LABEL_INFO
10
-15.6
20
6.5999986667
40
0.875
1
1 0 0 1 0 1
73
1
11
-15.6
21
6.5999986667
41
0.75
7
W0$125
0
TEXT
8
LABEL_ATTRIBUTE
10
-15.6
20
6.5999986667
40
0.875
1
Ref.Des.
73
1
11
-15.6
21
6.5999986667
41
0.75
7
W0$125
0
TEXT
8
PART_NAME_01
10
-15.6
20
6.5999986667
40
0.875
1
C42
73
2
11
-15.6
21
6.5999986667
41
0.75
7
W0$125
0
TEXT
8
LABEL_INFO
10
0
20
0
40
0.875
1
1 0 1 1 0 1
72
1
73
1
11
0
21
0
41
0.75
7
W0$125
0
TEXT
8
LABEL_ATTRIBUTE
10
0
20
0
40
0.875
1
PartType
72
1
73
1
11
0
21
0
41
0.75
7
W0$125
0
TEXT
8
PART_TYPE_01
10
0
20
0
40
0.875
1
C1608
72
1
73
2
11
0
21
0
41
0.75
7
W0$125
0
TEXT
8
PART_INFO
10
0
20
-1.25
40
0.875
1
000000
72
1
73
2
11
0
21
-1.25
41
0.75
7
W0$125
0
TEXT
8
PART_PTS
10
0
20
-2.5
40
0.875
1
1 2 
72
1
73
2
11
0
21
-2.5
41
0.75
7
W0$125
0
ENDBLK
0
BLOCK
2
PART_TOP_153
8
0
10
0
20
0
3
PART_TOP_153
70
64
0
INSERT
2
SYM_TOP_9
8
0
10
0
20
0
0
INSERT
2
PKG_5
8
0
10
0
20
0
0
TEXT
8
LABEL_INFO
10
0.8
20
-1.2999993333
40
0.875
1
1 324000000 0 1 0 1
73
1
11
0.8
21
-1.2999993333
50
180
41
0.75
7
W0$125
0
TEXT
8
LABEL_ATTRIBUTE
10
0.8
20
-1.2999993333
40
0.875
1
Ref.Des.
73
1
11
0.8
21
-1.2999993333
50
180
41
0.75
7
W0$125
0
TEXT
8
PART_NAME_01
10
0.8
20
-1.2999993333
40
0.875
1
C43
73
2
11
0.8
21
-1.2999993333
50
-180
41
0.75
7
W0$125
0
TEXT
8
LABEL_INFO
10
0
20
0
40
0.875
1
1 0 1 1 0 1
72
1
73
1
11
0
21
0
41
0.75
7
W0$125
0
TEXT
8
LABEL_ATTRIBUTE
10
0
20
0
40
0.875
1
PartType
72
1
73
1
11
0
21
0
41
0.75
7
W0$125
0
TEXT
8
PART_TYPE_01
10
0
20
0
40
0.875
1
C1608
72
1
73
2
11
0
21
0
50
-180
41
0.75
7
W0$125
0
TEXT
8
PART_INFO
10
0
20
-1.25
40
0.875
1
000000
72
1
73
2
11
0
21
-1.25
50
-180
41
0.75
7
W0$125
0
TEXT
8
PART_PTS
10
0
20
-2.5
40
0.875
1
1 2 
72
1
73
2
11
0
21
-2.5
50
-180
41
0.75
7
W0$125
0
ENDBLK
0
BLOCK
2
PART_TOP_154
8
0
10
0
20
0
3
PART_TOP_154
70
64
0
INSERT
2
SYM_TOP_9
8
0
10
0
20
0
0
INSERT
2
PKG_5
8
0
10
0
20
0
0
TEXT
8
LABEL_INFO
10
-1.6
20
-0.1
40
0.875
1
1 324000000 0 1 0 1
73
1
11
-1.6
21
-0.1
50
180
41
0.75
7
W0$125
0
TEXT
8
LABEL_ATTRIBUTE
10
-1.6
20
-0.1
40
0.875
1
Ref.Des.
73
1
11
-1.6
21
-0.1
50
180
41
0.75
7
W0$125
0
TEXT
8
PART_NAME_01
10
-1.6
20
-0.1
40
0.875
1
C44
73
2
11
-1.6
21
-0.1
50
-180
41
0.75
7
W0$125
0
TEXT
8
LABEL_INFO
10
0
20
0
40
0.875
1
1 0 1 1 0 1
72
1
73
1
11
0
21
0
41
0.75
7
W0$125
0
TEXT
8
LABEL_ATTRIBUTE
10
0
20
0
40
0.875
1
PartType
72
1
73
1
11
0
21
0
41
0.75
7
W0$125
0
TEXT
8
PART_TYPE_01
10
0
20
0
40
0.875
1
C1608
72
1
73
2
11
0
21
0
50
-180
41
0.75
7
W0$125
0
TEXT
8
PART_INFO
10
0
20
-1.25
40
0.875
1
000000
72
1
73
2
11
0
21
-1.25
50
-180
41
0.75
7
W0$125
0
TEXT
8
PART_PTS
10
0
20
-2.5
40
0.875
1
1 2 
72
1
73
2
11
0
21
-2.5
50
-180
41
0.75
7
W0$125
0
ENDBLK
0
BLOCK
2
PART_TOP_155
8
0
10
0
20
0
3
PART_TOP_155
70
64
0
INSERT
2
SYM_TOP_9
8
0
10
0
20
0
0
INSERT
2
PKG_5
8
0
10
0
20
0
0
TEXT
8
LABEL_INFO
10
-6.1
20
-15.5
40
0.875
1
1 0 0 1 0 1
73
1
11
-6.1
21
-15.5
41
0.75
7
W0$125
0
TEXT
8
LABEL_ATTRIBUTE
10
-6.1
20
-15.5
40
0.875
1
Ref.Des.
73
1
11
-6.1
21
-15.5
41
0.75
7
W0$125
0
TEXT
8
PART_NAME_01
10
-6.1
20
-15.5
40
0.875
1
C45
73
2
11
-6.1
21
-15.5
41
0.75
7
W0$125
0
TEXT
8
LABEL_INFO
10
0
20
0
40
0.875
1
1 0 1 1 0 1
72
1
73
1
11
0
21
0
41
0.75
7
W0$125
0
TEXT
8
LABEL_ATTRIBUTE
10
0
20
0
40
0.875
1
PartType
72
1
73
1
11
0
21
0
41
0.75
7
W0$125
0
TEXT
8
PART_TYPE_01
10
0
20
0
40
0.875
1
C1608
72
1
73
2
11
0
21
0
41
0.75
7
W0$125
0
TEXT
8
PART_INFO
10
0
20
-1.25
40
0.875
1
000000
72
1
73
2
11
0
21
-1.25
41
0.75
7
W0$125
0
TEXT
8
PART_PTS
10
0
20
-2.5
40
0.875
1
1 2 
72
1
73
2
11
0
21
-2.5
41
0.75
7
W0$125
0
ENDBLK
0
BLOCK
2
PART_TOP_156
8
0
10
0
20
0
3
PART_TOP_156
70
64
0
INSERT
2
SYM_TOP_9
8
0
10
0
20
0
0
INSERT
2
PKG_5
8
0
10
0
20
0
0
TEXT
8
LABEL_INFO
10
3.5
20
0
40
0.875
1
1 324000000 0 1 0 1
73
1
11
3.5
21
0
50
180
41
0.75
7
W0$125
0
TEXT
8
LABEL_ATTRIBUTE
10
3.5
20
0
40
0.875
1
Ref.Des.
73
1
11
3.5
21
0
50
180
41
0.75
7
W0$125
0
TEXT
8
PART_NAME_01
10
3.5
20
0
40
0.875
1
C46
73
2
11
3.5
21
0
50
-180
41
0.75
7
W0$125
0
TEXT
8
LABEL_INFO
10
0
20
0
40
0.875
1
1 0 1 1 0 1
72
1
73
1
11
0
21
0
41
0.75
7
W0$125
0
TEXT
8
LABEL_ATTRIBUTE
10
0
20
0
40
0.875
1
PartType
72
1
73
1
11
0
21
0
41
0.75
7
W0$125
0
TEXT
8
PART_TYPE_01
10
0
20
0
40
0.875
1
C1608
72
1
73
2
11
0
21
0
50
-180
41
0.75
7
W0$125
0
TEXT
8
PART_INFO
10
0
20
-1.25
40
0.875
1
000000
72
1
73
2
11
0
21
-1.25
50
-180
41
0.75
7
W0$125
0
TEXT
8
PART_PTS
10
0
20
-2.5
40
0.875
1
1 2 
72
1
73
2
11
0
21
-2.5
50
-180
41
0.75
7
W0$125
0
ENDBLK
0
BLOCK
2
PART_TOP_157
8
0
10
0
20
0
3
PART_TOP_157
70
64
0
INSERT
2
SYM_TOP_9
8
0
10
0
20
0
0
INSERT
2
PKG_5
8
0
10
0
20
0
0
TEXT
8
LABEL_INFO
10
3.4
20
0
40
0.875
1
1 324000000 0 1 0 1
73
1
11
3.4
21
0
50
180
41
0.75
7
W0$125
0
TEXT
8
LABEL_ATTRIBUTE
10
3.4
20
0
40
0.875
1
Ref.Des.
73
1
11
3.4
21
0
50
180
41
0.75
7
W0$125
0
TEXT
8
PART_NAME_01
10
3.4
20
0
40
0.875
1
C47
73
2
11
3.4
21
0
50
-180
41
0.75
7
W0$125
0
TEXT
8
LABEL_INFO
10
0
20
0
40
0.875
1
1 0 1 1 0 1
72
1
73
1
11
0
21
0
41
0.75
7
W0$125
0
TEXT
8
LABEL_ATTRIBUTE
10
0
20
0
40
0.875
1
PartType
72
1
73
1
11
0
21
0
41
0.75
7
W0$125
0
TEXT
8
PART_TYPE_01
10
0
20
0
40
0.875
1
C1608
72
1
73
2
11
0
21
0
50
-180
41
0.75
7
W0$125
0
TEXT
8
PART_INFO
10
0
20
-1.25
40
0.875
1
000000
72
1
73
2
11
0
21
-1.25
50
-180
41
0.75
7
W0$125
0
TEXT
8
PART_PTS
10
0
20
-2.5
40
0.875
1
1 2 
72
1
73
2
11
0
21
-2.5
50
-180
41
0.75
7
W0$125
0
ENDBLK
0
BLOCK
2
PART_TOP_158
8
0
10
0
20
0
3
PART_TOP_158
70
64
0
INSERT
2
SYM_TOP_9
8
0
10
0
20
0
0
INSERT
2
PKG_5
8
0
10
0
20
0
0
TEXT
8
LABEL_INFO
10
0.9999993333
20
1.2
40
0.875
1
1 324000000 0 1 0 1
73
1
11
0.9999993333
21
1.2
50
180
41
0.75
7
W0$125
0
TEXT
8
LABEL_ATTRIBUTE
10
0.9999993333
20
1.2
40
0.875
1
Ref.Des.
73
1
11
0.9999993333
21
1.2
50
180
41
0.75
7
W0$125
0
TEXT
8
PART_NAME_01
10
0.9999993333
20
1.2
40
0.875
1
C48
73
2
11
0.9999993333
21
1.2
50
-180
41
0.75
7
W0$125
0
TEXT
8
LABEL_INFO
10
0
20
0
40
0.875
1
1 0 1 1 0 1
72
1
73
1
11
0
21
0
41
0.75
7
W0$125
0
TEXT
8
LABEL_ATTRIBUTE
10
0
20
0
40
0.875
1
PartType
72
1
73
1
11
0
21
0
41
0.75
7
W0$125
0
TEXT
8
PART_TYPE_01
10
0
20
0
40
0.875
1
C1608
72
1
73
2
11
0
21
0
50
-180
41
0.75
7
W0$125
0
TEXT
8
PART_INFO
10
0
20
-1.25
40
0.875
1
000000
72
1
73
2
11
0
21
-1.25
50
-180
41
0.75
7
W0$125
0
TEXT
8
PART_PTS
10
0
20
-2.5
40
0.875
1
1 2 
72
1
73
2
11
0
21
-2.5
50
-180
41
0.75
7
W0$125
0
ENDBLK
0
BLOCK
2
PART_TOP_159
8
0
10
0
20
0
3
PART_TOP_159
70
64
0
INSERT
2
SYM_TOP_9
8
0
10
0
20
0
0
INSERT
2
PKG_5
8
0
10
0
20
0
0
TEXT
8
LABEL_INFO
10
-0.8
20
-2.4
40
0.875
1
1 0 0 1 0 1
73
1
11
-0.8
21
-2.4
41
0.75
7
W0$125
0
TEXT
8
LABEL_ATTRIBUTE
10
-0.8
20
-2.4
40
0.875
1
Ref.Des.
73
1
11
-0.8
21
-2.4
41
0.75
7
W0$125
0
TEXT
8
PART_NAME_01
10
-0.8
20
-2.4
40
0.875
1
C49
73
2
11
-0.8
21
-2.4
41
0.75
7
W0$125
0
TEXT
8
LABEL_INFO
10
0
20
0
40
0.875
1
1 0 1 1 0 1
72
1
73
1
11
0
21
0
41
0.75
7
W0$125
0
TEXT
8
LABEL_ATTRIBUTE
10
0
20
0
40
0.875
1
PartType
72
1
73
1
11
0
21
0
41
0.75
7
W0$125
0
TEXT
8
PART_TYPE_01
10
0
20
0
40
0.875
1
C1608
72
1
73
2
11
0
21
0
41
0.75
7
W0$125
0
TEXT
8
PART_INFO
10
0
20
-1.25
40
0.875
1
000000
72
1
73
2
11
0
21
-1.25
41
0.75
7
W0$125
0
TEXT
8
PART_PTS
10
0
20
-2.5
40
0.875
1
1 2 
72
1
73
2
11
0
21
-2.5
41
0.75
7
W0$125
0
ENDBLK
0
BLOCK
2
PART_TOP_160
8
0
10
0
20
0
3
PART_TOP_160
70
64
0
INSERT
2
SYM_TOP_9
8
0
10
0
20
0
0
INSERT
2
PKG_5
8
0
10
0
20
0
0
TEXT
8
LABEL_INFO
10
0.7999986667
20
2.4
40
0.875
1
1 324000000 0 1 0 1
73
1
11
0.7999986667
21
2.4
50
180
41
0.75
7
W0$125
0
TEXT
8
LABEL_ATTRIBUTE
10
0.7999986667
20
2.4
40
0.875
1
Ref.Des.
73
1
11
0.7999986667
21
2.4
50
180
41
0.75
7
W0$125
0
TEXT
8
PART_NAME_01
10
0.7999986667
20
2.4
40
0.875
1
C50
73
2
11
0.7999986667
21
2.4
50
-180
41
0.75
7
W0$125
0
TEXT
8
LABEL_INFO
10
0
20
0
40
0.875
1
1 0 1 1 0 1
72
1
73
1
11
0
21
0
41
0.75
7
W0$125
0
TEXT
8
LABEL_ATTRIBUTE
10
0
20
0
40
0.875
1
PartType
72
1
73
1
11
0
21
0
41
0.75
7
W0$125
0
TEXT
8
PART_TYPE_01
10
0
20
0
40
0.875
1
C1608
72
1
73
2
11
0
21
0
50
-180
41
0.75
7
W0$125
0
TEXT
8
PART_INFO
10
0
20
-1.25
40
0.875
1
000000
72
1
73
2
11
0
21
-1.25
50
-180
41
0.75
7
W0$125
0
TEXT
8
PART_PTS
10
0
20
-2.5
40
0.875
1
1 2 
72
1
73
2
11
0
21
-2.5
50
-180
41
0.75
7
W0$125
0
ENDBLK
0
BLOCK
2
PART_TOP_161
8
0
10
0
20
0
3
PART_TOP_161
70
64
0
INSERT
2
SYM_TOP_9
8
0
10
0
20
0
0
INSERT
2
PKG_5
8
0
10
0
20
0
0
TEXT
8
LABEL_INFO
10
1.6
20
0.1
40
0.875
1
1 0 0 1 0 1
73
1
11
1.6
21
0.1
41
0.75
7
W0$125
0
TEXT
8
LABEL_ATTRIBUTE
10
1.6
20
0.1
40
0.875
1
Ref.Des.
73
1
11
1.6
21
0.1
41
0.75
7
W0$125
0
TEXT
8
PART_NAME_01
10
1.6
20
0.1
40
0.875
1
C51
73
2
11
1.6
21
0.1
41
0.75
7
W0$125
0
TEXT
8
LABEL_INFO
10
0
20
0
40
0.875
1
1 0 1 1 0 1
72
1
73
1
11
0
21
0
41
0.75
7
W0$125
0
TEXT
8
LABEL_ATTRIBUTE
10
0
20
0
40
0.875
1
PartType
72
1
73
1
11
0
21
0
41
0.75
7
W0$125
0
TEXT
8
PART_TYPE_01
10
0
20
0
40
0.875
1
C1608
72
1
73
2
11
0
21
0
41
0.75
7
W0$125
0
TEXT
8
PART_INFO
10
0
20
-1.25
40
0.875
1
000000
72
1
73
2
11
0
21
-1.25
41
0.75
7
W0$125
0
TEXT
8
PART_PTS
10
0
20
-2.5
40
0.875
1
1 2 
72
1
73
2
11
0
21
-2.5
41
0.75
7
W0$125
0
ENDBLK
0
BLOCK
2
PART_TOP_162
8
0
10
0
20
0
3
PART_TOP_162
70
64
0
INSERT
2
SYM_TOP_9
8
0
10
0
20
0
0
INSERT
2
PKG_5
8
0
10
0
20
0
0
TEXT
8
LABEL_INFO
10
1.9
20
-1
40
0.875
1
1 162000000 0 1 0 1
73
1
11
1.9
21
-1
50
90
41
0.75
7
W0$125
0
TEXT
8
LABEL_ATTRIBUTE
10
1.9
20
-1
40
0.875
1
Ref.Des.
73
1
11
1.9
21
-1
50
90
41
0.75
7
W0$125
0
TEXT
8
PART_NAME_01
10
1.9
20
-1
40
0.875
1
C52
73
2
11
1.9
21
-1
50
90
41
0.75
7
W0$125
0
TEXT
8
LABEL_INFO
10
0
20
0
40
0.875
1
1 0 1 1 0 1
72
1
73
1
11
0
21
0
41
0.75
7
W0$125
0
TEXT
8
LABEL_ATTRIBUTE
10
0
20
0
40
0.875
1
PartType
72
1
73
1
11
0
21
0
41
0.75
7
W0$125
0
TEXT
8
PART_TYPE_01
10
0
20
0
40
0.875
1
C1608
72
1
73
2
11
0
21
0
41
0.75
7
W0$125
0
TEXT
8
PART_INFO
10
0
20
-1.25
40
0.875
1
000000
72
1
73
2
11
0
21
-1.25
41
0.75
7
W0$125
0
TEXT
8
PART_PTS
10
0
20
-2.5
40
0.875
1
1 2 
72
1
73
2
11
0
21
-2.5
41
0.75
7
W0$125
0
ENDBLK
0
BLOCK
2
PART_TOP_163
8
0
10
0
20
0
3
PART_TOP_163
70
64
0
INSERT
2
SYM_TOP_9
8
0
10
0
20
0
0
INSERT
2
PKG_5
8
0
10
0
20
0
0
TEXT
8
LABEL_INFO
10
3.5
20
-0.0999993333
40
0.875
1
1 324000000 0 1 0 1
73
1
11
3.5
21
-0.0999993333
50
180
41
0.75
7
W0$125
0
TEXT
8
LABEL_ATTRIBUTE
10
3.5
20
-0.0999993333
40
0.875
1
Ref.Des.
73
1
11
3.5
21
-0.0999993333
50
180
41
0.75
7
W0$125
0
TEXT
8
PART_NAME_01
10
3.5
20
-0.0999993333
40
0.875
1
C53
73
2
11
3.5
21
-0.0999993333
50
-180
41
0.75
7
W0$125
0
TEXT
8
LABEL_INFO
10
0
20
0
40
0.875
1
1 0 1 1 0 1
72
1
73
1
11
0
21
0
41
0.75
7
W0$125
0
TEXT
8
LABEL_ATTRIBUTE
10
0
20
0
40
0.875
1
PartType
72
1
73
1
11
0
21
0
41
0.75
7
W0$125
0
TEXT
8
PART_TYPE_01
10
0
20
0
40
0.875
1
C1608
72
1
73
2
11
0
21
0
50
-180
41
0.75
7
W0$125
0
TEXT
8
PART_INFO
10
0
20
-1.25
40
0.875
1
000000
72
1
73
2
11
0
21
-1.25
50
-180
41
0.75
7
W0$125
0
TEXT
8
PART_PTS
10
0
20
-2.5
40
0.875
1
1 2 
72
1
73
2
11
0
21
-2.5
50
-180
41
0.75
7
W0$125
0
ENDBLK
0
BLOCK
2
PART_TOP_164
8
0
10
0
20
0
3
PART_TOP_164
70
64
0
INSERT
2
SYM_TOP_9
8
0
10
0
20
0
0
INSERT
2
PKG_5
8
0
10
0
20
0
0
TEXT
8
LABEL_INFO
10
-16
20
-1.2
40
0.875
1
1 0 0 1 0 1
73
1
11
-16
21
-1.2
41
0.75
7
W0$125
0
TEXT
8
LABEL_ATTRIBUTE
10
-16
20
-1.2
40
0.875
1
Ref.Des.
73
1
11
-16
21
-1.2
41
0.75
7
W0$125
0
TEXT
8
PART_NAME_01
10
-16
20
-1.2
40
0.875
1
C54
73
2
11
-16
21
-1.2
41
0.75
7
W0$125
0
TEXT
8
LABEL_INFO
10
0
20
0
40
0.875
1
1 0 1 1 0 1
72
1
73
1
11
0
21
0
41
0.75
7
W0$125
0
TEXT
8
LABEL_ATTRIBUTE
10
0
20
0
40
0.875
1
PartType
72
1
73
1
11
0
21
0
41
0.75
7
W0$125
0
TEXT
8
PART_TYPE_01
10
0
20
0
40
0.875
1
C1608
72
1
73
2
11
0
21
0
41
0.75
7
W0$125
0
TEXT
8
PART_INFO
10
0
20
-1.25
40
0.875
1
000000
72
1
73
2
11
0
21
-1.25
41
0.75
7
W0$125
0
TEXT
8
PART_PTS
10
0
20
-2.5
40
0.875
1
1 2 
72
1
73
2
11
0
21
-2.5
41
0.75
7
W0$125
0
ENDBLK
0
BLOCK
2
PART_TOP_165
8
0
10
0
20
0
3
PART_TOP_165
70
64
0
INSERT
2
SYM_TOP_9
8
0
10
0
20
0
0
INSERT
2
PKG_5
8
0
10
0
20
0
0
TEXT
8
LABEL_INFO
10
-15.6
20
7.3999986667
40
0.875
1
1 0 0 1 0 1
73
1
11
-15.6
21
7.3999986667
41
0.75
7
W0$125
0
TEXT
8
LABEL_ATTRIBUTE
10
-15.6
20
7.3999986667
40
0.875
1
Ref.Des.
73
1
11
-15.6
21
7.3999986667
41
0.75
7
W0$125
0
TEXT
8
PART_NAME_01
10
-15.6
20
7.3999986667
40
0.875
1
C55
73
2
11
-15.6
21
7.3999986667
41
0.75
7
W0$125
0
TEXT
8
LABEL_INFO
10
0
20
0
40
0.875
1
1 0 1 1 0 1
72
1
73
1
11
0
21
0
41
0.75
7
W0$125
0
TEXT
8
LABEL_ATTRIBUTE
10
0
20
0
40
0.875
1
PartType
72
1
73
1
11
0
21
0
41
0.75
7
W0$125
0
TEXT
8
PART_TYPE_01
10
0
20
0
40
0.875
1
C1608
72
1
73
2
11
0
21
0
41
0.75
7
W0$125
0
TEXT
8
PART_INFO
10
0
20
-1.25
40
0.875
1
000000
72
1
73
2
11
0
21
-1.25
41
0.75
7
W0$125
0
TEXT
8
PART_PTS
10
0
20
-2.5
40
0.875
1
1 2 
72
1
73
2
11
0
21
-2.5
41
0.75
7
W0$125
0
ENDBLK
0
BLOCK
2
PART_TOP_166
8
0
10
0
20
0
3
PART_TOP_166
70
64
0
INSERT
2
SYM_TOP_9
8
0
10
0
20
0
0
INSERT
2
PKG_5
8
0
10
0
20
0
0
TEXT
8
LABEL_INFO
10
2.1
20
0.9
40
0.875
1
1 486000000 0 1 0 1
73
1
11
2.1
21
0.9
50
270
41
0.75
7
W0$125
0
TEXT
8
LABEL_ATTRIBUTE
10
2.1
20
0.9
40
0.875
1
Ref.Des.
73
1
11
2.1
21
0.9
50
270
41
0.75
7
W0$125
0
TEXT
8
PART_NAME_01
10
2.1
20
0.9
40
0.875
1
C56
73
2
11
2.1
21
0.9
50
-90
41
0.75
7
W0$125
0
TEXT
8
LABEL_INFO
10
0
20
0
40
0.875
1
1 0 1 1 0 1
72
1
73
1
11
0
21
0
41
0.75
7
W0$125
0
TEXT
8
LABEL_ATTRIBUTE
10
0
20
0
40
0.875
1
PartType
72
1
73
1
11
0
21
0
41
0.75
7
W0$125
0
TEXT
8
PART_TYPE_01
10
0
20
0
40
0.875
1
C1608
72
1
73
2
11
0
21
0
50
-180
41
0.75
7
W0$125
0
TEXT
8
PART_INFO
10
0
20
-1.25
40
0.875
1
000000
72
1
73
2
11
0
21
-1.25
50
-180
41
0.75
7
W0$125
0
TEXT
8
PART_PTS
10
0
20
-2.5
40
0.875
1
1 2 
72
1
73
2
11
0
21
-2.5
50
-180
41
0.75
7
W0$125
0
ENDBLK
0
BLOCK
2
PART_TOP_167
8
0
10
0
20
0
3
PART_TOP_167
70
64
0
INSERT
2
SYM_TOP_9
8
0
10
0
20
0
0
INSERT
2
PKG_5
8
0
10
0
20
0
0
TEXT
8
LABEL_INFO
10
1
20
-1.1999993333
40
0.875
1
1 324000000 0 1 0 1
73
1
11
1
21
-1.1999993333
50
180
41
0.75
7
W0$125
0
TEXT
8
LABEL_ATTRIBUTE
10
1
20
-1.1999993333
40
0.875
1
Ref.Des.
73
1
11
1
21
-1.1999993333
50
180
41
0.75
7
W0$125
0
TEXT
8
PART_NAME_01
10
1
20
-1.1999993333
40
0.875
1
C57
73
2
11
1
21
-1.1999993333
50
-180
41
0.75
7
W0$125
0
TEXT
8
LABEL_INFO
10
0
20
0
40
0.875
1
1 0 1 1 0 1
72
1
73
1
11
0
21
0
41
0.75
7
W0$125
0
TEXT
8
LABEL_ATTRIBUTE
10
0
20
0
40
0.875
1
PartType
72
1
73
1
11
0
21
0
41
0.75
7
W0$125
0
TEXT
8
PART_TYPE_01
10
0
20
0
40
0.875
1
C1608
72
1
73
2
11
0
21
0
50
-180
41
0.75
7
W0$125
0
TEXT
8
PART_INFO
10
0
20
-1.25
40
0.875
1
000000
72
1
73
2
11
0
21
-1.25
50
-180
41
0.75
7
W0$125
0
TEXT
8
PART_PTS
10
0
20
-2.5
40
0.875
1
1 2 
72
1
73
2
11
0
21
-2.5
50
-180
41
0.75
7
W0$125
0
ENDBLK
0
BLOCK
2
PART_TOP_168
8
0
10
0
20
0
3
PART_TOP_168
70
64
0
INSERT
2
SYM_TOP_9
8
0
10
0
20
0
0
INSERT
2
PKG_5
8
0
10
0
20
0
0
TEXT
8
LABEL_INFO
10
2.1
20
-15.8
40
0.875
1
1 0 0 1 0 1
73
1
11
2.1
21
-15.8
41
0.75
7
W0$125
0
TEXT
8
LABEL_ATTRIBUTE
10
2.1
20
-15.8
40
0.875
1
Ref.Des.
73
1
11
2.1
21
-15.8
41
0.75
7
W0$125
0
TEXT
8
PART_NAME_01
10
2.1
20
-15.8
40
0.875
1
C58
73
2
11
2.1
21
-15.8
41
0.75
7
W0$125
0
TEXT
8
LABEL_INFO
10
0
20
0
40
0.875
1
1 0 1 1 0 1
72
1
73
1
11
0
21
0
41
0.75
7
W0$125
0
TEXT
8
LABEL_ATTRIBUTE
10
0
20
0
40
0.875
1
PartType
72
1
73
1
11
0
21
0
41
0.75
7
W0$125
0
TEXT
8
PART_TYPE_01
10
0
20
0
40
0.875
1
C1608
72
1
73
2
11
0
21
0
41
0.75
7
W0$125
0
TEXT
8
PART_INFO
10
0
20
-1.25
40
0.875
1
000000
72
1
73
2
11
0
21
-1.25
41
0.75
7
W0$125
0
TEXT
8
PART_PTS
10
0
20
-2.5
40
0.875
1
1 2 
72
1
73
2
11
0
21
-2.5
41
0.75
7
W0$125
0
ENDBLK
0
BLOCK
2
PART_TOP_169
8
0
10
0
20
0
3
PART_TOP_169
70
64
0
INSERT
2
SYM_TOP_9
8
0
10
0
20
0
0
INSERT
2
PKG_5
8
0
10
0
20
0
0
TEXT
8
LABEL_INFO
10
-13.1
20
-20.5
40
0.875
1
1 0 0 1 0 1
73
1
11
-13.1
21
-20.5
41
0.75
7
W0$125
0
TEXT
8
LABEL_ATTRIBUTE
10
-13.1
20
-20.5
40
0.875
1
Ref.Des.
73
1
11
-13.1
21
-20.5
41
0.75
7
W0$125
0
TEXT
8
PART_NAME_01
10
-13.1
20
-20.5
40
0.875
1
C59
73
2
11
-13.1
21
-20.5
41
0.75
7
W0$125
0
TEXT
8
LABEL_INFO
10
0
20
0
40
0.875
1
1 0 1 1 0 1
72
1
73
1
11
0
21
0
41
0.75
7
W0$125
0
TEXT
8
LABEL_ATTRIBUTE
10
0
20
0
40
0.875
1
PartType
72
1
73
1
11
0
21
0
41
0.75
7
W0$125
0
TEXT
8
PART_TYPE_01
10
0
20
0
40
0.875
1
C1608
72
1
73
2
11
0
21
0
41
0.75
7
W0$125
0
TEXT
8
PART_INFO
10
0
20
-1.25
40
0.875
1
000000
72
1
73
2
11
0
21
-1.25
41
0.75
7
W0$125
0
TEXT
8
PART_PTS
10
0
20
-2.5
40
0.875
1
1 2 
72
1
73
2
11
0
21
-2.5
41
0.75
7
W0$125
0
ENDBLK
0
BLOCK
2
PART_TOP_170
8
0
10
0
20
0
3
PART_TOP_170
70
64
0
INSERT
2
SYM_TOP_9
8
0
10
0
20
0
0
INSERT
2
PKG_5
8
0
10
0
20
0
0
TEXT
8
LABEL_INFO
10
-17
20
-20.5
40
0.875
1
1 0 0 1 0 1
73
1
11
-17
21
-20.5
41
0.75
7
W0$125
0
TEXT
8
LABEL_ATTRIBUTE
10
-17
20
-20.5
40
0.875
1
Ref.Des.
73
1
11
-17
21
-20.5
41
0.75
7
W0$125
0
TEXT
8
PART_NAME_01
10
-17
20
-20.5
40
0.875
1
C60
73
2
11
-17
21
-20.5
41
0.75
7
W0$125
0
TEXT
8
LABEL_INFO
10
0
20
0
40
0.875
1
1 0 1 1 0 1
72
1
73
1
11
0
21
0
41
0.75
7
W0$125
0
TEXT
8
LABEL_ATTRIBUTE
10
0
20
0
40
0.875
1
PartType
72
1
73
1
11
0
21
0
41
0.75
7
W0$125
0
TEXT
8
PART_TYPE_01
10
0
20
0
40
0.875
1
C1608
72
1
73
2
11
0
21
0
41
0.75
7
W0$125
0
TEXT
8
PART_INFO
10
0
20
-1.25
40
0.875
1
000000
72
1
73
2
11
0
21
-1.25
41
0.75
7
W0$125
0
TEXT
8
PART_PTS
10
0
20
-2.5
40
0.875
1
1 2 
72
1
73
2
11
0
21
-2.5
41
0.75
7
W0$125
0
ENDBLK
0
BLOCK
2
PART_TOP_171
8
0
10
0
20
0
3
PART_TOP_171
70
64
0
INSERT
2
SYM_TOP_9
8
0
10
0
20
0
0
INSERT
2
PKG_5
8
0
10
0
20
0
0
TEXT
8
LABEL_INFO
10
4
20
0
40
0.875
1
1 324000000 0 1 0 1
73
1
11
4
21
0
50
180
41
0.75
7
W0$125
0
TEXT
8
LABEL_ATTRIBUTE
10
4
20
0
40
0.875
1
Ref.Des.
73
1
11
4
21
0
50
180
41
0.75
7
W0$125
0
TEXT
8
PART_NAME_01
10
4
20
0
40
0.875
1
C61
73
2
11
4
21
0
50
-180
41
0.75
7
W0$125
0
TEXT
8
LABEL_INFO
10
0
20
0
40
0.875
1
1 0 1 1 0 1
72
1
73
1
11
0
21
0
41
0.75
7
W0$125
0
TEXT
8
LABEL_ATTRIBUTE
10
0
20
0
40
0.875
1
PartType
72
1
73
1
11
0
21
0
41
0.75
7
W0$125
0
TEXT
8
PART_TYPE_01
10
0
20
0
40
0.875
1
C1608
72
1
73
2
11
0
21
0
50
-180
41
0.75
7
W0$125
0
TEXT
8
PART_INFO
10
0
20
-1.25
40
0.875
1
000000
72
1
73
2
11
0
21
-1.25
50
-180
41
0.75
7
W0$125
0
TEXT
8
PART_PTS
10
0
20
-2.5
40
0.875
1
1 2 
72
1
73
2
11
0
21
-2.5
50
-180
41
0.75
7
W0$125
0
ENDBLK
0
BLOCK
2
PART_TOP_172
8
0
10
0
20
0
3
PART_TOP_172
70
64
0
INSERT
2
SYM_TOP_9
8
0
10
0
20
0
0
INSERT
2
PKG_5
8
0
10
0
20
0
0
TEXT
8
LABEL_INFO
10
4
20
0
40
0.875
1
1 324000000 0 1 0 1
73
1
11
4
21
0
50
180
41
0.75
7
W0$125
0
TEXT
8
LABEL_ATTRIBUTE
10
4
20
0
40
0.875
1
Ref.Des.
73
1
11
4
21
0
50
180
41
0.75
7
W0$125
0
TEXT
8
PART_NAME_01
10
4
20
0
40
0.875
1
C62
73
2
11
4
21
0
50
-180
41
0.75
7
W0$125
0
TEXT
8
LABEL_INFO
10
0
20
0
40
0.875
1
1 0 1 1 0 1
72
1
73
1
11
0
21
0
41
0.75
7
W0$125
0
TEXT
8
LABEL_ATTRIBUTE
10
0
20
0
40
0.875
1
PartType
72
1
73
1
11
0
21
0
41
0.75
7
W0$125
0
TEXT
8
PART_TYPE_01
10
0
20
0
40
0.875
1
C1608
72
1
73
2
11
0
21
0
50
-180
41
0.75
7
W0$125
0
TEXT
8
PART_INFO
10
0
20
-1.25
40
0.875
1
000000
72
1
73
2
11
0
21
-1.25
50
-180
41
0.75
7
W0$125
0
TEXT
8
PART_PTS
10
0
20
-2.5
40
0.875
1
1 2 
72
1
73
2
11
0
21
-2.5
50
-180
41
0.75
7
W0$125
0
ENDBLK
0
BLOCK
2
PART_TOP_173
8
0
10
0
20
0
3
PART_TOP_173
70
64
0
INSERT
2
SYM_TOP_13
8
0
10
0
20
0
0
INSERT
2
PKG_9
8
0
10
0
20
0
0
TEXT
8
LABEL_INFO
10
4
20
0
40
0.875
1
1 324000000 0 1 0 1
73
1
11
4
21
0
50
180
41
0.75
7
W0$125
0
TEXT
8
LABEL_ATTRIBUTE
10
4
20
0
40
0.875
1
Ref.Des.
73
1
11
4
21
0
50
180
41
0.75
7
W0$125
0
TEXT
8
PART_NAME_01
10
4
20
0
40
0.875
1
BD8
73
2
11
4
21
0
50
-180
41
0.75
7
W0$125
0
TEXT
8
LABEL_INFO
10
0
20
0
40
0.875
1
1 0 1 1 0 1
72
1
73
1
11
0
21
0
41
0.75
7
W0$125
0
TEXT
8
LABEL_ATTRIBUTE
10
0
20
0
40
0.875
1
PartType
72
1
73
1
11
0
21
0
41
0.75
7
W0$125
0
TEXT
8
PART_TYPE_01
10
0
20
0
40
0.875
1
L1608
72
1
73
2
11
0
21
0
50
-180
41
0.75
7
W0$125
0
TEXT
8
PART_INFO
10
0
20
-1.25
40
0.875
1
000000
72
1
73
2
11
0
21
-1.25
50
-180
41
0.75
7
W0$125
0
TEXT
8
PART_PTS
10
0
20
-2.5
40
0.875
1
1 2 
72
1
73
2
11
0
21
-2.5
50
-180
41
0.75
7
W0$125
0
ENDBLK
0
BLOCK
2
PART_TOP_174
8
0
10
0
20
0
3
PART_TOP_174
70
64
0
INSERT
2
SYM_TOP_13
8
0
10
0
20
0
0
INSERT
2
PKG_9
8
0
10
0
20
0
0
TEXT
8
LABEL_INFO
10
4
20
0
40
0.875
1
1 324000000 0 1 0 1
73
1
11
4
21
0
50
180
41
0.75
7
W0$125
0
TEXT
8
LABEL_ATTRIBUTE
10
4
20
0
40
0.875
1
Ref.Des.
73
1
11
4
21
0
50
180
41
0.75
7
W0$125
0
TEXT
8
PART_NAME_01
10
4
20
0
40
0.875
1
BD9
73
2
11
4
21
0
50
-180
41
0.75
7
W0$125
0
TEXT
8
LABEL_INFO
10
0
20
0
40
0.875
1
1 0 1 1 0 1
72
1
73
1
11
0
21
0
41
0.75
7
W0$125
0
TEXT
8
LABEL_ATTRIBUTE
10
0
20
0
40
0.875
1
PartType
72
1
73
1
11
0
21
0
41
0.75
7
W0$125
0
TEXT
8
PART_TYPE_01
10
0
20
0
40
0.875
1
L1608
72
1
73
2
11
0
21
0
50
-180
41
0.75
7
W0$125
0
TEXT
8
PART_INFO
10
0
20
-1.25
40
0.875
1
000000
72
1
73
2
11
0
21
-1.25
50
-180
41
0.75
7
W0$125
0
TEXT
8
PART_PTS
10
0
20
-2.5
40
0.875
1
1 2 
72
1
73
2
11
0
21
-2.5
50
-180
41
0.75
7
W0$125
0
ENDBLK
0
BLOCK
2
PART_TOP_175
8
0
10
0
20
0
3
PART_TOP_175
70
64
0
INSERT
2
SYM_TOP_17
8
0
10
0
20
0
0
INSERT
2
PKG_13
8
0
10
0
20
0
0
TEXT
8
LABEL_INFO
10
-3.3
20
0
40
0.875
1
1 0 0 1 0 1
73
1
11
-3.3
21
0
41
0.75
7
W0$125
0
TEXT
8
LABEL_ATTRIBUTE
10
-3.3
20
0
40
0.875
1
Ref.Des.
73
1
11
-3.3
21
0
41
0.75
7
W0$125
0
TEXT
8
PART_NAME_01
10
-3.3
20
0
40
0.875
1
R26
73
2
11
-3.3
21
0
41
0.75
7
W0$125
0
TEXT
8
LABEL_INFO
10
0
20
0
40
0.875
1
1 0 1 1 0 1
72
1
73
1
11
0
21
0
41
0.75
7
W0$125
0
TEXT
8
LABEL_ATTRIBUTE
10
0
20
0
40
0.875
1
PartType
72
1
73
1
11
0
21
0
41
0.75
7
W0$125
0
TEXT
8
PART_TYPE_01
10
0
20
0
40
0.875
1
R1608
72
1
73
2
11
0
21
0
41
0.75
7
W0$125
0
TEXT
8
PART_INFO
10
0
20
-1.25
40
0.875
1
000000
72
1
73
2
11
0
21
-1.25
41
0.75
7
W0$125
0
TEXT
8
PART_PTS
10
0
20
-2.5
40
0.875
1
1 2 
72
1
73
2
11
0
21
-2.5
41
0.75
7
W0$125
0
ENDBLK
0
BLOCK
2
PART_TOP_176
8
0
10
0
20
0
3
PART_TOP_176
70
64
0
INSERT
2
SYM_TOP_17
8
0
10
0
20
0
0
INSERT
2
PKG_13
8
0
10
0
20
0
0
TEXT
8
LABEL_INFO
10
-15.6
20
6.2999986667
40
0.875
1
1 0 0 1 0 1
73
1
11
-15.6
21
6.2999986667
41
0.75
7
W0$125
0
TEXT
8
LABEL_ATTRIBUTE
10
-15.6
20
6.2999986667
40
0.875
1
Ref.Des.
73
1
11
-15.6
21
6.2999986667
41
0.75
7
W0$125
0
TEXT
8
PART_NAME_01
10
-15.6
20
6.2999986667
40
0.875
1
R27
73
2
11
-15.6
21
6.2999986667
41
0.75
7
W0$125
0
TEXT
8
LABEL_INFO
10
0
20
0
40
0.875
1
1 0 1 1 0 1
72
1
73
1
11
0
21
0
41
0.75
7
W0$125
0
TEXT
8
LABEL_ATTRIBUTE
10
0
20
0
40
0.875
1
PartType
72
1
73
1
11
0
21
0
41
0.75
7
W0$125
0
TEXT
8
PART_TYPE_01
10
0
20
0
40
0.875
1
R1608
72
1
73
2
11
0
21
0
41
0.75
7
W0$125
0
TEXT
8
PART_INFO
10
0
20
-1.25
40
0.875
1
000000
72
1
73
2
11
0
21
-1.25
41
0.75
7
W0$125
0
TEXT
8
PART_PTS
10
0
20
-2.5
40
0.875
1
1 2 
72
1
73
2
11
0
21
-2.5
41
0.75
7
W0$125
0
ENDBLK
0
BLOCK
2
PART_TOP_177
8
0
10
0
20
0
3
PART_TOP_177
70
64
0
INSERT
2
SYM_TOP_17
8
0
10
0
20
0
0
INSERT
2
PKG_13
8
0
10
0
20
0
0
TEXT
8
LABEL_INFO
10
1.6
20
0.1
40
0.875
1
1 0 0 1 0 1
73
1
11
1.6
21
0.1
41
0.75
7
W0$125
0
TEXT
8
LABEL_ATTRIBUTE
10
1.6
20
0.1
40
0.875
1
Ref.Des.
73
1
11
1.6
21
0.1
41
0.75
7
W0$125
0
TEXT
8
PART_NAME_01
10
1.6
20
0.1
40
0.875
1
R28
73
2
11
1.6
21
0.1
41
0.75
7
W0$125
0
TEXT
8
LABEL_INFO
10
0
20
0
40
0.875
1
1 0 1 1 0 1
72
1
73
1
11
0
21
0
41
0.75
7
W0$125
0
TEXT
8
LABEL_ATTRIBUTE
10
0
20
0
40
0.875
1
PartType
72
1
73
1
11
0
21
0
41
0.75
7
W0$125
0
TEXT
8
PART_TYPE_01
10
0
20
0
40
0.875
1
R1608
72
1
73
2
11
0
21
0
41
0.75
7
W0$125
0
TEXT
8
PART_INFO
10
0
20
-1.25
40
0.875
1
000000
72
1
73
2
11
0
21
-1.25
41
0.75
7
W0$125
0
TEXT
8
PART_PTS
10
0
20
-2.5
40
0.875
1
1 2 
72
1
73
2
11
0
21
-2.5
41
0.75
7
W0$125
0
ENDBLK
0
BLOCK
2
PART_TOP_178
8
0
10
0
20
0
3
PART_TOP_178
70
64
0
INSERT
2
SYM_TOP_17
8
0
10
0
20
0
0
INSERT
2
PKG_13
8
0
10
0
20
0
0
TEXT
8
LABEL_INFO
10
6.0999986667
20
15.2
40
0.875
1
1 324000000 0 1 0 1
73
1
11
6.0999986667
21
15.2
50
180
41
0.75
7
W0$125
0
TEXT
8
LABEL_ATTRIBUTE
10
6.0999986667
20
15.2
40
0.875
1
Ref.Des.
73
1
11
6.0999986667
21
15.2
50
180
41
0.75
7
W0$125
0
TEXT
8
PART_NAME_01
10
6.0999986667
20
15.2
40
0.875
1
R29
73
2
11
6.0999986667
21
15.2
50
-180
41
0.75
7
W0$125
0
TEXT
8
LABEL_INFO
10
0
20
0
40
0.875
1
1 0 1 1 0 1
72
1
73
1
11
0
21
0
41
0.75
7
W0$125
0
TEXT
8
LABEL_ATTRIBUTE
10
0
20
0
40
0.875
1
PartType
72
1
73
1
11
0
21
0
41
0.75
7
W0$125
0
TEXT
8
PART_TYPE_01
10
0
20
0
40
0.875
1
R1608
72
1
73
2
11
0
21
0
50
-180
41
0.75
7
W0$125
0
TEXT
8
PART_INFO
10
0
20
-1.25
40
0.875
1
000000
72
1
73
2
11
0
21
-1.25
50
-180
41
0.75
7
W0$125
0
TEXT
8
PART_PTS
10
0
20
-2.5
40
0.875
1
1 2 
72
1
73
2
11
0
21
-2.5
50
-180
41
0.75
7
W0$125
0
ENDBLK
0
BLOCK
2
PART_TOP_179
8
0
10
0
20
0
3
PART_TOP_179
70
64
0
INSERT
2
SYM_TOP_17
8
0
10
0
20
0
0
INSERT
2
PKG_13
8
0
10
0
20
0
0
TEXT
8
LABEL_INFO
10
3.5
20
0
40
0.875
1
1 324000000 0 1 0 1
73
1
11
3.5
21
0
50
180
41
0.75
7
W0$125
0
TEXT
8
LABEL_ATTRIBUTE
10
3.5
20
0
40
0.875
1
Ref.Des.
73
1
11
3.5
21
0
50
180
41
0.75
7
W0$125
0
TEXT
8
PART_NAME_01
10
3.5
20
0
40
0.875
1
R30
73
2
11
3.5
21
0
50
-180
41
0.75
7
W0$125
0
TEXT
8
LABEL_INFO
10
0
20
0
40
0.875
1
1 0 1 1 0 1
72
1
73
1
11
0
21
0
41
0.75
7
W0$125
0
TEXT
8
LABEL_ATTRIBUTE
10
0
20
0
40
0.875
1
PartType
72
1
73
1
11
0
21
0
41
0.75
7
W0$125
0
TEXT
8
PART_TYPE_01
10
0
20
0
40
0.875
1
R1608
72
1
73
2
11
0
21
0
50
-180
41
0.75
7
W0$125
0
TEXT
8
PART_INFO
10
0
20
-1.25
40
0.875
1
000000
72
1
73
2
11
0
21
-1.25
50
-180
41
0.75
7
W0$125
0
TEXT
8
PART_PTS
10
0
20
-2.5
40
0.875
1
1 2 
72
1
73
2
11
0
21
-2.5
50
-180
41
0.75
7
W0$125
0
ENDBLK
0
BLOCK
2
PART_TOP_180
8
0
10
0
20
0
3
PART_TOP_180
70
64
0
INSERT
2
SYM_TOP_17
8
0
10
0
20
0
0
INSERT
2
PKG_13
8
0
10
0
20
0
0
TEXT
8
LABEL_INFO
10
3.4
20
0
40
0.875
1
1 324000000 0 1 0 1
73
1
11
3.4
21
0
50
180
41
0.75
7
W0$125
0
TEXT
8
LABEL_ATTRIBUTE
10
3.4
20
0
40
0.875
1
Ref.Des.
73
1
11
3.4
21
0
50
180
41
0.75
7
W0$125
0
TEXT
8
PART_NAME_01
10
3.4
20
0
40
0.875
1
R31
73
2
11
3.4
21
0
50
-180
41
0.75
7
W0$125
0
TEXT
8
LABEL_INFO
10
0
20
0
40
0.875
1
1 0 1 1 0 1
72
1
73
1
11
0
21
0
41
0.75
7
W0$125
0
TEXT
8
LABEL_ATTRIBUTE
10
0
20
0
40
0.875
1
PartType
72
1
73
1
11
0
21
0
41
0.75
7
W0$125
0
TEXT
8
PART_TYPE_01
10
0
20
0
40
0.875
1
R1608
72
1
73
2
11
0
21
0
50
-180
41
0.75
7
W0$125
0
TEXT
8
PART_INFO
10
0
20
-1.25
40
0.875
1
000000
72
1
73
2
11
0
21
-1.25
50
-180
41
0.75
7
W0$125
0
TEXT
8
PART_PTS
10
0
20
-2.5
40
0.875
1
1 2 
72
1
73
2
11
0
21
-2.5
50
-180
41
0.75
7
W0$125
0
ENDBLK
0
BLOCK
2
PART_TOP_181
8
0
10
0
20
0
3
PART_TOP_181
70
64
0
INSERT
2
SYM_TOP_17
8
0
10
0
20
0
0
INSERT
2
PKG_13
8
0
10
0
20
0
0
TEXT
8
LABEL_INFO
10
1
20
-1.5
40
0.875
1
1 324000000 0 1 0 1
73
1
11
1
21
-1.5
50
180
41
0.75
7
W0$125
0
TEXT
8
LABEL_ATTRIBUTE
10
1
20
-1.5
40
0.875
1
Ref.Des.
73
1
11
1
21
-1.5
50
180
41
0.75
7
W0$125
0
TEXT
8
PART_NAME_01
10
1
20
-1.5
40
0.875
1
R32
73
2
11
1
21
-1.5
50
-180
41
0.75
7
W0$125
0
TEXT
8
LABEL_INFO
10
0
20
0
40
0.875
1
1 0 1 1 0 1
72
1
73
1
11
0
21
0
41
0.75
7
W0$125
0
TEXT
8
LABEL_ATTRIBUTE
10
0
20
0
40
0.875
1
PartType
72
1
73
1
11
0
21
0
41
0.75
7
W0$125
0
TEXT
8
PART_TYPE_01
10
0
20
0
40
0.875
1
R1608
72
1
73
2
11
0
21
0
50
-180
41
0.75
7
W0$125
0
TEXT
8
PART_INFO
10
0
20
-1.25
40
0.875
1
000000
72
1
73
2
11
0
21
-1.25
50
-180
41
0.75
7
W0$125
0
TEXT
8
PART_PTS
10
0
20
-2.5
40
0.875
1
1 2 
72
1
73
2
11
0
21
-2.5
50
-180
41
0.75
7
W0$125
0
ENDBLK
0
BLOCK
2
PART_TOP_182
8
0
10
0
20
0
3
PART_TOP_182
70
64
0
INSERT
2
SYM_TOP_17
8
0
10
0
20
0
0
INSERT
2
PKG_13
8
0
10
0
20
0
0
TEXT
8
LABEL_INFO
10
0.7999986667
20
2.7
40
0.875
1
1 324000000 0 1 0 1
73
1
11
0.7999986667
21
2.7
50
180
41
0.75
7
W0$125
0
TEXT
8
LABEL_ATTRIBUTE
10
0.7999986667
20
2.7
40
0.875
1
Ref.Des.
73
1
11
0.7999986667
21
2.7
50
180
41
0.75
7
W0$125
0
TEXT
8
PART_NAME_01
10
0.7999986667
20
2.7
40
0.875
1
R33
73
2
11
0.7999986667
21
2.7
50
-180
41
0.75
7
W0$125
0
TEXT
8
LABEL_INFO
10
0
20
0
40
0.875
1
1 0 1 1 0 1
72
1
73
1
11
0
21
0
41
0.75
7
W0$125
0
TEXT
8
LABEL_ATTRIBUTE
10
0
20
0
40
0.875
1
PartType
72
1
73
1
11
0
21
0
41
0.75
7
W0$125
0
TEXT
8
PART_TYPE_01
10
0
20
0
40
0.875
1
R1608
72
1
73
2
11
0
21
0
50
-180
41
0.75
7
W0$125
0
TEXT
8
PART_INFO
10
0
20
-1.25
40
0.875
1
000000
72
1
73
2
11
0
21
-1.25
50
-180
41
0.75
7
W0$125
0
TEXT
8
PART_PTS
10
0
20
-2.5
40
0.875
1
1 2 
72
1
73
2
11
0
21
-2.5
50
-180
41
0.75
7
W0$125
0
ENDBLK
0
BLOCK
2
PART_TOP_183
8
0
10
0
20
0
3
PART_TOP_183
70
64
0
INSERT
2
SYM_TOP_17
8
0
10
0
20
0
0
INSERT
2
PKG_13
8
0
10
0
20
0
0
TEXT
8
LABEL_INFO
10
-0.8
20
-2.7
40
0.875
1
1 0 0 1 0 1
73
1
11
-0.8
21
-2.7
41
0.75
7
W0$125
0
TEXT
8
LABEL_ATTRIBUTE
10
-0.8
20
-2.7
40
0.875
1
Ref.Des.
73
1
11
-0.8
21
-2.7
41
0.75
7
W0$125
0
TEXT
8
PART_NAME_01
10
-0.8
20
-2.7
40
0.875
1
R34
73
2
11
-0.8
21
-2.7
41
0.75
7
W0$125
0
TEXT
8
LABEL_INFO
10
0
20
0
40
0.875
1
1 0 1 1 0 1
72
1
73
1
11
0
21
0
41
0.75
7
W0$125
0
TEXT
8
LABEL_ATTRIBUTE
10
0
20
0
40
0.875
1
PartType
72
1
73
1
11
0
21
0
41
0.75
7
W0$125
0
TEXT
8
PART_TYPE_01
10
0
20
0
40
0.875
1
R1608
72
1
73
2
11
0
21
0
41
0.75
7
W0$125
0
TEXT
8
PART_INFO
10
0
20
-1.25
40
0.875
1
000000
72
1
73
2
11
0
21
-1.25
41
0.75
7
W0$125
0
TEXT
8
PART_PTS
10
0
20
-2.5
40
0.875
1
1 2 
72
1
73
2
11
0
21
-2.5
41
0.75
7
W0$125
0
ENDBLK
0
BLOCK
2
PART_TOP_184
8
0
10
0
20
0
3
PART_TOP_184
70
64
0
INSERT
2
SYM_TOP_17
8
0
10
0
20
0
0
INSERT
2
PKG_13
8
0
10
0
20
0
0
TEXT
8
LABEL_INFO
10
3.5
20
0.2
40
0.875
1
1 324000000 0 1 0 1
73
1
11
3.5
21
0.2
50
180
41
0.75
7
W0$125
0
TEXT
8
LABEL_ATTRIBUTE
10
3.5
20
0.2
40
0.875
1
Ref.Des.
73
1
11
3.5
21
0.2
50
180
41
0.75
7
W0$125
0
TEXT
8
PART_NAME_01
10
3.5
20
0.2
40
0.875
1
R35
73
2
11
3.5
21
0.2
50
-180
41
0.75
7
W0$125
0
TEXT
8
LABEL_INFO
10
0
20
0
40
0.875
1
1 0 1 1 0 1
72
1
73
1
11
0
21
0
41
0.75
7
W0$125
0
TEXT
8
LABEL_ATTRIBUTE
10
0
20
0
40
0.875
1
PartType
72
1
73
1
11
0
21
0
41
0.75
7
W0$125
0
TEXT
8
PART_TYPE_01
10
0
20
0
40
0.875
1
R1608
72
1
73
2
11
0
21
0
50
-180
41
0.75
7
W0$125
0
TEXT
8
PART_INFO
10
0
20
-1.25
40
0.875
1
000000
72
1
73
2
11
0
21
-1.25
50
-180
41
0.75
7
W0$125
0
TEXT
8
PART_PTS
10
0
20
-2.5
40
0.875
1
1 2 
72
1
73
2
11
0
21
-2.5
50
-180
41
0.75
7
W0$125
0
ENDBLK
0
BLOCK
2
PART_TOP_185
8
0
10
0
20
0
3
PART_TOP_185
70
64
0
INSERT
2
SYM_TOP_17
8
0
10
0
20
0
0
INSERT
2
PKG_13
8
0
10
0
20
0
0
TEXT
8
LABEL_INFO
10
-15.6
20
7.6999986667
40
0.875
1
1 0 0 1 0 1
73
1
11
-15.6
21
7.6999986667
41
0.75
7
W0$125
0
TEXT
8
LABEL_ATTRIBUTE
10
-15.6
20
7.6999986667
40
0.875
1
Ref.Des.
73
1
11
-15.6
21
7.6999986667
41
0.75
7
W0$125
0
TEXT
8
PART_NAME_01
10
-15.6
20
7.6999986667
40
0.875
1
R36
73
2
11
-15.6
21
7.6999986667
41
0.75
7
W0$125
0
TEXT
8
LABEL_INFO
10
0
20
0
40
0.875
1
1 0 1 1 0 1
72
1
73
1
11
0
21
0
41
0.75
7
W0$125
0
TEXT
8
LABEL_ATTRIBUTE
10
0
20
0
40
0.875
1
PartType
72
1
73
1
11
0
21
0
41
0.75
7
W0$125
0
TEXT
8
PART_TYPE_01
10
0
20
0
40
0.875
1
R1608
72
1
73
2
11
0
21
0
41
0.75
7
W0$125
0
TEXT
8
PART_INFO
10
0
20
-1.25
40
0.875
1
000000
72
1
73
2
11
0
21
-1.25
41
0.75
7
W0$125
0
TEXT
8
PART_PTS
10
0
20
-2.5
40
0.875
1
1 2 
72
1
73
2
11
0
21
-2.5
41
0.75
7
W0$125
0
ENDBLK
0
BLOCK
2
PART_TOP_186
8
0
10
0
20
0
3
PART_TOP_186
70
64
0
INSERT
2
SYM_TOP_17
8
0
10
0
20
0
0
INSERT
2
PKG_13
8
0
10
0
20
0
0
TEXT
8
LABEL_INFO
10
-15.9
20
-1.6
40
0.875
1
1 0 0 1 0 1
73
1
11
-15.9
21
-1.6
41
0.75
7
W0$125
0
TEXT
8
LABEL_ATTRIBUTE
10
-15.9
20
-1.6
40
0.875
1
Ref.Des.
73
1
11
-15.9
21
-1.6
41
0.75
7
W0$125
0
TEXT
8
PART_NAME_01
10
-15.9
20
-1.6
40
0.875
1
R37
73
2
11
-15.9
21
-1.6
41
0.75
7
W0$125
0
TEXT
8
LABEL_INFO
10
0
20
0
40
0.875
1
1 0 1 1 0 1
72
1
73
1
11
0
21
0
41
0.75
7
W0$125
0
TEXT
8
LABEL_ATTRIBUTE
10
0
20
0
40
0.875
1
PartType
72
1
73
1
11
0
21
0
41
0.75
7
W0$125
0
TEXT
8
PART_TYPE_01
10
0
20
0
40
0.875
1
R1608
72
1
73
2
11
0
21
0
41
0.75
7
W0$125
0
TEXT
8
PART_INFO
10
0
20
-1.25
40
0.875
1
000000
72
1
73
2
11
0
21
-1.25
41
0.75
7
W0$125
0
TEXT
8
PART_PTS
10
0
20
-2.5
40
0.875
1
1 2 
72
1
73
2
11
0
21
-2.5
41
0.75
7
W0$125
0
ENDBLK
0
BLOCK
2
PART_TOP_187
8
0
10
0
20
0
3
PART_TOP_187
70
64
0
INSERT
2
SYM_TOP_17
8
0
10
0
20
0
0
INSERT
2
PKG_13
8
0
10
0
20
0
0
TEXT
8
LABEL_INFO
10
-2
20
1.4999993333
40
0.875
1
1 486000000 0 1 0 1
73
1
11
-2
21
1.4999993333
50
270
41
0.75
7
W0$125
0
TEXT
8
LABEL_ATTRIBUTE
10
-2
20
1.4999993333
40
0.875
1
Ref.Des.
73
1
11
-2
21
1.4999993333
50
270
41
0.75
7
W0$125
0
TEXT
8
PART_NAME_01
10
-2
20
1.4999993333
40
0.875
1
R38
73
2
11
-2
21
1.4999993333
50
-90
41
0.75
7
W0$125
0
TEXT
8
LABEL_INFO
10
0
20
0
40
0.875
1
1 0 1 1 0 1
72
1
73
1
11
0
21
0
41
0.75
7
W0$125
0
TEXT
8
LABEL_ATTRIBUTE
10
0
20
0
40
0.875
1
PartType
72
1
73
1
11
0
21
0
41
0.75
7
W0$125
0
TEXT
8
PART_TYPE_01
10
0
20
0
40
0.875
1
R1608
72
1
73
2
11
0
21
0
50
-180
41
0.75
7
W0$125
0
TEXT
8
PART_INFO
10
0
20
-1.25
40
0.875
1
000000
72
1
73
2
11
0
21
-1.25
50
-180
41
0.75
7
W0$125
0
TEXT
8
PART_PTS
10
0
20
-2.5
40
0.875
1
1 2 
72
1
73
2
11
0
21
-2.5
50
-180
41
0.75
7
W0$125
0
ENDBLK
0
BLOCK
2
PART_TOP_188
8
0
10
0
20
0
3
PART_TOP_188
70
64
0
INSERT
2
SYM_TOP_17
8
0
10
0
20
0
0
INSERT
2
PKG_13
8
0
10
0
20
0
0
TEXT
8
LABEL_INFO
10
2.1
20
-0.2
40
0.875
1
1 162000000 0 1 0 1
73
1
11
2.1
21
-0.2
50
90
41
0.75
7
W0$125
0
TEXT
8
LABEL_ATTRIBUTE
10
2.1
20
-0.2
40
0.875
1
Ref.Des.
73
1
11
2.1
21
-0.2
50
90
41
0.75
7
W0$125
0
TEXT
8
PART_NAME_01
10
2.1
20
-0.2
40
0.875
1
R39
73
2
11
2.1
21
-0.2
50
90
41
0.75
7
W0$125
0
TEXT
8
LABEL_INFO
10
0
20
0
40
0.875
1
1 0 1 1 0 1
72
1
73
1
11
0
21
0
41
0.75
7
W0$125
0
TEXT
8
LABEL_ATTRIBUTE
10
0
20
0
40
0.875
1
PartType
72
1
73
1
11
0
21
0
41
0.75
7
W0$125
0
TEXT
8
PART_TYPE_01
10
0
20
0
40
0.875
1
R1608
72
1
73
2
11
0
21
0
41
0.75
7
W0$125
0
TEXT
8
PART_INFO
10
0
20
-1.25
40
0.875
1
000000
72
1
73
2
11
0
21
-1.25
41
0.75
7
W0$125
0
TEXT
8
PART_PTS
10
0
20
-2.5
40
0.875
1
1 2 
72
1
73
2
11
0
21
-2.5
41
0.75
7
W0$125
0
ENDBLK
0
BLOCK
2
PART_TOP_189
8
0
10
0
20
0
3
PART_TOP_189
70
64
0
INSERT
2
SYM_TOP_17
8
0
10
0
20
0
0
INSERT
2
PKG_13
8
0
10
0
20
0
0
TEXT
8
LABEL_INFO
10
-2.1
20
15.5
40
0.875
1
1 324000000 0 1 0 1
73
1
11
-2.1
21
15.5
50
180
41
0.75
7
W0$125
0
TEXT
8
LABEL_ATTRIBUTE
10
-2.1
20
15.5
40
0.875
1
Ref.Des.
73
1
11
-2.1
21
15.5
50
180
41
0.75
7
W0$125
0
TEXT
8
PART_NAME_01
10
-2.1
20
15.5
40
0.875
1
R40
73
2
11
-2.1
21
15.5
50
-180
41
0.75
7
W0$125
0
TEXT
8
LABEL_INFO
10
0
20
0
40
0.875
1
1 0 1 1 0 1
72
1
73
1
11
0
21
0
41
0.75
7
W0$125
0
TEXT
8
LABEL_ATTRIBUTE
10
0
20
0
40
0.875
1
PartType
72
1
73
1
11
0
21
0
41
0.75
7
W0$125
0
TEXT
8
PART_TYPE_01
10
0
20
0
40
0.875
1
R1608
72
1
73
2
11
0
21
0
50
-180
41
0.75
7
W0$125
0
TEXT
8
PART_INFO
10
0
20
-1.25
40
0.875
1
000000
72
1
73
2
11
0
21
-1.25
50
-180
41
0.75
7
W0$125
0
TEXT
8
PART_PTS
10
0
20
-2.5
40
0.875
1
1 2 
72
1
73
2
11
0
21
-2.5
50
-180
41
0.75
7
W0$125
0
ENDBLK
0
BLOCK
2
PART_TOP_190
8
0
10
0
20
0
3
PART_TOP_190
70
64
0
INSERT
2
SYM_TOP_17
8
0
10
0
20
0
0
INSERT
2
PKG_13
8
0
10
0
20
0
0
TEXT
8
LABEL_INFO
10
-7.5
20
-15.5
40
0.875
1
1 0 0 1 0 1
73
1
11
-7.5
21
-15.5
41
0.75
7
W0$125
0
TEXT
8
LABEL_ATTRIBUTE
10
-7.5
20
-15.5
40
0.875
1
Ref.Des.
73
1
11
-7.5
21
-15.5
41
0.75
7
W0$125
0
TEXT
8
PART_NAME_01
10
-7.5
20
-15.5
40
0.875
1
R41
73
2
11
-7.5
21
-15.5
41
0.75
7
W0$125
0
TEXT
8
LABEL_INFO
10
0
20
0
40
0.875
1
1 0 1 1 0 1
72
1
73
1
11
0
21
0
41
0.75
7
W0$125
0
TEXT
8
LABEL_ATTRIBUTE
10
0
20
0
40
0.875
1
PartType
72
1
73
1
11
0
21
0
41
0.75
7
W0$125
0
TEXT
8
PART_TYPE_01
10
0
20
0
40
0.875
1
R1608
72
1
73
2
11
0
21
0
41
0.75
7
W0$125
0
TEXT
8
PART_INFO
10
0
20
-1.25
40
0.875
1
000000
72
1
73
2
11
0
21
-1.25
41
0.75
7
W0$125
0
TEXT
8
PART_PTS
10
0
20
-2.5
40
0.875
1
1 2 
72
1
73
2
11
0
21
-2.5
41
0.75
7
W0$125
0
ENDBLK
0
BLOCK
2
PART_TOP_191
8
0
10
0
20
0
3
PART_TOP_191
70
64
0
INSERT
2
SYM_TOP_17
8
0
10
0
20
0
0
INSERT
2
PKG_13
8
0
10
0
20
0
0
TEXT
8
LABEL_INFO
10
0.9
20
-2.9
40
0.875
1
1 324000000 0 1 0 1
73
1
11
0.9
21
-2.9
50
180
41
0.75
7
W0$125
0
TEXT
8
LABEL_ATTRIBUTE
10
0.9
20
-2.9
40
0.875
1
Ref.Des.
73
1
11
0.9
21
-2.9
50
180
41
0.75
7
W0$125
0
TEXT
8
PART_NAME_01
10
0.9
20
-2.9
40
0.875
1
R42
73
2
11
0.9
21
-2.9
50
-180
41
0.75
7
W0$125
0
TEXT
8
LABEL_INFO
10
0
20
0
40
0.875
1
1 0 1 1 0 1
72
1
73
1
11
0
21
0
41
0.75
7
W0$125
0
TEXT
8
LABEL_ATTRIBUTE
10
0
20
0
40
0.875
1
PartType
72
1
73
1
11
0
21
0
41
0.75
7
W0$125
0
TEXT
8
PART_TYPE_01
10
0
20
0
40
0.875
1
R1608
72
1
73
2
11
0
21
0
50
-180
41
0.75
7
W0$125
0
TEXT
8
PART_INFO
10
0
20
-1.25
40
0.875
1
000000
72
1
73
2
11
0
21
-1.25
50
-180
41
0.75
7
W0$125
0
TEXT
8
PART_PTS
10
0
20
-2.5
40
0.875
1
1 2 
72
1
73
2
11
0
21
-2.5
50
-180
41
0.75
7
W0$125
0
ENDBLK
0
BLOCK
2
PART_TOP_192
8
0
10
0
20
0
3
PART_TOP_192
70
64
0
INSERT
2
SYM_TOP_17
8
0
10
0
20
0
0
INSERT
2
PKG_13
8
0
10
0
20
0
0
TEXT
8
LABEL_INFO
10
0.9
20
-1.2999993333
40
0.875
1
1 324000000 0 1 0 1
73
1
11
0.9
21
-1.2999993333
50
180
41
0.75
7
W0$125
0
TEXT
8
LABEL_ATTRIBUTE
10
0.9
20
-1.2999993333
40
0.875
1
Ref.Des.
73
1
11
0.9
21
-1.2999993333
50
180
41
0.75
7
W0$125
0
TEXT
8
PART_NAME_01
10
0.9
20
-1.2999993333
40
0.875
1
R43
73
2
11
0.9
21
-1.2999993333
50
-180
41
0.75
7
W0$125
0
TEXT
8
LABEL_INFO
10
0
20
0
40
0.875
1
1 0 1 1 0 1
72
1
73
1
11
0
21
0
41
0.75
7
W0$125
0
TEXT
8
LABEL_ATTRIBUTE
10
0
20
0
40
0.875
1
PartType
72
1
73
1
11
0
21
0
41
0.75
7
W0$125
0
TEXT
8
PART_TYPE_01
10
0
20
0
40
0.875
1
R1608
72
1
73
2
11
0
21
0
50
-180
41
0.75
7
W0$125
0
TEXT
8
PART_INFO
10
0
20
-1.25
40
0.875
1
000000
72
1
73
2
11
0
21
-1.25
50
-180
41
0.75
7
W0$125
0
TEXT
8
PART_PTS
10
0
20
-2.5
40
0.875
1
1 2 
72
1
73
2
11
0
21
-2.5
50
-180
41
0.75
7
W0$125
0
ENDBLK
0
BLOCK
2
PART_TOP_193
8
0
10
0
20
0
3
PART_TOP_193
70
64
0
INSERT
2
SYM_TOP_17
8
0
10
0
20
0
0
INSERT
2
PKG_13
8
0
10
0
20
0
0
TEXT
8
LABEL_INFO
10
1.7
20
0
40
0.875
1
1 0 0 1 0 1
73
1
11
1.7
21
0
41
0.75
7
W0$125
0
TEXT
8
LABEL_ATTRIBUTE
10
1.7
20
0
40
0.875
1
Ref.Des.
73
1
11
1.7
21
0
41
0.75
7
W0$125
0
TEXT
8
PART_NAME_01
10
1.7
20
0
40
0.875
1
R44
73
2
11
1.7
21
0
41
0.75
7
W0$125
0
TEXT
8
LABEL_INFO
10
0
20
0
40
0.875
1
1 0 1 1 0 1
72
1
73
1
11
0
21
0
41
0.75
7
W0$125
0
TEXT
8
LABEL_ATTRIBUTE
10
0
20
0
40
0.875
1
PartType
72
1
73
1
11
0
21
0
41
0.75
7
W0$125
0
TEXT
8
PART_TYPE_01
10
0
20
0
40
0.875
1
R1608
72
1
73
2
11
0
21
0
41
0.75
7
W0$125
0
TEXT
8
PART_INFO
10
0
20
-1.25
40
0.875
1
000000
72
1
73
2
11
0
21
-1.25
41
0.75
7
W0$125
0
TEXT
8
PART_PTS
10
0
20
-2.5
40
0.875
1
1 2 
72
1
73
2
11
0
21
-2.5
41
0.75
7
W0$125
0
ENDBLK
0
BLOCK
2
PART_TOP_194
8
0
10
0
20
0
3
PART_TOP_194
70
64
0
INSERT
2
SYM_TOP_17
8
0
10
0
20
0
0
INSERT
2
PKG_13
8
0
10
0
20
0
0
TEXT
8
LABEL_INFO
10
20.6
20
-11.7999993333
40
0.875
1
1 324000000 0 1 0 1
73
1
11
20.6
21
-11.7999993333
50
180
41
0.75
7
W0$125
0
TEXT
8
LABEL_ATTRIBUTE
10
20.6
20
-11.7999993333
40
0.875
1
Ref.Des.
73
1
11
20.6
21
-11.7999993333
50
180
41
0.75
7
W0$125
0
TEXT
8
PART_NAME_01
10
20.6
20
-11.7999993333
40
0.875
1
R49
73
2
11
20.6
21
-11.7999993333
50
-180
41
0.75
7
W0$125
0
TEXT
8
LABEL_INFO
10
0
20
0
40
0.875
1
1 0 1 1 0 1
72
1
73
1
11
0
21
0
41
0.75
7
W0$125
0
TEXT
8
LABEL_ATTRIBUTE
10
0
20
0
40
0.875
1
PartType
72
1
73
1
11
0
21
0
41
0.75
7
W0$125
0
TEXT
8
PART_TYPE_01
10
0
20
0
40
0.875
1
R1608
72
1
73
2
11
0
21
0
50
-180
41
0.75
7
W0$125
0
TEXT
8
PART_INFO
10
0
20
-1.25
40
0.875
1
000000
72
1
73
2
11
0
21
-1.25
50
-180
41
0.75
7
W0$125
0
TEXT
8
PART_PTS
10
0
20
-2.5
40
0.875
1
1 2 
72
1
73
2
11
0
21
-2.5
50
-180
41
0.75
7
W0$125
0
ENDBLK
0
BLOCK
2
PART_TOP_195
8
0
10
0
20
0
3
PART_TOP_195
70
64
0
INSERT
2
SYM_TOP_17
8
0
10
0
20
0
0
INSERT
2
PKG_13
8
0
10
0
20
0
0
TEXT
8
LABEL_INFO
10
3.3
20
-0.0999993333
40
0.875
1
1 324000000 0 1 0 1
73
1
11
3.3
21
-0.0999993333
50
180
41
0.75
7
W0$125
0
TEXT
8
LABEL_ATTRIBUTE
10
3.3
20
-0.0999993333
40
0.875
1
Ref.Des.
73
1
11
3.3
21
-0.0999993333
50
180
41
0.75
7
W0$125
0
TEXT
8
PART_NAME_01
10
3.3
20
-0.0999993333
40
0.875
1
R50
73
2
11
3.3
21
-0.0999993333
50
-180
41
0.75
7
W0$125
0
TEXT
8
LABEL_INFO
10
0
20
0
40
0.875
1
1 0 1 1 0 1
72
1
73
1
11
0
21
0
41
0.75
7
W0$125
0
TEXT
8
LABEL_ATTRIBUTE
10
0
20
0
40
0.875
1
PartType
72
1
73
1
11
0
21
0
41
0.75
7
W0$125
0
TEXT
8
PART_TYPE_01
10
0
20
0
40
0.875
1
R1608
72
1
73
2
11
0
21
0
50
-180
41
0.75
7
W0$125
0
TEXT
8
PART_INFO
10
0
20
-1.25
40
0.875
1
000000
72
1
73
2
11
0
21
-1.25
50
-180
41
0.75
7
W0$125
0
TEXT
8
PART_PTS
10
0
20
-2.5
40
0.875
1
1 2 
72
1
73
2
11
0
21
-2.5
50
-180
41
0.75
7
W0$125
0
ENDBLK
0
BLOCK
2
PART_TOP_196
8
0
10
0
20
0
3
PART_TOP_196
70
64
0
INSERT
2
SYM_TOP_17
8
0
10
0
20
0
0
INSERT
2
PKG_13
8
0
10
0
20
0
0
TEXT
8
LABEL_INFO
10
1.7
20
0.1
40
0.875
1
1 0 0 1 0 1
73
1
11
1.7
21
0.1
41
0.75
7
W0$125
0
TEXT
8
LABEL_ATTRIBUTE
10
1.7
20
0.1
40
0.875
1
Ref.Des.
73
1
11
1.7
21
0.1
41
0.75
7
W0$125
0
TEXT
8
PART_NAME_01
10
1.7
20
0.1
40
0.875
1
R51
73
2
11
1.7
21
0.1
41
0.75
7
W0$125
0
TEXT
8
LABEL_INFO
10
0
20
0
40
0.875
1
1 0 1 1 0 1
72
1
73
1
11
0
21
0
41
0.75
7
W0$125
0
TEXT
8
LABEL_ATTRIBUTE
10
0
20
0
40
0.875
1
PartType
72
1
73
1
11
0
21
0
41
0.75
7
W0$125
0
TEXT
8
PART_TYPE_01
10
0
20
0
40
0.875
1
R1608
72
1
73
2
11
0
21
0
41
0.75
7
W0$125
0
TEXT
8
PART_INFO
10
0
20
-1.25
40
0.875
1
000000
72
1
73
2
11
0
21
-1.25
41
0.75
7
W0$125
0
TEXT
8
PART_PTS
10
0
20
-2.5
40
0.875
1
1 2 
72
1
73
2
11
0
21
-2.5
41
0.75
7
W0$125
0
ENDBLK
0
BLOCK
2
PART_TOP_197
8
0
10
0
20
0
3
PART_TOP_197
70
64
0
INSERT
2
SYM_TOP_17
8
0
10
0
20
0
0
INSERT
2
PKG_13
8
0
10
0
20
0
0
TEXT
8
LABEL_INFO
10
1.8
20
0
40
0.875
1
1 0 0 1 0 1
73
1
11
1.8
21
0
41
0.75
7
W0$125
0
TEXT
8
LABEL_ATTRIBUTE
10
1.8
20
0
40
0.875
1
Ref.Des.
73
1
11
1.8
21
0
41
0.75
7
W0$125
0
TEXT
8
PART_NAME_01
10
1.8
20
0
40
0.875
1
R52
73
2
11
1.8
21
0
41
0.75
7
W0$125
0
TEXT
8
LABEL_INFO
10
0
20
0
40
0.875
1
1 0 1 1 0 1
72
1
73
1
11
0
21
0
41
0.75
7
W0$125
0
TEXT
8
LABEL_ATTRIBUTE
10
0
20
0
40
0.875
1
PartType
72
1
73
1
11
0
21
0
41
0.75
7
W0$125
0
TEXT
8
PART_TYPE_01
10
0
20
0
40
0.875
1
R1608
72
1
73
2
11
0
21
0
41
0.75
7
W0$125
0
TEXT
8
PART_INFO
10
0
20
-1.25
40
0.875
1
000000
72
1
73
2
11
0
21
-1.25
41
0.75
7
W0$125
0
TEXT
8
PART_PTS
10
0
20
-2.5
40
0.875
1
1 2 
72
1
73
2
11
0
21
-2.5
41
0.75
7
W0$125
0
ENDBLK
0
BLOCK
2
PART_TOP_198
8
0
10
0
20
0
3
PART_TOP_198
70
64
0
INSERT
2
SYM_TOP_17
8
0
10
0
20
0
0
INSERT
2
PKG_13
8
0
10
0
20
0
0
TEXT
8
LABEL_INFO
10
-13.1
20
-20.8
40
0.875
1
1 0 0 1 0 1
73
1
11
-13.1
21
-20.8
41
0.75
7
W0$125
0
TEXT
8
LABEL_ATTRIBUTE
10
-13.1
20
-20.8
40
0.875
1
Ref.Des.
73
1
11
-13.1
21
-20.8
41
0.75
7
W0$125
0
TEXT
8
PART_NAME_01
10
-13.1
20
-20.8
40
0.875
1
R53
73
2
11
-13.1
21
-20.8
41
0.75
7
W0$125
0
TEXT
8
LABEL_INFO
10
0
20
0
40
0.875
1
1 0 1 1 0 1
72
1
73
1
11
0
21
0
41
0.75
7
W0$125
0
TEXT
8
LABEL_ATTRIBUTE
10
0
20
0
40
0.875
1
PartType
72
1
73
1
11
0
21
0
41
0.75
7
W0$125
0
TEXT
8
PART_TYPE_01
10
0
20
0
40
0.875
1
R1608
72
1
73
2
11
0
21
0
41
0.75
7
W0$125
0
TEXT
8
PART_INFO
10
0
20
-1.25
40
0.875
1
000000
72
1
73
2
11
0
21
-1.25
41
0.75
7
W0$125
0
TEXT
8
PART_PTS
10
0
20
-2.5
40
0.875
1
1 2 
72
1
73
2
11
0
21
-2.5
41
0.75
7
W0$125
0
ENDBLK
0
BLOCK
2
PART_TOP_199
8
0
10
0
20
0
3
PART_TOP_199
70
64
0
INSERT
2
SYM_TOP_17
8
0
10
0
20
0
0
INSERT
2
PKG_13
8
0
10
0
20
0
0
TEXT
8
LABEL_INFO
10
-1.4
20
-1.3
40
0.875
1
1 0 0 1 0 1
73
1
11
-1.4
21
-1.3
41
0.75
7
W0$125
0
TEXT
8
LABEL_ATTRIBUTE
10
-1.4
20
-1.3
40
0.875
1
Ref.Des.
73
1
11
-1.4
21
-1.3
41
0.75
7
W0$125
0
TEXT
8
PART_NAME_01
10
-1.4
20
-1.3
40
0.875
1
R54
73
2
11
-1.4
21
-1.3
41
0.75
7
W0$125
0
TEXT
8
LABEL_INFO
10
0
20
0
40
0.875
1
1 0 1 1 0 1
72
1
73
1
11
0
21
0
41
0.75
7
W0$125
0
TEXT
8
LABEL_ATTRIBUTE
10
0
20
0
40
0.875
1
PartType
72
1
73
1
11
0
21
0
41
0.75
7
W0$125
0
TEXT
8
PART_TYPE_01
10
0
20
0
40
0.875
1
R1608
72
1
73
2
11
0
21
0
41
0.75
7
W0$125
0
TEXT
8
PART_INFO
10
0
20
-1.25
40
0.875
1
000000
72
1
73
2
11
0
21
-1.25
41
0.75
7
W0$125
0
TEXT
8
PART_PTS
10
0
20
-2.5
40
0.875
1
1 2 
72
1
73
2
11
0
21
-2.5
41
0.75
7
W0$125
0
ENDBLK
0
BLOCK
2
PART_TOP_200
8
0
10
0
20
0
3
PART_TOP_200
70
64
0
INSERT
2
SYM_TOP_17
8
0
10
0
20
0
0
INSERT
2
PKG_13
8
0
10
0
20
0
0
TEXT
8
LABEL_INFO
10
-3.5
20
0
40
0.875
1
1 0 0 1 0 1
73
1
11
-3.5
21
0
41
0.75
7
W0$125
0
TEXT
8
LABEL_ATTRIBUTE
10
-3.5
20
0
40
0.875
1
Ref.Des.
73
1
11
-3.5
21
0
41
0.75
7
W0$125
0
TEXT
8
PART_NAME_01
10
-3.5
20
0
40
0.875
1
R55
73
2
11
-3.5
21
0
41
0.75
7
W0$125
0
TEXT
8
LABEL_INFO
10
0
20
0
40
0.875
1
1 0 1 1 0 1
72
1
73
1
11
0
21
0
41
0.75
7
W0$125
0
TEXT
8
LABEL_ATTRIBUTE
10
0
20
0
40
0.875
1
PartType
72
1
73
1
11
0
21
0
41
0.75
7
W0$125
0
TEXT
8
PART_TYPE_01
10
0
20
0
40
0.875
1
R1608
72
1
73
2
11
0
21
0
41
0.75
7
W0$125
0
TEXT
8
PART_INFO
10
0
20
-1.25
40
0.875
1
000000
72
1
73
2
11
0
21
-1.25
41
0.75
7
W0$125
0
TEXT
8
PART_PTS
10
0
20
-2.5
40
0.875
1
1 2 
72
1
73
2
11
0
21
-2.5
41
0.75
7
W0$125
0
ENDBLK
0
BLOCK
2
PART_TOP_201
8
0
10
0
20
0
3
PART_TOP_201
70
64
0
INSERT
2
SYM_TOP_17
8
0
10
0
20
0
0
INSERT
2
PKG_13
8
0
10
0
20
0
0
TEXT
8
LABEL_INFO
10
-3.5
20
0.1
40
0.875
1
1 0 0 1 0 1
73
1
11
-3.5
21
0.1
41
0.75
7
W0$125
0
TEXT
8
LABEL_ATTRIBUTE
10
-3.5
20
0.1
40
0.875
1
Ref.Des.
73
1
11
-3.5
21
0.1
41
0.75
7
W0$125
0
TEXT
8
PART_NAME_01
10
-3.5
20
0.1
40
0.875
1
R56
73
2
11
-3.5
21
0.1
41
0.75
7
W0$125
0
TEXT
8
LABEL_INFO
10
0
20
0
40
0.875
1
1 0 1 1 0 1
72
1
73
1
11
0
21
0
41
0.75
7
W0$125
0
TEXT
8
LABEL_ATTRIBUTE
10
0
20
0
40
0.875
1
PartType
72
1
73
1
11
0
21
0
41
0.75
7
W0$125
0
TEXT
8
PART_TYPE_01
10
0
20
0
40
0.875
1
R1608
72
1
73
2
11
0
21
0
41
0.75
7
W0$125
0
TEXT
8
PART_INFO
10
0
20
-1.25
40
0.875
1
000000
72
1
73
2
11
0
21
-1.25
41
0.75
7
W0$125
0
TEXT
8
PART_PTS
10
0
20
-2.5
40
0.875
1
1 2 
72
1
73
2
11
0
21
-2.5
41
0.75
7
W0$125
0
ENDBLK
0
BLOCK
2
PART_TOP_202
8
0
10
0
20
0
3
PART_TOP_202
70
64
0
INSERT
2
SYM_TOP_17
8
0
10
0
20
0
0
INSERT
2
PKG_13
8
0
10
0
20
0
0
TEXT
8
LABEL_INFO
10
0.3
20
-15.8
40
0.875
1
1 0 0 1 0 1
73
1
11
0.3
21
-15.8
41
0.75
7
W0$125
0
TEXT
8
LABEL_ATTRIBUTE
10
0.3
20
-15.8
40
0.875
1
Ref.Des.
73
1
11
0.3
21
-15.8
41
0.75
7
W0$125
0
TEXT
8
PART_NAME_01
10
0.3
20
-15.8
40
0.875
1
R57
73
2
11
0.3
21
-15.8
41
0.75
7
W0$125
0
TEXT
8
LABEL_INFO
10
0
20
0
40
0.875
1
1 0 1 1 0 1
72
1
73
1
11
0
21
0
41
0.75
7
W0$125
0
TEXT
8
LABEL_ATTRIBUTE
10
0
20
0
40
0.875
1
PartType
72
1
73
1
11
0
21
0
41
0.75
7
W0$125
0
TEXT
8
PART_TYPE_01
10
0
20
0
40
0.875
1
R1608
72
1
73
2
11
0
21
0
41
0.75
7
W0$125
0
TEXT
8
PART_INFO
10
0
20
-1.25
40
0.875
1
000000
72
1
73
2
11
0
21
-1.25
41
0.75
7
W0$125
0
TEXT
8
PART_PTS
10
0
20
-2.5
40
0.875
1
1 2 
72
1
73
2
11
0
21
-2.5
41
0.75
7
W0$125
0
ENDBLK
0
BLOCK
2
PART_TOP_203
8
0
10
0
20
0
3
PART_TOP_203
70
64
0
INSERT
2
SYM_TOP_17
8
0
10
0
20
0
0
INSERT
2
PKG_13
8
0
10
0
20
0
0
TEXT
8
LABEL_INFO
10
0.9
20
-2.9
40
0.875
1
1 324000000 0 1 0 1
73
1
11
0.9
21
-2.9
50
180
41
0.75
7
W0$125
0
TEXT
8
LABEL_ATTRIBUTE
10
0.9
20
-2.9
40
0.875
1
Ref.Des.
73
1
11
0.9
21
-2.9
50
180
41
0.75
7
W0$125
0
TEXT
8
PART_NAME_01
10
0.9
20
-2.9
40
0.875
1
R58
73
2
11
0.9
21
-2.9
50
-180
41
0.75
7
W0$125
0
TEXT
8
LABEL_INFO
10
0
20
0
40
0.875
1
1 0 1 1 0 1
72
1
73
1
11
0
21
0
41
0.75
7
W0$125
0
TEXT
8
LABEL_ATTRIBUTE
10
0
20
0
40
0.875
1
PartType
72
1
73
1
11
0
21
0
41
0.75
7
W0$125
0
TEXT
8
PART_TYPE_01
10
0
20
0
40
0.875
1
R1608
72
1
73
2
11
0
21
0
50
-180
41
0.75
7
W0$125
0
TEXT
8
PART_INFO
10
0
20
-1.25
40
0.875
1
000000
72
1
73
2
11
0
21
-1.25
50
-180
41
0.75
7
W0$125
0
TEXT
8
PART_PTS
10
0
20
-2.5
40
0.875
1
1 2 
72
1
73
2
11
0
21
-2.5
50
-180
41
0.75
7
W0$125
0
ENDBLK
0
BLOCK
2
PART_TOP_204
8
0
10
0
20
0
3
PART_TOP_204
70
64
0
INSERT
2
SYM_TOP_17
8
0
10
0
20
0
0
INSERT
2
PKG_13
8
0
10
0
20
0
0
TEXT
8
LABEL_INFO
10
1.7
20
0
40
0.875
1
1 0 0 1 0 1
73
1
11
1.7
21
0
41
0.75
7
W0$125
0
TEXT
8
LABEL_ATTRIBUTE
10
1.7
20
0
40
0.875
1
Ref.Des.
73
1
11
1.7
21
0
41
0.75
7
W0$125
0
TEXT
8
PART_NAME_01
10
1.7
20
0
40
0.875
1
R59
73
2
11
1.7
21
0
41
0.75
7
W0$125
0
TEXT
8
LABEL_INFO
10
0
20
0
40
0.875
1
1 0 1 1 0 1
72
1
73
1
11
0
21
0
41
0.75
7
W0$125
0
TEXT
8
LABEL_ATTRIBUTE
10
0
20
0
40
0.875
1
PartType
72
1
73
1
11
0
21
0
41
0.75
7
W0$125
0
TEXT
8
PART_TYPE_01
10
0
20
0
40
0.875
1
R1608
72
1
73
2
11
0
21
0
41
0.75
7
W0$125
0
TEXT
8
PART_INFO
10
0
20
-1.25
40
0.875
1
000000
72
1
73
2
11
0
21
-1.25
41
0.75
7
W0$125
0
TEXT
8
PART_PTS
10
0
20
-2.5
40
0.875
1
1 2 
72
1
73
2
11
0
21
-2.5
41
0.75
7
W0$125
0
ENDBLK
0
BLOCK
2
PART_TOP_205
8
0
10
0
20
0
3
PART_TOP_205
70
64
0
INSERT
2
SYM_TOP_17
8
0
10
0
20
0
0
INSERT
2
PKG_13
8
0
10
0
20
0
0
TEXT
8
LABEL_INFO
10
20.6
20
-15.6999993333
40
0.875
1
1 324000000 0 1 0 1
73
1
11
20.6
21
-15.6999993333
50
180
41
0.75
7
W0$125
0
TEXT
8
LABEL_ATTRIBUTE
10
20.6
20
-15.6999993333
40
0.875
1
Ref.Des.
73
1
11
20.6
21
-15.6999993333
50
180
41
0.75
7
W0$125
0
TEXT
8
PART_NAME_01
10
20.6
20
-15.6999993333
40
0.875
1
R63
73
2
11
20.6
21
-15.6999993333
50
-180
41
0.75
7
W0$125
0
TEXT
8
LABEL_INFO
10
0
20
0
40
0.875
1
1 0 1 1 0 1
72
1
73
1
11
0
21
0
41
0.75
7
W0$125
0
TEXT
8
LABEL_ATTRIBUTE
10
0
20
0
40
0.875
1
PartType
72
1
73
1
11
0
21
0
41
0.75
7
W0$125
0
TEXT
8
PART_TYPE_01
10
0
20
0
40
0.875
1
R1608
72
1
73
2
11
0
21
0
50
-180
41
0.75
7
W0$125
0
TEXT
8
PART_INFO
10
0
20
-1.25
40
0.875
1
000000
72
1
73
2
11
0
21
-1.25
50
-180
41
0.75
7
W0$125
0
TEXT
8
PART_PTS
10
0
20
-2.5
40
0.875
1
1 2 
72
1
73
2
11
0
21
-2.5
50
-180
41
0.75
7
W0$125
0
ENDBLK
0
BLOCK
2
PART_TOP_206
8
0
10
0
20
0
3
PART_TOP_206
70
64
0
INSERT
2
SYM_TOP_17
8
0
10
0
20
0
0
INSERT
2
PKG_13
8
0
10
0
20
0
0
TEXT
8
LABEL_INFO
10
1.8
20
0.1
40
0.875
1
1 0 0 1 0 1
73
1
11
1.8
21
0.1
41
0.75
7
W0$125
0
TEXT
8
LABEL_ATTRIBUTE
10
1.8
20
0.1
40
0.875
1
Ref.Des.
73
1
11
1.8
21
0.1
41
0.75
7
W0$125
0
TEXT
8
PART_NAME_01
10
1.8
20
0.1
40
0.875
1
R64
73
2
11
1.8
21
0.1
41
0.75
7
W0$125
0
TEXT
8
LABEL_INFO
10
0
20
0
40
0.875
1
1 0 1 1 0 1
72
1
73
1
11
0
21
0
41
0.75
7
W0$125
0
TEXT
8
LABEL_ATTRIBUTE
10
0
20
0
40
0.875
1
PartType
72
1
73
1
11
0
21
0
41
0.75
7
W0$125
0
TEXT
8
PART_TYPE_01
10
0
20
0
40
0.875
1
R1608
72
1
73
2
11
0
21
0
41
0.75
7
W0$125
0
TEXT
8
PART_INFO
10
0
20
-1.25
40
0.875
1
000000
72
1
73
2
11
0
21
-1.25
41
0.75
7
W0$125
0
TEXT
8
PART_PTS
10
0
20
-2.5
40
0.875
1
1 2 
72
1
73
2
11
0
21
-2.5
41
0.75
7
W0$125
0
ENDBLK
0
BLOCK
2
PART_TOP_207
8
0
10
0
20
0
3
PART_TOP_207
70
64
0
INSERT
2
SYM_TOP_17
8
0
10
0
20
0
0
INSERT
2
PKG_13
8
0
10
0
20
0
0
TEXT
8
LABEL_INFO
10
1.7
20
0.1
40
0.875
1
1 0 0 1 0 1
73
1
11
1.7
21
0.1
41
0.75
7
W0$125
0
TEXT
8
LABEL_ATTRIBUTE
10
1.7
20
0.1
40
0.875
1
Ref.Des.
73
1
11
1.7
21
0.1
41
0.75
7
W0$125
0
TEXT
8
PART_NAME_01
10
1.7
20
0.1
40
0.875
1
R65
73
2
11
1.7
21
0.1
41
0.75
7
W0$125
0
TEXT
8
LABEL_INFO
10
0
20
0
40
0.875
1
1 0 1 1 0 1
72
1
73
1
11
0
21
0
41
0.75
7
W0$125
0
TEXT
8
LABEL_ATTRIBUTE
10
0
20
0
40
0.875
1
PartType
72
1
73
1
11
0
21
0
41
0.75
7
W0$125
0
TEXT
8
PART_TYPE_01
10
0
20
0
40
0.875
1
R1608
72
1
73
2
11
0
21
0
41
0.75
7
W0$125
0
TEXT
8
PART_INFO
10
0
20
-1.25
40
0.875
1
000000
72
1
73
2
11
0
21
-1.25
41
0.75
7
W0$125
0
TEXT
8
PART_PTS
10
0
20
-2.5
40
0.875
1
1 2 
72
1
73
2
11
0
21
-2.5
41
0.75
7
W0$125
0
ENDBLK
0
BLOCK
2
PART_TOP_208
8
0
10
0
20
0
3
PART_TOP_208
70
64
0
INSERT
2
SYM_TOP_17
8
0
10
0
20
0
0
INSERT
2
PKG_13
8
0
10
0
20
0
0
TEXT
8
LABEL_INFO
10
-17
20
-20.9
40
0.875
1
1 0 0 1 0 1
73
1
11
-17
21
-20.9
41
0.75
7
W0$125
0
TEXT
8
LABEL_ATTRIBUTE
10
-17
20
-20.9
40
0.875
1
Ref.Des.
73
1
11
-17
21
-20.9
41
0.75
7
W0$125
0
TEXT
8
PART_NAME_01
10
-17
20
-20.9
40
0.875
1
R66
73
2
11
-17
21
-20.9
41
0.75
7
W0$125
0
TEXT
8
LABEL_INFO
10
0
20
0
40
0.875
1
1 0 1 1 0 1
72
1
73
1
11
0
21
0
41
0.75
7
W0$125
0
TEXT
8
LABEL_ATTRIBUTE
10
0
20
0
40
0.875
1
PartType
72
1
73
1
11
0
21
0
41
0.75
7
W0$125
0
TEXT
8
PART_TYPE_01
10
0
20
0
40
0.875
1
R1608
72
1
73
2
11
0
21
0
41
0.75
7
W0$125
0
TEXT
8
PART_INFO
10
0
20
-1.25
40
0.875
1
000000
72
1
73
2
11
0
21
-1.25
41
0.75
7
W0$125
0
TEXT
8
PART_PTS
10
0
20
-2.5
40
0.875
1
1 2 
72
1
73
2
11
0
21
-2.5
41
0.75
7
W0$125
0
ENDBLK
0
BLOCK
2
PART_TOP_209
8
0
10
0
20
0
3
PART_TOP_209
70
64
0
INSERT
2
SYM_TOP_17
8
0
10
0
20
0
0
INSERT
2
PKG_13
8
0
10
0
20
0
0
TEXT
8
LABEL_INFO
10
1.8
20
0
40
0.875
1
1 0 0 1 0 1
73
1
11
1.8
21
0
41
0.75
7
W0$125
0
TEXT
8
LABEL_ATTRIBUTE
10
1.8
20
0
40
0.875
1
Ref.Des.
73
1
11
1.8
21
0
41
0.75
7
W0$125
0
TEXT
8
PART_NAME_01
10
1.8
20
0
40
0.875
1
R67
73
2
11
1.8
21
0
41
0.75
7
W0$125
0
TEXT
8
LABEL_INFO
10
0
20
0
40
0.875
1
1 0 1 1 0 1
72
1
73
1
11
0
21
0
41
0.75
7
W0$125
0
TEXT
8
LABEL_ATTRIBUTE
10
0
20
0
40
0.875
1
PartType
72
1
73
1
11
0
21
0
41
0.75
7
W0$125
0
TEXT
8
PART_TYPE_01
10
0
20
0
40
0.875
1
R1608
72
1
73
2
11
0
21
0
41
0.75
7
W0$125
0
TEXT
8
PART_INFO
10
0
20
-1.25
40
0.875
1
000000
72
1
73
2
11
0
21
-1.25
41
0.75
7
W0$125
0
TEXT
8
PART_PTS
10
0
20
-2.5
40
0.875
1
1 2 
72
1
73
2
11
0
21
-2.5
41
0.75
7
W0$125
0
ENDBLK
0
BLOCK
2
PART_TOP_210
8
0
10
0
20
0
3
PART_TOP_210
70
64
0
INSERT
2
SYM_TOP_17
8
0
10
0
20
0
0
INSERT
2
PKG_13
8
0
10
0
20
0
0
TEXT
8
LABEL_INFO
10
0.0999993333
20
1.1
40
0.875
1
1 324000000 0 1 0 1
73
1
11
0.0999993333
21
1.1
50
180
41
0.75
7
W0$125
0
TEXT
8
LABEL_ATTRIBUTE
10
0.0999993333
20
1.1
40
0.875
1
Ref.Des.
73
1
11
0.0999993333
21
1.1
50
180
41
0.75
7
W0$125
0
TEXT
8
PART_NAME_01
10
0.0999993333
20
1.1
40
0.875
1
R68
73
2
11
0.0999993333
21
1.1
50
-180
41
0.75
7
W0$125
0
TEXT
8
LABEL_INFO
10
0
20
0
40
0.875
1
1 0 1 1 0 1
72
1
73
1
11
0
21
0
41
0.75
7
W0$125
0
TEXT
8
LABEL_ATTRIBUTE
10
0
20
0
40
0.875
1
PartType
72
1
73
1
11
0
21
0
41
0.75
7
W0$125
0
TEXT
8
PART_TYPE_01
10
0
20
0
40
0.875
1
R1608
72
1
73
2
11
0
21
0
50
-180
41
0.75
7
W0$125
0
TEXT
8
PART_INFO
10
0
20
-1.25
40
0.875
1
000000
72
1
73
2
11
0
21
-1.25
50
-180
41
0.75
7
W0$125
0
TEXT
8
PART_PTS
10
0
20
-2.5
40
0.875
1
1 2 
72
1
73
2
11
0
21
-2.5
50
-180
41
0.75
7
W0$125
0
ENDBLK
0
BLOCK
2
PART_TOP_211
8
0
10
0
20
0
3
PART_TOP_211
70
64
0
INSERT
2
SYM_TOP_38
8
0
10
0
20
0
0
INSERT
2
PKG_33
8
0
10
0
20
0
0
TEXT
8
LABEL_INFO
10
0.325
20
0
40
0.889
1
0 0 0 2 0 1
73
2
11
0.325
21
0
41
0.75
7
W0$127
0
TEXT
8
LABEL_ATTRIBUTE
10
0.325
20
0
40
0.889
1
PartType
73
2
11
0.325
21
0
41
0.75
7
W0$127
0
TEXT
8
PART_TYPE_01
10
0.325
20
0
40
0.889
1
TSSOP14-0.65-6.4(OPA4397PWR)
73
3
11
0.325
21
0
41
0.75
7
W0$127
0
TEXT
8
LABEL_INFO
10
3.2
20
0.7
40
0.875
1
1 486000000 0 1 0 1
73
1
11
3.2
21
0.7
50
270
41
0.75
7
W0$125
0
TEXT
8
LABEL_ATTRIBUTE
10
3.2
20
0.7
40
0.875
1
Ref.Des.
73
1
11
3.2
21
0.7
50
270
41
0.75
7
W0$125
0
TEXT
8
PART_NAME_01
10
3.2
20
0.7
40
0.875
1
U10
73
2
11
3.2
21
0.7
50
-90
41
0.75
7
W0$125
0
TEXT
8
PART_INFO
10
3.2
20
-0.55
40
0.875
1
000000
73
2
11
3.2
21
-0.55
50
-90
41
0.75
7
W0$125
0
TEXT
8
PART_PTS
10
3.2
20
-1.8
40
0.875
1
1 2 3 4 5 6 7 8 9 10 11 12 13 14 
73
2
11
3.2
21
-1.8
50
-90
41
0.75
7
W0$125
0
ENDBLK
0
BLOCK
2
PART_TOP_212
8
0
10
0
20
0
3
PART_TOP_212
70
64
0
INSERT
2
SYM_TOP_38
8
0
10
0
20
0
0
INSERT
2
PKG_33
8
0
10
0
20
0
0
TEXT
8
LABEL_INFO
10
0.325
20
0
40
0.889
1
0 0 0 2 0 1
73
2
11
0.325
21
0
41
0.75
7
W0$127
0
TEXT
8
LABEL_ATTRIBUTE
10
0.325
20
0
40
0.889
1
PartType
73
2
11
0.325
21
0
41
0.75
7
W0$127
0
TEXT
8
PART_TYPE_01
10
0.325
20
0
40
0.889
1
TSSOP14-0.65-6.4(OPA4397PWR)
73
3
11
0.325
21
0
41
0.75
7
W0$127
0
TEXT
8
LABEL_INFO
10
-3.1
20
0.6999993333
40
0.875
1
1 486000000 0 1 0 1
73
1
11
-3.1
21
0.6999993333
50
270
41
0.75
7
W0$125
0
TEXT
8
LABEL_ATTRIBUTE
10
-3.1
20
0.6999993333
40
0.875
1
Ref.Des.
73
1
11
-3.1
21
0.6999993333
50
270
41
0.75
7
W0$125
0
TEXT
8
PART_NAME_01
10
-3.1
20
0.6999993333
40
0.875
1
U11
73
2
11
-3.1
21
0.6999993333
50
-90
41
0.75
7
W0$125
0
TEXT
8
PART_INFO
10
-3.1
20
-0.5500006667
40
0.875
1
000000
73
2
11
-3.1
21
-0.5500006667
50
-90
41
0.75
7
W0$125
0
TEXT
8
PART_PTS
10
-3.1
20
-1.8000006667
40
0.875
1
1 2 3 4 5 6 7 8 9 10 11 12 13 14 
73
2
11
-3.1
21
-1.8000006667
50
-90
41
0.75
7
W0$125
0
ENDBLK
0
BLOCK
2
PART_TOP_213
8
0
10
0
20
0
3
PART_TOP_213
70
64
0
INSERT
2
SYM_TOP_38
8
0
10
0
20
0
0
INSERT
2
PKG_33
8
0
10
0
20
0
0
TEXT
8
LABEL_INFO
10
0.325
20
0
40
0.889
1
0 0 0 2 0 1
73
2
11
0.325
21
0
41
0.75
7
W0$127
0
TEXT
8
LABEL_ATTRIBUTE
10
0.325
20
0
40
0.889
1
PartType
73
2
11
0.325
21
0
41
0.75
7
W0$127
0
TEXT
8
PART_TYPE_01
10
0.325
20
0
40
0.889
1
TSSOP14-0.65-6.4(OPA4397PWR)
73
3
11
0.325
21
0
41
0.75
7
W0$127
0
TEXT
8
LABEL_INFO
10
-3.3
20
0.6999993333
40
0.875
1
1 486000000 0 1 0 1
73
1
11
-3.3
21
0.6999993333
50
270
41
0.75
7
W0$125
0
TEXT
8
LABEL_ATTRIBUTE
10
-3.3
20
0.6999993333
40
0.875
1
Ref.Des.
73
1
11
-3.3
21
0.6999993333
50
270
41
0.75
7
W0$125
0
TEXT
8
PART_NAME_01
10
-3.3
20
0.6999993333
40
0.875
1
U12
73
2
11
-3.3
21
0.6999993333
50
-90
41
0.75
7
W0$125
0
TEXT
8
PART_INFO
10
-3.3
20
-0.5500006667
40
0.875
1
000000
73
2
11
-3.3
21
-0.5500006667
50
-90
41
0.75
7
W0$125
0
TEXT
8
PART_PTS
10
-3.3
20
-1.8000006667
40
0.875
1
1 2 3 4 5 6 7 8 9 10 11 12 13 14 
73
2
11
-3.3
21
-1.8000006667
50
-90
41
0.75
7
W0$125
0
ENDBLK
0
BLOCK
2
PART_TOP_214
8
0
10
0
20
0
3
PART_TOP_214
70
64
0
INSERT
2
SYM_TOP_38
8
0
10
0
20
0
0
INSERT
2
PKG_33
8
0
10
0
20
0
0
TEXT
8
LABEL_INFO
10
0.325
20
0
40
0.889
1
0 0 0 2 0 1
73
2
11
0.325
21
0
41
0.75
7
W0$127
0
TEXT
8
LABEL_ATTRIBUTE
10
0.325
20
0
40
0.889
1
PartType
73
2
11
0.325
21
0
41
0.75
7
W0$127
0
TEXT
8
PART_TYPE_01
10
0.325
20
0
40
0.889
1
TSSOP14-0.65-6.4(OPA4397PWR)
73
3
11
0.325
21
0
41
0.75
7
W0$127
0
TEXT
8
LABEL_INFO
10
-3.3
20
0.5999993333
40
0.875
1
1 486000000 0 1 0 1
73
1
11
-3.3
21
0.5999993333
50
270
41
0.75
7
W0$125
0
TEXT
8
LABEL_ATTRIBUTE
10
-3.3
20
0.5999993333
40
0.875
1
Ref.Des.
73
1
11
-3.3
21
0.5999993333
50
270
41
0.75
7
W0$125
0
TEXT
8
PART_NAME_01
10
-3.3
20
0.5999993333
40
0.875
1
U8
73
2
11
-3.3
21
0.5999993333
50
-90
41
0.75
7
W0$125
0
TEXT
8
PART_INFO
10
-3.3
20
-0.6500006667
40
0.875
1
000000
73
2
11
-3.3
21
-0.6500006667
50
-90
41
0.75
7
W0$125
0
TEXT
8
PART_PTS
10
-3.3
20
-1.9000006667
40
0.875
1
1 2 3 4 5 6 7 8 9 10 11 12 13 14 
73
2
11
-3.3
21
-1.9000006667
50
-90
41
0.75
7
W0$125
0
ENDBLK
0
BLOCK
2
PART_TOP_215
8
0
10
0
20
0
3
PART_TOP_215
70
64
0
INSERT
2
SYM_TOP_39
8
0
10
0
20
0
0
INSERT
2
PKG_34
8
0
10
0
20
0
0
TEXT
8
LABEL_INFO
10
0
20
0
40
0.875
1
1 0 1 1 0 1
72
1
73
1
11
0
21
0
41
0.75
7
W0$125
0
TEXT
8
LABEL_ATTRIBUTE
10
0
20
0
40
0.875
1
PartType
72
1
73
1
11
0
21
0
41
0.75
7
W0$125
0
TEXT
8
PART_TYPE_01
10
0
20
0
40
0.875
1
TSSOP16-0.65-6.4(TLC5916IPWR)
72
1
73
2
11
0
21
0
41
0.75
7
W0$125
0
TEXT
8
LABEL_INFO
10
-3.3
20
0.2999993333
40
0.875
1
1 486000000 0 1 0 1
73
1
11
-3.3
21
0.2999993333
50
270
41
0.75
7
W0$125
0
TEXT
8
LABEL_ATTRIBUTE
10
-3.3
20
0.2999993333
40
0.875
1
Ref.Des.
73
1
11
-3.3
21
0.2999993333
50
270
41
0.75
7
W0$125
0
TEXT
8
PART_NAME_01
10
-3.3
20
0.2999993333
40
0.875
1
U9
73
2
11
-3.3
21
0.2999993333
50
-90
41
0.75
7
W0$125
0
TEXT
8
PART_INFO
10
-3.3
20
-0.9500006667
40
0.875
1
000000
73
2
11
-3.3
21
-0.9500006667
50
-90
41
0.75
7
W0$125
0
TEXT
8
PART_PTS
10
-3.3
20
-2.2000006667
40
0.875
1
1 2 3 4 5 6 7 8 9 10 11 12 13 14 15 16 
73
2
11
-3.3
21
-2.2000006667
50
-90
41
0.75
7
W0$125
0
ENDBLK
0
BLOCK
2
PART_TOP_216
8
0
10
0
20
0
3
PART_TOP_216
70
64
0
INSERT
2
SYM_TOP_40
8
0
10
0
20
0
0
INSERT
2
PKG_35
8
0
10
0
20
0
0
TEXT
8
LABEL_INFO
10
0
20
0
40
0.889
1
0 0 0 2 0 1
73
2
11
0
21
0
41
0.75
7
W0$127
0
TEXT
8
LABEL_ATTRIBUTE
10
0
20
0
40
0.889
1
PartType
73
2
11
0
21
0
41
0.75
7
W0$127
0
TEXT
8
PART_TYPE_01
10
0
20
0
40
0.889
1
VEMD2503
73
3
11
0
21
0
41
0.75
7
W0$127
0
TEXT
8
LABEL_INFO
10
-5.19
20
0.0131093333
40
0.875
1
1 0 0 1 0 1
73
1
11
-5.19
21
0.0131093333
41
0.75
7
W0$125
0
TEXT
8
LABEL_ATTRIBUTE
10
-5.19
20
0.0131093333
40
0.875
1
Ref.Des.
73
1
11
-5.19
21
0.0131093333
41
0.75
7
W0$125
0
TEXT
8
PART_NAME_01
10
-5.19
20
0.0131093333
40
0.875
1
D10
73
2
11
-5.19
21
0.0131093333
41
0.75
7
W0$125
0
TEXT
8
PART_INFO
10
-5.19
20
-1.2368906667
40
0.875
1
000000
73
2
11
-5.19
21
-1.2368906667
41
0.75
7
W0$125
0
TEXT
8
PART_PTS
10
-5.19
20
-2.4868906667
40
0.875
1
1 2 3 
73
2
11
-5.19
21
-2.4868906667
41
0.75
7
W0$125
0
ENDBLK
0
BLOCK
2
PART_TOP_217
8
0
10
0
20
0
3
PART_TOP_217
70
64
0
INSERT
2
SYM_TOP_40
8
0
10
0
20
0
0
INSERT
2
PKG_35
8
0
10
0
20
0
0
TEXT
8
LABEL_INFO
10
0
20
0
40
0.889
1
0 0 0 2 0 1
73
2
11
0
21
0
41
0.75
7
W0$127
0
TEXT
8
LABEL_ATTRIBUTE
10
0
20
0
40
0.889
1
PartType
73
2
11
0
21
0
41
0.75
7
W0$127
0
TEXT
8
PART_TYPE_01
10
0
20
0
40
0.889
1
VEMD2503
73
3
11
0
21
0
41
0.75
7
W0$127
0
TEXT
8
LABEL_INFO
10
4.21
20
0.01311
40
0.875
1
1 0 0 1 0 1
73
1
11
4.21
21
0.01311
41
0.75
7
W0$125
0
TEXT
8
LABEL_ATTRIBUTE
10
4.21
20
0.01311
40
0.875
1
Ref.Des.
73
1
11
4.21
21
0.01311
41
0.75
7
W0$125
0
TEXT
8
PART_NAME_01
10
4.21
20
0.01311
40
0.875
1
D11
73
2
11
4.21
21
0.01311
41
0.75
7
W0$125
0
TEXT
8
PART_INFO
10
4.21
20
-1.23689
40
0.875
1
000000
73
2
11
4.21
21
-1.23689
41
0.75
7
W0$125
0
TEXT
8
PART_PTS
10
4.21
20
-2.48689
40
0.875
1
1 2 3 
73
2
11
4.21
21
-2.48689
41
0.75
7
W0$125
0
ENDBLK
0
BLOCK
2
PART_TOP_218
8
0
10
0
20
0
3
PART_TOP_218
70
64
0
INSERT
2
SYM_TOP_40
8
0
10
0
20
0
0
INSERT
2
PKG_35
8
0
10
0
20
0
0
TEXT
8
LABEL_INFO
10
0
20
0
40
0.889
1
0 0 0 2 0 1
73
2
11
0
21
0
41
0.75
7
W0$127
0
TEXT
8
LABEL_ATTRIBUTE
10
0
20
0
40
0.889
1
PartType
73
2
11
0
21
0
41
0.75
7
W0$127
0
TEXT
8
PART_TYPE_01
10
0
20
0
40
0.889
1
VEMD2503
73
3
11
0
21
0
41
0.75
7
W0$127
0
TEXT
8
LABEL_INFO
10
4.21
20
0.01311
40
0.875
1
1 0 0 1 0 1
73
1
11
4.21
21
0.01311
41
0.75
7
W0$125
0
TEXT
8
LABEL_ATTRIBUTE
10
4.21
20
0.01311
40
0.875
1
Ref.Des.
73
1
11
4.21
21
0.01311
41
0.75
7
W0$125
0
TEXT
8
PART_NAME_01
10
4.21
20
0.01311
40
0.875
1
D12
73
2
11
4.21
21
0.01311
41
0.75
7
W0$125
0
TEXT
8
PART_INFO
10
4.21
20
-1.23689
40
0.875
1
000000
73
2
11
4.21
21
-1.23689
41
0.75
7
W0$125
0
TEXT
8
PART_PTS
10
4.21
20
-2.48689
40
0.875
1
1 2 3 
73
2
11
4.21
21
-2.48689
41
0.75
7
W0$125
0
ENDBLK
0
BLOCK
2
PART_TOP_219
8
0
10
0
20
0
3
PART_TOP_219
70
64
0
INSERT
2
SYM_TOP_40
8
0
10
0
20
0
0
INSERT
2
PKG_35
8
0
10
0
20
0
0
TEXT
8
LABEL_INFO
10
0
20
0
40
0.889
1
0 0 0 2 0 1
73
2
11
0
21
0
41
0.75
7
W0$127
0
TEXT
8
LABEL_ATTRIBUTE
10
0
20
0
40
0.889
1
PartType
73
2
11
0
21
0
41
0.75
7
W0$127
0
TEXT
8
PART_TYPE_01
10
0
20
0
40
0.889
1
VEMD2503
73
3
11
0
21
0
41
0.75
7
W0$127
0
TEXT
8
LABEL_INFO
10
4.21
20
0.01311
40
0.875
1
1 0 0 1 0 1
73
1
11
4.21
21
0.01311
41
0.75
7
W0$125
0
TEXT
8
LABEL_ATTRIBUTE
10
4.21
20
0.01311
40
0.875
1
Ref.Des.
73
1
11
4.21
21
0.01311
41
0.75
7
W0$125
0
TEXT
8
PART_NAME_01
10
4.21
20
0.01311
40
0.875
1
D13
73
2
11
4.21
21
0.01311
41
0.75
7
W0$125
0
TEXT
8
PART_INFO
10
4.21
20
-1.23689
40
0.875
1
000000
73
2
11
4.21
21
-1.23689
41
0.75
7
W0$125
0
TEXT
8
PART_PTS
10
4.21
20
-2.48689
40
0.875
1
1 2 3 
73
2
11
4.21
21
-2.48689
41
0.75
7
W0$125
0
ENDBLK
0
BLOCK
2
PART_TOP_220
8
0
10
0
20
0
3
PART_TOP_220
70
64
0
INSERT
2
SYM_TOP_40
8
0
10
0
20
0
0
INSERT
2
PKG_35
8
0
10
0
20
0
0
TEXT
8
LABEL_INFO
10
0
20
0
40
0.889
1
0 0 0 2 0 1
73
2
11
0
21
0
41
0.75
7
W0$127
0
TEXT
8
LABEL_ATTRIBUTE
10
0
20
0
40
0.889
1
PartType
73
2
11
0
21
0
41
0.75
7
W0$127
0
TEXT
8
PART_TYPE_01
10
0
20
0
40
0.889
1
VEMD2503
73
3
11
0
21
0
41
0.75
7
W0$127
0
TEXT
8
LABEL_INFO
10
4.21
20
0.01311
40
0.875
1
1 0 0 1 0 1
73
1
11
4.21
21
0.01311
41
0.75
7
W0$125
0
TEXT
8
LABEL_ATTRIBUTE
10
4.21
20
0.01311
40
0.875
1
Ref.Des.
73
1
11
4.21
21
0.01311
41
0.75
7
W0$125
0
TEXT
8
PART_NAME_01
10
4.21
20
0.01311
40
0.875
1
D14
73
2
11
4.21
21
0.01311
41
0.75
7
W0$125
0
TEXT
8
PART_INFO
10
4.21
20
-1.23689
40
0.875
1
000000
73
2
11
4.21
21
-1.23689
41
0.75
7
W0$125
0
TEXT
8
PART_PTS
10
4.21
20
-2.48689
40
0.875
1
1 2 3 
73
2
11
4.21
21
-2.48689
41
0.75
7
W0$125
0
ENDBLK
0
BLOCK
2
PART_TOP_221
8
0
10
0
20
0
3
PART_TOP_221
70
64
0
INSERT
2
SYM_TOP_40
8
0
10
0
20
0
0
INSERT
2
PKG_35
8
0
10
0
20
0
0
TEXT
8
LABEL_INFO
10
0
20
0
40
0.889
1
0 0 0 2 0 1
73
2
11
0
21
0
41
0.75
7
W0$127
0
TEXT
8
LABEL_ATTRIBUTE
10
0
20
0
40
0.889
1
PartType
73
2
11
0
21
0
41
0.75
7
W0$127
0
TEXT
8
PART_TYPE_01
10
0
20
0
40
0.889
1
VEMD2503
73
3
11
0
21
0
41
0.75
7
W0$127
0
TEXT
8
LABEL_INFO
10
4.21
20
0.01311
40
0.875
1
1 0 0 1 0 1
73
1
11
4.21
21
0.01311
41
0.75
7
W0$125
0
TEXT
8
LABEL_ATTRIBUTE
10
4.21
20
0.01311
40
0.875
1
Ref.Des.
73
1
11
4.21
21
0.01311
41
0.75
7
W0$125
0
TEXT
8
PART_NAME_01
10
4.21
20
0.01311
40
0.875
1
D15
73
2
11
4.21
21
0.01311
41
0.75
7
W0$125
0
TEXT
8
PART_INFO
10
4.21
20
-1.23689
40
0.875
1
000000
73
2
11
4.21
21
-1.23689
41
0.75
7
W0$125
0
TEXT
8
PART_PTS
10
4.21
20
-2.48689
40
0.875
1
1 2 3 
73
2
11
4.21
21
-2.48689
41
0.75
7
W0$125
0
ENDBLK
0
BLOCK
2
PART_TOP_222
8
0
10
0
20
0
3
PART_TOP_222
70
64
0
INSERT
2
SYM_TOP_40
8
0
10
0
20
0
0
INSERT
2
PKG_35
8
0
10
0
20
0
0
TEXT
8
LABEL_INFO
10
0
20
0
40
0.889
1
0 0 0 2 0 1
73
2
11
0
21
0
41
0.75
7
W0$127
0
TEXT
8
LABEL_ATTRIBUTE
10
0
20
0
40
0.889
1
PartType
73
2
11
0
21
0
41
0.75
7
W0$127
0
TEXT
8
PART_TYPE_01
10
0
20
0
40
0.889
1
VEMD2503
73
3
11
0
21
0
41
0.75
7
W0$127
0
TEXT
8
LABEL_INFO
10
-4.99
20
0.1131093333
40
0.875
1
1 0 0 1 0 1
73
1
11
-4.99
21
0.1131093333
41
0.75
7
W0$125
0
TEXT
8
LABEL_ATTRIBUTE
10
-4.99
20
0.1131093333
40
0.875
1
Ref.Des.
73
1
11
-4.99
21
0.1131093333
41
0.75
7
W0$125
0
TEXT
8
PART_NAME_01
10
-4.99
20
0.1131093333
40
0.875
1
D9
73
2
11
-4.99
21
0.1131093333
41
0.75
7
W0$125
0
TEXT
8
PART_INFO
10
-4.99
20
-1.1368906667
40
0.875
1
000000
73
2
11
-4.99
21
-1.1368906667
41
0.75
7
W0$125
0
TEXT
8
PART_PTS
10
-4.99
20
-2.3868906667
40
0.875
1
1 2 3 
73
2
11
-4.99
21
-2.3868906667
41
0.75
7
W0$125
0
ENDBLK
0
BLOCK
2
PART_TOP_223
8
0
10
0
20
0
3
PART_TOP_223
70
64
0
INSERT
2
SYM_TOP_41
8
0
10
0
20
0
0
INSERT
2
PKG_36
8
0
10
0
20
0
0
TEXT
8
LABEL_INFO
10
0
20
0
40
0.889
1
0 0 0 2 0 1
73
2
11
0
21
0
41
0.75
7
W0$127
0
TEXT
8
LABEL_ATTRIBUTE
10
0
20
0
40
0.889
1
PartType
73
2
11
0
21
0
41
0.75
7
W0$127
0
TEXT
8
PART_TYPE_01
10
0
20
0
40
0.889
1
ECO-HOLE2.0_NTH
73
3
11
0
21
0
41
0.75
7
W0$127
0
TEXT
8
PART_NAME_TOP
10
0
20
0
40
1.0668
1
ECO13
73
3
11
0
21
0
41
0.75
7
W0$1524
0
TEXT
8
PART_INFO
10
0
20
-1.524
40
1.0668
1
000010
73
3
11
0
21
-1.524
41
0.75
7
W0$1524
0
TEXT
8
PART_PTS
10
0
20
-3.048
40
1.0668
1
1 
73
3
11
0
21
-3.048
41
0.75
7
W0$1524
0
ENDBLK
0
BLOCK
2
PART_TOP_224
8
0
10
0
20
0
3
PART_TOP_224
70
64
0
INSERT
2
SYM_TOP_41
8
0
10
0
20
0
0
INSERT
2
PKG_36
8
0
10
0
20
0
0
TEXT
8
LABEL_INFO
10
0
20
0
40
0.889
1
0 0 0 2 0 1
73
2
11
0
21
0
41
0.75
7
W0$127
0
TEXT
8
LABEL_ATTRIBUTE
10
0
20
0
40
0.889
1
PartType
73
2
11
0
21
0
41
0.75
7
W0$127
0
TEXT
8
PART_TYPE_01
10
0
20
0
40
0.889
1
ECO-HOLE2.0_NTH
73
3
11
0
21
0
41
0.75
7
W0$127
0
TEXT
8
PART_NAME_TOP
10
0
20
0
40
1.0668
1
ECO14
73
3
11
0
21
0
41
0.75
7
W0$1524
0
TEXT
8
PART_INFO
10
0
20
-1.524
40
1.0668
1
000010
73
3
11
0
21
-1.524
41
0.75
7
W0$1524
0
TEXT
8
PART_PTS
10
0
20
-3.048
40
1.0668
1
1 
73
3
11
0
21
-3.048
41
0.75
7
W0$1524
0
ENDBLK
0
BLOCK
2
PART_TOP_225
8
0
10
0
20
0
3
PART_TOP_225
70
64
0
INSERT
2
SYM_TOP_41
8
0
10
0
20
0
0
INSERT
2
PKG_36
8
0
10
0
20
0
0
TEXT
8
LABEL_INFO
10
0
20
0
40
0.889
1
0 0 0 2 0 1
73
2
11
0
21
0
41
0.75
7
W0$127
0
TEXT
8
LABEL_ATTRIBUTE
10
0
20
0
40
0.889
1
PartType
73
2
11
0
21
0
41
0.75
7
W0$127
0
TEXT
8
PART_TYPE_01
10
0
20
0
40
0.889
1
ECO-HOLE2.0_NTH
73
3
11
0
21
0
41
0.75
7
W0$127
0
TEXT
8
PART_NAME_TOP
10
0
20
0
40
1.0668
1
ECO15
73
3
11
0
21
0
41
0.75
7
W0$1524
0
TEXT
8
PART_INFO
10
0
20
-1.524
40
1.0668
1
000010
73
3
11
0
21
-1.524
41
0.75
7
W0$1524
0
TEXT
8
PART_PTS
10
0
20
-3.048
40
1.0668
1
1 
73
3
11
0
21
-3.048
41
0.75
7
W0$1524
0
ENDBLK
0
BLOCK
2
PART_TOP_226
8
0
10
0
20
0
3
PART_TOP_226
70
64
0
INSERT
2
SYM_TOP_41
8
0
10
0
20
0
0
INSERT
2
PKG_36
8
0
10
0
20
0
0
TEXT
8
LABEL_INFO
10
0
20
0
40
0.889
1
0 0 0 2 0 1
73
2
11
0
21
0
41
0.75
7
W0$127
0
TEXT
8
LABEL_ATTRIBUTE
10
0
20
0
40
0.889
1
PartType
73
2
11
0
21
0
41
0.75
7
W0$127
0
TEXT
8
PART_TYPE_01
10
0
20
0
40
0.889
1
ECO-HOLE2.0_NTH
73
3
11
0
21
0
41
0.75
7
W0$127
0
TEXT
8
PART_NAME_TOP
10
0
20
0
40
1.0668
1
ECO16
73
3
11
0
21
0
41
0.75
7
W0$1524
0
TEXT
8
PART_INFO
10
0
20
-1.524
40
1.0668
1
000000
73
3
11
0
21
-1.524
41
0.75
7
W0$1524
0
TEXT
8
PART_PTS
10
0
20
-3.048
40
1.0668
1
1 
73
3
11
0
21
-3.048
41
0.75
7
W0$1524
0
ENDBLK
0
BLOCK
2
PART_BOT_227
8
0
10
0
20
0
3
PART_BOT_227
70
64
0
INSERT
2
SYM_BOT_21
8
0
10
0
20
0
0
INSERT
2
PKG_16
8
0
10
0
20
0
41
-1
0
TEXT
8
LABEL_INFO
10
0
20
0
40
0.875
1
1 0 0 1 0 1
73
1
11
0
21
0
41
0.75
7
W0$125
0
TEXT
8
LABEL_ATTRIBUTE
10
0
20
0
40
0.875
1
PartType
73
1
11
0
21
0
41
0.75
7
W0$125
0
TEXT
8
PART_TYPE_04
10
0
20
0
40
0.875
1
SFV20R-2STE1HLF
73
2
11
0
21
0
41
0.75
7
W0$125
0
TEXT
8
LABEL_INFO
10
-8.6
20
-0.7
40
0.875
1
1 486000000 0 1 0 1
73
1
11
-8.6
21
-0.7
50
270
41
0.75
7
W0$125
0
TEXT
8
LABEL_ATTRIBUTE
10
-8.6
20
-0.7
40
0.875
1
Ref.Des.
73
1
11
-8.6
21
-0.7
50
270
41
0.75
7
W0$125
0
TEXT
8
PART_NAME_04
10
-8.6
20
-0.7
40
0.875
1
J9
73
2
11
-8.6
21
-0.7
50
-90
41
0.75
7
W0$125
0
TEXT
8
PART_INFO
10
-8.6
20
-1.95
40
0.875
1
000000
71
2
73
2
11
-8.6
21
-1.95
50
-90
41
0.75
7
W0$125
0
TEXT
8
PART_PTS
10
-8.6
20
-3.2
40
0.875
1
1 2 3 4 5 6 7 8 9 10 11 12 13 14 15 16 17 18 19 20 21 22 
71
2
73
2
11
-8.6
21
-3.2
50
-90
41
0.75
7
W0$125
0
ENDBLK
0
BLOCK
2
PART_BOT_228
8
0
10
0
20
0
3
PART_BOT_228
70
64
0
INSERT
2
SYM_BOT_42
8
0
10
0
20
0
0
INSERT
2
PKG_37
8
0
10
0
20
0
41
-1
0
TEXT
8
LABEL_INFO
10
0.4904493333
20
1.84
40
0.875
1
1 324000000 0 1 0 1
73
1
11
0.4904493333
21
1.84
50
180
41
0.75
7
W0$125
0
TEXT
8
LABEL_ATTRIBUTE
10
0.4904493333
20
1.84
40
0.875
1
Ref.Des.
73
1
11
0.4904493333
21
1.84
50
180
41
0.75
7
W0$125
0
TEXT
8
PART_NAME_04
10
0.4904493333
20
1.84
40
0.875
1
D2
73
2
11
0.4904493333
21
1.84
50
-180
41
0.75
7
W0$125
0
TEXT
8
LABEL_INFO
10
0
20
0
40
0.875
1
1 0 1 1 0 1
72
1
73
1
11
0
21
0
41
0.75
7
W0$125
0
TEXT
8
LABEL_ATTRIBUTE
10
0
20
0
40
0.875
1
PartType
72
1
73
1
11
0
21
0
41
0.75
7
W0$125
0
TEXT
8
PART_TYPE_04
10
0
20
0
40
0.875
1
VLMU1610-365
72
1
73
2
11
0
21
0
50
-180
41
0.75
7
W0$125
0
TEXT
8
PART_INFO
10
0
20
-1.25
40
0.875
1
000000
71
2
72
1
73
2
11
0
21
-1.25
50
-180
41
0.75
7
W0$125
0
TEXT
8
PART_PTS
10
0
20
-2.5
40
0.875
1
1 2 
71
2
72
1
73
2
11
0
21
-2.5
50
-180
41
0.75
7
W0$125
0
ENDBLK
0
BLOCK
2
PART_BOT_229
8
0
10
0
20
0
3
PART_BOT_229
70
64
0
INSERT
2
SYM_BOT_42
8
0
10
0
20
0
0
INSERT
2
PKG_37
8
0
10
0
20
0
41
-1
0
TEXT
8
LABEL_INFO
10
0.4904493333
20
1.84
40
0.875
1
1 324000000 0 1 0 1
73
1
11
0.4904493333
21
1.84
50
180
41
0.75
7
W0$125
0
TEXT
8
LABEL_ATTRIBUTE
10
0.4904493333
20
1.84
40
0.875
1
Ref.Des.
73
1
11
0.4904493333
21
1.84
50
180
41
0.75
7
W0$125
0
TEXT
8
PART_NAME_04
10
0.4904493333
20
1.84
40
0.875
1
D3
73
2
11
0.4904493333
21
1.84
50
-180
41
0.75
7
W0$125
0
TEXT
8
LABEL_INFO
10
0
20
0
40
0.875
1
1 0 1 1 0 1
72
1
73
1
11
0
21
0
41
0.75
7
W0$125
0
TEXT
8
LABEL_ATTRIBUTE
10
0
20
0
40
0.875
1
PartType
72
1
73
1
11
0
21
0
41
0.75
7
W0$125
0
TEXT
8
PART_TYPE_04
10
0
20
0
40
0.875
1
VLMU1610-365
72
1
73
2
11
0
21
0
50
-180
41
0.75
7
W0$125
0
TEXT
8
PART_INFO
10
0
20
-1.25
40
0.875
1
000000
71
2
72
1
73
2
11
0
21
-1.25
50
-180
41
0.75
7
W0$125
0
TEXT
8
PART_PTS
10
0
20
-2.5
40
0.875
1
1 2 
71
2
72
1
73
2
11
0
21
-2.5
50
-180
41
0.75
7
W0$125
0
ENDBLK
0
BLOCK
2
PART_BOT_230
8
0
10
0
20
0
3
PART_BOT_230
70
64
0
INSERT
2
SYM_BOT_42
8
0
10
0
20
0
0
INSERT
2
PKG_37
8
0
10
0
20
0
41
-1
0
TEXT
8
LABEL_INFO
10
0.4904493333
20
1.84
40
0.875
1
1 324000000 0 1 0 1
73
1
11
0.4904493333
21
1.84
50
180
41
0.75
7
W0$125
0
TEXT
8
LABEL_ATTRIBUTE
10
0.4904493333
20
1.84
40
0.875
1
Ref.Des.
73
1
11
0.4904493333
21
1.84
50
180
41
0.75
7
W0$125
0
TEXT
8
PART_NAME_04
10
0.4904493333
20
1.84
40
0.875
1
D4
73
2
11
0.4904493333
21
1.84
50
-180
41
0.75
7
W0$125
0
TEXT
8
LABEL_INFO
10
0
20
0
40
0.875
1
1 0 1 1 0 1
72
1
73
1
11
0
21
0
41
0.75
7
W0$125
0
TEXT
8
LABEL_ATTRIBUTE
10
0
20
0
40
0.875
1
PartType
72
1
73
1
11
0
21
0
41
0.75
7
W0$125
0
TEXT
8
PART_TYPE_04
10
0
20
0
40
0.875
1
VLMU1610-365
72
1
73
2
11
0
21
0
50
-180
41
0.75
7
W0$125
0
TEXT
8
PART_INFO
10
0
20
-1.25
40
0.875
1
000000
71
2
72
1
73
2
11
0
21
-1.25
50
-180
41
0.75
7
W0$125
0
TEXT
8
PART_PTS
10
0
20
-2.5
40
0.875
1
1 2 
71
2
72
1
73
2
11
0
21
-2.5
50
-180
41
0.75
7
W0$125
0
ENDBLK
0
BLOCK
2
PART_BOT_231
8
0
10
0
20
0
3
PART_BOT_231
70
64
0
INSERT
2
SYM_BOT_42
8
0
10
0
20
0
0
INSERT
2
PKG_37
8
0
10
0
20
0
41
-1
0
TEXT
8
LABEL_INFO
10
0.4904493333
20
1.84
40
0.875
1
1 324000000 0 1 0 1
73
1
11
0.4904493333
21
1.84
50
180
41
0.75
7
W0$125
0
TEXT
8
LABEL_ATTRIBUTE
10
0.4904493333
20
1.84
40
0.875
1
Ref.Des.
73
1
11
0.4904493333
21
1.84
50
180
41
0.75
7
W0$125
0
TEXT
8
PART_NAME_04
10
0.4904493333
20
1.84
40
0.875
1
D5
73
2
11
0.4904493333
21
1.84
50
-180
41
0.75
7
W0$125
0
TEXT
8
LABEL_INFO
10
0
20
0
40
0.875
1
1 0 1 1 0 1
72
1
73
1
11
0
21
0
41
0.75
7
W0$125
0
TEXT
8
LABEL_ATTRIBUTE
10
0
20
0
40
0.875
1
PartType
72
1
73
1
11
0
21
0
41
0.75
7
W0$125
0
TEXT
8
PART_TYPE_04
10
0
20
0
40
0.875
1
VLMU1610-365
72
1
73
2
11
0
21
0
50
-180
41
0.75
7
W0$125
0
TEXT
8
PART_INFO
10
0
20
-1.25
40
0.875
1
000000
71
2
72
1
73
2
11
0
21
-1.25
50
-180
41
0.75
7
W0$125
0
TEXT
8
PART_PTS
10
0
20
-2.5
40
0.875
1
1 2 
71
2
72
1
73
2
11
0
21
-2.5
50
-180
41
0.75
7
W0$125
0
ENDBLK
0
BLOCK
2
PART_BOT_232
8
0
10
0
20
0
3
PART_BOT_232
70
64
0
INSERT
2
SYM_BOT_42
8
0
10
0
20
0
0
INSERT
2
PKG_37
8
0
10
0
20
0
41
-1
0
TEXT
8
LABEL_INFO
10
0.4904493333
20
1.84
40
0.875
1
1 324000000 0 1 0 1
73
1
11
0.4904493333
21
1.84
50
180
41
0.75
7
W0$125
0
TEXT
8
LABEL_ATTRIBUTE
10
0.4904493333
20
1.84
40
0.875
1
Ref.Des.
73
1
11
0.4904493333
21
1.84
50
180
41
0.75
7
W0$125
0
TEXT
8
PART_NAME_04
10
0.4904493333
20
1.84
40
0.875
1
D6
73
2
11
0.4904493333
21
1.84
50
-180
41
0.75
7
W0$125
0
TEXT
8
LABEL_INFO
10
0
20
0
40
0.875
1
1 0 1 1 0 1
72
1
73
1
11
0
21
0
41
0.75
7
W0$125
0
TEXT
8
LABEL_ATTRIBUTE
10
0
20
0
40
0.875
1
PartType
72
1
73
1
11
0
21
0
41
0.75
7
W0$125
0
TEXT
8
PART_TYPE_04
10
0
20
0
40
0.875
1
VLMU1610-365
72
1
73
2
11
0
21
0
50
-180
41
0.75
7
W0$125
0
TEXT
8
PART_INFO
10
0
20
-1.25
40
0.875
1
000000
71
2
72
1
73
2
11
0
21
-1.25
50
-180
41
0.75
7
W0$125
0
TEXT
8
PART_PTS
10
0
20
-2.5
40
0.875
1
1 2 
71
2
72
1
73
2
11
0
21
-2.5
50
-180
41
0.75
7
W0$125
0
ENDBLK
0
BLOCK
2
PART_BOT_233
8
0
10
0
20
0
3
PART_BOT_233
70
64
0
INSERT
2
SYM_BOT_42
8
0
10
0
20
0
0
INSERT
2
PKG_37
8
0
10
0
20
0
41
-1
0
TEXT
8
LABEL_INFO
10
0.4904493333
20
1.84
40
0.875
1
1 324000000 0 1 0 1
73
1
11
0.4904493333
21
1.84
50
180
41
0.75
7
W0$125
0
TEXT
8
LABEL_ATTRIBUTE
10
0.4904493333
20
1.84
40
0.875
1
Ref.Des.
73
1
11
0.4904493333
21
1.84
50
180
41
0.75
7
W0$125
0
TEXT
8
PART_NAME_04
10
0.4904493333
20
1.84
40
0.875
1
D7
73
2
11
0.4904493333
21
1.84
50
-180
41
0.75
7
W0$125
0
TEXT
8
LABEL_INFO
10
0
20
0
40
0.875
1
1 0 1 1 0 1
72
1
73
1
11
0
21
0
41
0.75
7
W0$125
0
TEXT
8
LABEL_ATTRIBUTE
10
0
20
0
40
0.875
1
PartType
72
1
73
1
11
0
21
0
41
0.75
7
W0$125
0
TEXT
8
PART_TYPE_04
10
0
20
0
40
0.875
1
VLMU1610-365
72
1
73
2
11
0
21
0
50
-180
41
0.75
7
W0$125
0
TEXT
8
PART_INFO
10
0
20
-1.25
40
0.875
1
000000
71
2
72
1
73
2
11
0
21
-1.25
50
-180
41
0.75
7
W0$125
0
TEXT
8
PART_PTS
10
0
20
-2.5
40
0.875
1
1 2 
71
2
72
1
73
2
11
0
21
-2.5
50
-180
41
0.75
7
W0$125
0
ENDBLK
0
BLOCK
2
PART_BOT_234
8
0
10
0
20
0
3
PART_BOT_234
70
64
0
INSERT
2
SYM_BOT_42
8
0
10
0
20
0
0
INSERT
2
PKG_37
8
0
10
0
20
0
41
-1
0
TEXT
8
LABEL_INFO
10
-0.10955
20
1.84
40
0.875
1
1 324000000 0 1 0 1
73
1
11
-0.10955
21
1.84
50
180
41
0.75
7
W0$125
0
TEXT
8
LABEL_ATTRIBUTE
10
-0.10955
20
1.84
40
0.875
1
Ref.Des.
73
1
11
-0.10955
21
1.84
50
180
41
0.75
7
W0$125
0
TEXT
8
PART_NAME_04
10
-0.10955
20
1.84
40
0.875
1
D8
73
2
11
-0.10955
21
1.84
50
-180
41
0.75
7
W0$125
0
TEXT
8
LABEL_INFO
10
0
20
0
40
0.875
1
1 0 1 1 0 1
72
1
73
1
11
0
21
0
41
0.75
7
W0$125
0
TEXT
8
LABEL_ATTRIBUTE
10
0
20
0
40
0.875
1
PartType
72
1
73
1
11
0
21
0
41
0.75
7
W0$125
0
TEXT
8
PART_TYPE_04
10
0
20
0
40
0.875
1
VLMU1610-365
72
1
73
2
11
0
21
0
50
-180
41
0.75
7
W0$125
0
TEXT
8
PART_INFO
10
0
20
-1.25
40
0.875
1
000000
71
2
72
1
73
2
11
0
21
-1.25
50
-180
41
0.75
7
W0$125
0
TEXT
8
PART_PTS
10
0
20
-2.5
40
0.875
1
1 2 
71
2
72
1
73
2
11
0
21
-2.5
50
-180
41
0.75
7
W0$125
0
ENDBLK
0
BLOCK
2
PART_TOP_235
8
0
10
0
20
0
3
PART_TOP_235
70
64
0
INSERT
2
SYM_TOP_43
8
0
10
0
20
0
0
INSERT
2
PKG_38
8
0
10
0
20
0
0
TEXT
8
LABEL_INFO
10
0
20
0
40
0.889
1
0 0 0 2 0 1
73
2
11
0
21
0
41
0.75
7
W0$127
0
TEXT
8
LABEL_ATTRIBUTE
10
0
20
0
40
0.889
1
PartType
73
2
11
0
21
0
41
0.75
7
W0$127
0
TEXT
8
PART_TYPE_01
10
0
20
0
40
0.889
1
ECO-HOLE3.5_NTH
73
3
11
0
21
0
41
0.75
7
W0$127
0
TEXT
8
PART_NAME_TOP
10
0
20
0
40
1.0668
1
ECO17
73
3
11
0
21
0
41
0.75
7
W0$1524
0
TEXT
8
PART_INFO
10
0
20
-1.524
40
1.0668
1
000010
73
3
11
0
21
-1.524
41
0.75
7
W0$1524
0
TEXT
8
PART_PTS
10
0
20
-3.048
40
1.0668
1
1 
73
3
11
0
21
-3.048
41
0.75
7
W0$1524
0
ENDBLK
0
BLOCK
2
PART_TOP_236
8
0
10
0
20
0
3
PART_TOP_236
70
64
0
INSERT
2
SYM_TOP_43
8
0
10
0
20
0
0
INSERT
2
PKG_38
8
0
10
0
20
0
0
TEXT
8
LABEL_INFO
10
0
20
0
40
0.889
1
0 0 0 2 0 1
73
2
11
0
21
0
41
0.75
7
W0$127
0
TEXT
8
LABEL_ATTRIBUTE
10
0
20
0
40
0.889
1
PartType
73
2
11
0
21
0
41
0.75
7
W0$127
0
TEXT
8
PART_TYPE_01
10
0
20
0
40
0.889
1
ECO-HOLE3.5_NTH
73
3
11
0
21
0
41
0.75
7
W0$127
0
TEXT
8
PART_NAME_TOP
10
0
20
0
40
1.0668
1
ECO18
73
3
11
0
21
0
41
0.75
7
W0$1524
0
TEXT
8
PART_INFO
10
0
20
-1.524
40
1.0668
1
000010
73
3
11
0
21
-1.524
41
0.75
7
W0$1524
0
TEXT
8
PART_PTS
10
0
20
-3.048
40
1.0668
1
1 
73
3
11
0
21
-3.048
41
0.75
7
W0$1524
0
ENDBLK
0
BLOCK
2
PART_TOP_237
8
0
10
0
20
0
3
PART_TOP_237
70
64
0
INSERT
2
SYM_TOP_44
8
0
10
0
20
0
0
INSERT
2
PKG_39
8
0
10
0
20
0
0
TEXT
8
LABEL_INFO
10
0
20
0
40
0.889
1
0 0 0 2 0 1
73
2
11
0
21
0
41
0.75
7
W0$127
0
TEXT
8
LABEL_ATTRIBUTE
10
0
20
0
40
0.889
1
PartType
73
2
11
0
21
0
41
0.75
7
W0$127
0
TEXT
8
PART_TYPE_01
10
0
20
0
40
0.889
1
EMA4012S
73
3
11
0
21
0
41
0.75
7
W0$127
0
TEXT
8
LABEL_INFO
10
0
20
-3.1
40
0.875
1
1 486000000 0 1 0 1
73
1
11
0
21
-3.1
50
270
41
0.75
7
W0$125
0
TEXT
8
LABEL_ATTRIBUTE
10
0
20
-3.1
40
0.875
1
Ref.Des.
73
1
11
0
21
-3.1
50
270
41
0.75
7
W0$125
0
TEXT
8
PART_NAME_01
10
0
20
-3.1
40
0.875
1
L1
73
2
11
0
21
-3.1
50
-90
41
0.75
7
W0$125
0
TEXT
8
PART_INFO
10
0
20
-4.35
40
0.875
1
000000
73
2
11
0
21
-4.35
50
-90
41
0.75
7
W0$125
0
TEXT
8
PART_PTS
10
0
20
-5.6
40
0.875
1
1 2 
73
2
11
0
21
-5.6
50
-90
41
0.75
7
W0$125
0
ENDBLK
0
BLOCK
2
PART_TOP_238
8
0
10
0
20
0
3
PART_TOP_238
70
64
0
INSERT
2
SYM_TOP_45
8
0
10
0
20
0
0
INSERT
2
PKG_40
8
0
10
0
20
0
0
TEXT
8
LABEL_INFO
10
-2.6
20
-0.15
40
0.875
1
1 324000000 0 1 0 1
73
1
11
-2.6
21
-0.15
50
180
41
0.75
7
W0$125
0
TEXT
8
LABEL_ATTRIBUTE
10
-2.6
20
-0.15
40
0.875
1
Ref.Des.
73
1
11
-2.6
21
-0.15
50
180
41
0.75
7
W0$125
0
TEXT
8
PART_NAME_01
10
-2.6
20
-0.15
40
0.875
1
SW1
73
2
11
-2.6
21
-0.15
50
-180
41
0.75
7
W0$125
0
TEXT
8
LABEL_INFO
10
0
20
0
40
0.889
1
0 0 0 2 0 1
73
2
11
0
21
0
41
0.75
7
W0$127
0
TEXT
8
LABEL_ATTRIBUTE
10
0
20
0
40
0.889
1
PartType
73
2
11
0
21
0
41
0.75
7
W0$127
0
TEXT
8
PART_TYPE_01
10
0
20
0
40
0.889
1
B3U-1000P
73
3
11
0
21
0
41
0.75
7
W0$127
0
TEXT
8
PART_INFO
10
0
20
-1.27
40
0.889
1
000010
73
3
11
0
21
-1.27
41
0.75
7
W0$127
0
TEXT
8
PART_PTS
10
0
20
-2.54
40
0.889
1
1 2 
73
3
11
0
21
-2.54
41
0.75
7
W0$127
0
ENDBLK
0
BLOCK
2
PART_TOP_239
8
0
10
0
20
0
3
PART_TOP_239
70
64
0
INSERT
2
SYM_TOP_9
8
0
10
0
20
0
0
INSERT
2
PKG_5
8
0
10
0
20
0
0
TEXT
8
LABEL_INFO
10
0
20
0
40
0.875
1
1 0 1 1 0 1
72
1
73
1
11
0
21
0
41
0.75
7
W0$125
0
TEXT
8
LABEL_ATTRIBUTE
10
0
20
0
40
0.875
1
PartType
72
1
73
1
11
0
21
0
41
0.75
7
W0$125
0
TEXT
8
PART_TYPE_01
10
0
20
0
40
0.875
1
C1608
72
1
73
2
11
0
21
0
50
-180
41
0.75
7
W0$125
0
TEXT
8
LABEL_INFO
10
0.4
20
-1.3
40
0.875
1
1 324000000 0 1 0 1
73
1
11
0.4
21
-1.3
50
180
41
0.75
7
W0$125
0
TEXT
8
LABEL_ATTRIBUTE
10
0.4
20
-1.3
40
0.875
1
Ref.Des.
73
1
11
0.4
21
-1.3
50
180
41
0.75
7
W0$125
0
TEXT
8
PART_NAME_01
10
0.4
20
-1.3
40
0.875
1
C76
73
2
11
0.4
21
-1.3
50
-180
41
0.75
7
W0$125
0
TEXT
8
PART_INFO
10
0.4
20
-2.55
40
0.875
1
000000
73
2
11
0.4
21
-2.55
50
-180
41
0.75
7
W0$125
0
TEXT
8
PART_PTS
10
0.4
20
-3.8
40
0.875
1
1 2 
73
2
11
0.4
21
-3.8
50
-180
41
0.75
7
W0$125
0
ENDBLK
0
BLOCK
2
PART_TOP_240
8
0
10
0
20
0
3
PART_TOP_240
70
64
0
INSERT
2
SYM_TOP_9
8
0
10
0
20
0
0
INSERT
2
PKG_5
8
0
10
0
20
0
0
TEXT
8
LABEL_INFO
10
0
20
0
40
0.875
1
1 0 1 1 0 1
72
1
73
1
11
0
21
0
41
0.75
7
W0$125
0
TEXT
8
LABEL_ATTRIBUTE
10
0
20
0
40
0.875
1
PartType
72
1
73
1
11
0
21
0
41
0.75
7
W0$125
0
TEXT
8
PART_TYPE_01
10
0
20
0
40
0.875
1
C1608
72
1
73
2
11
0
21
0
41
0.75
7
W0$125
0
TEXT
8
LABEL_INFO
10
-1
20
2.5
40
0.875
1
1 0 0 1 0 1
73
1
11
-1
21
2.5
41
0.75
7
W0$125
0
TEXT
8
LABEL_ATTRIBUTE
10
-1
20
2.5
40
0.875
1
Ref.Des.
73
1
11
-1
21
2.5
41
0.75
7
W0$125
0
TEXT
8
PART_NAME_01
10
-1
20
2.5
40
0.875
1
C77
73
2
11
-1
21
2.5
41
0.75
7
W0$125
0
TEXT
8
PART_INFO
10
-1
20
1.25
40
0.875
1
000000
73
2
11
-1
21
1.25
41
0.75
7
W0$125
0
TEXT
8
PART_PTS
10
-1
20
0
40
0.875
1
1 2 
73
2
11
-1
21
0
41
0.75
7
W0$125
0
ENDBLK
0
BLOCK
2
PART_TOP_241
8
0
10
0
20
0
3
PART_TOP_241
70
64
0
INSERT
2
SYM_TOP_9
8
0
10
0
20
0
0
INSERT
2
PKG_5
8
0
10
0
20
0
0
TEXT
8
LABEL_INFO
10
0
20
0
40
0.875
1
1 0 1 1 0 1
72
1
73
1
11
0
21
0
41
0.75
7
W0$125
0
TEXT
8
LABEL_ATTRIBUTE
10
0
20
0
40
0.875
1
PartType
72
1
73
1
11
0
21
0
41
0.75
7
W0$125
0
TEXT
8
PART_TYPE_01
10
0
20
0
40
0.875
1
C1608
72
1
73
2
11
0
21
0
41
0.75
7
W0$125
0
TEXT
8
LABEL_INFO
10
-0.5999993333
20
-1.3
40
0.875
1
1 0 0 1 0 1
73
1
11
-0.5999993333
21
-1.3
41
0.75
7
W0$125
0
TEXT
8
LABEL_ATTRIBUTE
10
-0.5999993333
20
-1.3
40
0.875
1
Ref.Des.
73
1
11
-0.5999993333
21
-1.3
41
0.75
7
W0$125
0
TEXT
8
PART_NAME_01
10
-0.5999993333
20
-1.3
40
0.875
1
C78
73
2
11
-0.5999993333
21
-1.3
41
0.75
7
W0$125
0
TEXT
8
PART_INFO
10
-0.5999993333
20
-2.55
40
0.875
1
000000
73
2
11
-0.5999993333
21
-2.55
41
0.75
7
W0$125
0
TEXT
8
PART_PTS
10
-0.5999993333
20
-3.8
40
0.875
1
1 2 
73
2
11
-0.5999993333
21
-3.8
41
0.75
7
W0$125
0
ENDBLK
0
BLOCK
2
PART_TOP_242
8
0
10
0
20
0
3
PART_TOP_242
70
64
0
INSERT
2
SYM_TOP_9
8
0
10
0
20
0
0
INSERT
2
PKG_5
8
0
10
0
20
0
0
TEXT
8
LABEL_INFO
10
0
20
0
40
0.875
1
1 0 1 1 0 1
72
1
73
1
11
0
21
0
41
0.75
7
W0$125
0
TEXT
8
LABEL_ATTRIBUTE
10
0
20
0
40
0.875
1
PartType
72
1
73
1
11
0
21
0
41
0.75
7
W0$125
0
TEXT
8
PART_TYPE_01
10
0
20
0
40
0.875
1
C1608
72
1
73
2
11
0
21
0
50
-180
41
0.75
7
W0$125
0
TEXT
8
LABEL_INFO
10
0.9
20
-1.2999993333
40
0.875
1
1 324000000 0 1 0 1
73
1
11
0.9
21
-1.2999993333
50
180
41
0.75
7
W0$125
0
TEXT
8
LABEL_ATTRIBUTE
10
0.9
20
-1.2999993333
40
0.875
1
Ref.Des.
73
1
11
0.9
21
-1.2999993333
50
180
41
0.75
7
W0$125
0
TEXT
8
PART_NAME_01
10
0.9
20
-1.2999993333
40
0.875
1
C79
73
2
11
0.9
21
-1.2999993333
50
-180
41
0.75
7
W0$125
0
TEXT
8
PART_INFO
10
0.9
20
-2.5499993333
40
0.875
1
000000
73
2
11
0.9
21
-2.5499993333
50
-180
41
0.75
7
W0$125
0
TEXT
8
PART_PTS
10
0.9
20
-3.7999993333
40
0.875
1
1 2 
73
2
11
0.9
21
-3.7999993333
50
-180
41
0.75
7
W0$125
0
ENDBLK
0
BLOCK
2
PART_TOP_243
8
0
10
0
20
0
3
PART_TOP_243
70
64
0
INSERT
2
SYM_TOP_9
8
0
10
0
20
0
0
INSERT
2
PKG_5
8
0
10
0
20
0
0
TEXT
8
LABEL_INFO
10
0
20
0
40
0.875
1
1 0 1 1 0 1
72
1
73
1
11
0
21
0
41
0.75
7
W0$125
0
TEXT
8
LABEL_ATTRIBUTE
10
0
20
0
40
0.875
1
PartType
72
1
73
1
11
0
21
0
41
0.75
7
W0$125
0
TEXT
8
PART_TYPE_01
10
0
20
0
40
0.875
1
C1608
72
1
73
2
11
0
21
0
50
-180
41
0.75
7
W0$125
0
TEXT
8
LABEL_INFO
10
-1.6
20
0
40
0.875
1
1 324000000 0 1 0 1
73
1
11
-1.6
21
0
50
180
41
0.75
7
W0$125
0
TEXT
8
LABEL_ATTRIBUTE
10
-1.6
20
0
40
0.875
1
Ref.Des.
73
1
11
-1.6
21
0
50
180
41
0.75
7
W0$125
0
TEXT
8
PART_NAME_01
10
-1.6
20
0
40
0.875
1
C80
73
2
11
-1.6
21
0
50
-180
41
0.75
7
W0$125
0
TEXT
8
PART_INFO
10
-1.6
20
-1.25
40
0.875
1
000000
73
2
11
-1.6
21
-1.25
50
-180
41
0.75
7
W0$125
0
TEXT
8
PART_PTS
10
-1.6
20
-2.5
40
0.875
1
1 2 
73
2
11
-1.6
21
-2.5
50
-180
41
0.75
7
W0$125
0
ENDBLK
0
BLOCK
2
PART_TOP_244
8
0
10
0
20
0
3
PART_TOP_244
70
64
0
INSERT
2
SYM_TOP_9
8
0
10
0
20
0
0
INSERT
2
PKG_5
8
0
10
0
20
0
0
TEXT
8
LABEL_INFO
10
0
20
0
40
0.875
1
1 0 1 1 0 1
72
1
73
1
11
0
21
0
41
0.75
7
W0$125
0
TEXT
8
LABEL_ATTRIBUTE
10
0
20
0
40
0.875
1
PartType
72
1
73
1
11
0
21
0
41
0.75
7
W0$125
0
TEXT
8
PART_TYPE_01
10
0
20
0
40
0.875
1
C1608
72
1
73
2
11
0
21
0
41
0.75
7
W0$125
0
TEXT
8
LABEL_INFO
10
-1
20
2.5
40
0.875
1
1 0 0 1 0 1
73
1
11
-1
21
2.5
41
0.75
7
W0$125
0
TEXT
8
LABEL_ATTRIBUTE
10
-1
20
2.5
40
0.875
1
Ref.Des.
73
1
11
-1
21
2.5
41
0.75
7
W0$125
0
TEXT
8
PART_NAME_01
10
-1
20
2.5
40
0.875
1
C81
73
2
11
-1
21
2.5
41
0.75
7
W0$125
0
TEXT
8
PART_INFO
10
-1
20
1.25
40
0.875
1
000000
73
2
11
-1
21
1.25
41
0.75
7
W0$125
0
TEXT
8
PART_PTS
10
-1
20
0
40
0.875
1
1 2 
73
2
11
-1
21
0
41
0.75
7
W0$125
0
ENDBLK
0
BLOCK
2
PART_TOP_245
8
0
10
0
20
0
3
PART_TOP_245
70
64
0
INSERT
2
SYM_TOP_9
8
0
10
0
20
0
0
INSERT
2
PKG_5
8
0
10
0
20
0
0
TEXT
8
LABEL_INFO
10
0
20
0
40
0.875
1
1 0 1 1 0 1
72
1
73
1
11
0
21
0
41
0.75
7
W0$125
0
TEXT
8
LABEL_ATTRIBUTE
10
0
20
0
40
0.875
1
PartType
72
1
73
1
11
0
21
0
41
0.75
7
W0$125
0
TEXT
8
PART_TYPE_01
10
0
20
0
40
0.875
1
C1608
72
1
73
2
11
0
21
0
41
0.75
7
W0$125
0
TEXT
8
LABEL_INFO
10
1.7
20
0.1
40
0.875
1
1 0 0 1 0 1
73
1
11
1.7
21
0.1
41
0.75
7
W0$125
0
TEXT
8
LABEL_ATTRIBUTE
10
1.7
20
0.1
40
0.875
1
Ref.Des.
73
1
11
1.7
21
0.1
41
0.75
7
W0$125
0
TEXT
8
PART_NAME_01
10
1.7
20
0.1
40
0.875
1
C82
73
2
11
1.7
21
0.1
41
0.75
7
W0$125
0
TEXT
8
PART_INFO
10
1.7
20
-1.15
40
0.875
1
000000
73
2
11
1.7
21
-1.15
41
0.75
7
W0$125
0
TEXT
8
PART_PTS
10
1.7
20
-2.4
40
0.875
1
1 2 
73
2
11
1.7
21
-2.4
41
0.75
7
W0$125
0
ENDBLK
0
BLOCK
2
PART_TOP_246
8
0
10
0
20
0
3
PART_TOP_246
70
64
0
INSERT
2
SYM_TOP_9
8
0
10
0
20
0
0
INSERT
2
PKG_5
8
0
10
0
20
0
0
TEXT
8
LABEL_INFO
10
0
20
0
40
0.875
1
1 0 1 1 0 1
72
1
73
1
11
0
21
0
41
0.75
7
W0$125
0
TEXT
8
LABEL_ATTRIBUTE
10
0
20
0
40
0.875
1
PartType
72
1
73
1
11
0
21
0
41
0.75
7
W0$125
0
TEXT
8
PART_TYPE_01
10
0
20
0
40
0.875
1
C1608
72
1
73
2
11
0
21
0
41
0.75
7
W0$125
0
TEXT
8
LABEL_INFO
10
1.7
20
0.1
40
0.875
1
1 0 0 1 0 1
73
1
11
1.7
21
0.1
41
0.75
7
W0$125
0
TEXT
8
LABEL_ATTRIBUTE
10
1.7
20
0.1
40
0.875
1
Ref.Des.
73
1
11
1.7
21
0.1
41
0.75
7
W0$125
0
TEXT
8
PART_NAME_01
10
1.7
20
0.1
40
0.875
1
C83
73
2
11
1.7
21
0.1
41
0.75
7
W0$125
0
TEXT
8
PART_INFO
10
1.7
20
-1.15
40
0.875
1
000000
73
2
11
1.7
21
-1.15
41
0.75
7
W0$125
0
TEXT
8
PART_PTS
10
1.7
20
-2.4
40
0.875
1
1 2 
73
2
11
1.7
21
-2.4
41
0.75
7
W0$125
0
ENDBLK
0
BLOCK
2
PART_TOP_247
8
0
10
0
20
0
3
PART_TOP_247
70
64
0
INSERT
2
SYM_TOP_9
8
0
10
0
20
0
0
INSERT
2
PKG_5
8
0
10
0
20
0
0
TEXT
8
LABEL_INFO
10
0
20
0
40
0.875
1
1 0 1 1 0 1
72
1
73
1
11
0
21
0
41
0.75
7
W0$125
0
TEXT
8
LABEL_ATTRIBUTE
10
0
20
0
40
0.875
1
PartType
72
1
73
1
11
0
21
0
41
0.75
7
W0$125
0
TEXT
8
PART_TYPE_01
10
0
20
0
40
0.875
1
C1608
72
1
73
2
11
0
21
0
41
0.75
7
W0$125
0
TEXT
8
LABEL_INFO
10
1.6857953333
20
0.1
40
0.875
1
1 0 0 1 0 1
73
1
11
1.6857953333
21
0.1
41
0.75
7
W0$125
0
TEXT
8
LABEL_ATTRIBUTE
10
1.6857953333
20
0.1
40
0.875
1
Ref.Des.
73
1
11
1.6857953333
21
0.1
41
0.75
7
W0$125
0
TEXT
8
PART_NAME_01
10
1.6857953333
20
0.1
40
0.875
1
C84
73
2
11
1.6857953333
21
0.1
41
0.75
7
W0$125
0
TEXT
8
PART_INFO
10
1.6857953333
20
-1.15
40
0.875
1
000000
73
2
11
1.6857953333
21
-1.15
41
0.75
7
W0$125
0
TEXT
8
PART_PTS
10
1.6857953333
20
-2.4
40
0.875
1
1 2 
73
2
11
1.6857953333
21
-2.4
41
0.75
7
W0$125
0
ENDBLK
0
BLOCK
2
PART_TOP_248
8
0
10
0
20
0
3
PART_TOP_248
70
64
0
INSERT
2
SYM_TOP_9
8
0
10
0
20
0
0
INSERT
2
PKG_5
8
0
10
0
20
0
0
TEXT
8
LABEL_INFO
10
0
20
0
40
0.875
1
1 0 1 1 0 1
72
1
73
1
11
0
21
0
41
0.75
7
W0$125
0
TEXT
8
LABEL_ATTRIBUTE
10
0
20
0
40
0.875
1
PartType
72
1
73
1
11
0
21
0
41
0.75
7
W0$125
0
TEXT
8
PART_TYPE_01
10
0
20
0
40
0.875
1
C1608
72
1
73
2
11
0
21
0
50
-180
41
0.75
7
W0$125
0
TEXT
8
LABEL_INFO
10
20.6
20
-12.0999993333
40
0.875
1
1 324000000 0 1 0 1
73
1
11
20.6
21
-12.0999993333
50
180
41
0.75
7
W0$125
0
TEXT
8
LABEL_ATTRIBUTE
10
20.6
20
-12.0999993333
40
0.875
1
Ref.Des.
73
1
11
20.6
21
-12.0999993333
50
180
41
0.75
7
W0$125
0
TEXT
8
PART_NAME_01
10
20.6
20
-12.0999993333
40
0.875
1
C85
73
2
11
20.6
21
-12.0999993333
50
-180
41
0.75
7
W0$125
0
TEXT
8
PART_INFO
10
20.6
20
-13.3499993333
40
0.875
1
000000
73
2
11
20.6
21
-13.3499993333
50
-180
41
0.75
7
W0$125
0
TEXT
8
PART_PTS
10
20.6
20
-14.5999993333
40
0.875
1
1 2 
73
2
11
20.6
21
-14.5999993333
50
-180
41
0.75
7
W0$125
0
ENDBLK
0
BLOCK
2
PART_TOP_249
8
0
10
0
20
0
3
PART_TOP_249
70
64
0
INSERT
2
SYM_TOP_9
8
0
10
0
20
0
0
INSERT
2
PKG_5
8
0
10
0
20
0
0
TEXT
8
LABEL_INFO
10
0
20
0
40
0.875
1
1 0 1 1 0 1
72
1
73
1
11
0
21
0
41
0.75
7
W0$125
0
TEXT
8
LABEL_ATTRIBUTE
10
0
20
0
40
0.875
1
PartType
72
1
73
1
11
0
21
0
41
0.75
7
W0$125
0
TEXT
8
PART_TYPE_01
10
0
20
0
40
0.875
1
C1608
72
1
73
2
11
0
21
0
50
-180
41
0.75
7
W0$125
0
TEXT
8
LABEL_INFO
10
3.3
20
0
40
0.875
1
1 324000000 0 1 0 1
73
1
11
3.3
21
0
50
180
41
0.75
7
W0$125
0
TEXT
8
LABEL_ATTRIBUTE
10
3.3
20
0
40
0.875
1
Ref.Des.
73
1
11
3.3
21
0
50
180
41
0.75
7
W0$125
0
TEXT
8
PART_NAME_01
10
3.3
20
0
40
0.875
1
C86
73
2
11
3.3
21
0
50
-180
41
0.75
7
W0$125
0
TEXT
8
PART_INFO
10
3.3
20
-1.25
40
0.875
1
000000
73
2
11
3.3
21
-1.25
50
-180
41
0.75
7
W0$125
0
TEXT
8
PART_PTS
10
3.3
20
-2.5
40
0.875
1
1 2 
73
2
11
3.3
21
-2.5
50
-180
41
0.75
7
W0$125
0
ENDBLK
0
BLOCK
2
PART_TOP_250
8
0
10
0
20
0
3
PART_TOP_250
70
64
0
INSERT
2
SYM_TOP_9
8
0
10
0
20
0
0
INSERT
2
PKG_5
8
0
10
0
20
0
0
TEXT
8
LABEL_INFO
10
0
20
0
40
0.875
1
1 0 1 1 0 1
72
1
73
1
11
0
21
0
41
0.75
7
W0$125
0
TEXT
8
LABEL_ATTRIBUTE
10
0
20
0
40
0.875
1
PartType
72
1
73
1
11
0
21
0
41
0.75
7
W0$125
0
TEXT
8
PART_TYPE_01
10
0
20
0
40
0.875
1
C1608
72
1
73
2
11
0
21
0
41
0.75
7
W0$125
0
TEXT
8
LABEL_INFO
10
1.7
20
0.1
40
0.875
1
1 0 0 1 0 1
73
1
11
1.7
21
0.1
41
0.75
7
W0$125
0
TEXT
8
LABEL_ATTRIBUTE
10
1.7
20
0.1
40
0.875
1
Ref.Des.
73
1
11
1.7
21
0.1
41
0.75
7
W0$125
0
TEXT
8
PART_NAME_01
10
1.7
20
0.1
40
0.875
1
C87
73
2
11
1.7
21
0.1
41
0.75
7
W0$125
0
TEXT
8
PART_INFO
10
1.7
20
-1.15
40
0.875
1
000000
73
2
11
1.7
21
-1.15
41
0.75
7
W0$125
0
TEXT
8
PART_PTS
10
1.7
20
-2.4
40
0.875
1
1 2 
73
2
11
1.7
21
-2.4
41
0.75
7
W0$125
0
ENDBLK
0
BLOCK
2
PART_TOP_251
8
0
10
0
20
0
3
PART_TOP_251
70
64
0
INSERT
2
SYM_TOP_9
8
0
10
0
20
0
0
INSERT
2
PKG_5
8
0
10
0
20
0
0
TEXT
8
LABEL_INFO
10
0
20
0
40
0.875
1
1 0 1 1 0 1
72
1
73
1
11
0
21
0
41
0.75
7
W0$125
0
TEXT
8
LABEL_ATTRIBUTE
10
0
20
0
40
0.875
1
PartType
72
1
73
1
11
0
21
0
41
0.75
7
W0$125
0
TEXT
8
PART_TYPE_01
10
0
20
0
40
0.875
1
C1608
72
1
73
2
11
0
21
0
41
0.75
7
W0$125
0
TEXT
8
LABEL_INFO
10
1.7
20
0.1
40
0.875
1
1 0 0 1 0 1
73
1
11
1.7
21
0.1
41
0.75
7
W0$125
0
TEXT
8
LABEL_ATTRIBUTE
10
1.7
20
0.1
40
0.875
1
Ref.Des.
73
1
11
1.7
21
0.1
41
0.75
7
W0$125
0
TEXT
8
PART_NAME_01
10
1.7
20
0.1
40
0.875
1
C88
73
2
11
1.7
21
0.1
41
0.75
7
W0$125
0
TEXT
8
PART_INFO
10
1.7
20
-1.15
40
0.875
1
000000
73
2
11
1.7
21
-1.15
41
0.75
7
W0$125
0
TEXT
8
PART_PTS
10
1.7
20
-2.4
40
0.875
1
1 2 
73
2
11
1.7
21
-2.4
41
0.75
7
W0$125
0
ENDBLK
0
BLOCK
2
PART_TOP_252
8
0
10
0
20
0
3
PART_TOP_252
70
64
0
INSERT
2
SYM_TOP_9
8
0
10
0
20
0
0
INSERT
2
PKG_5
8
0
10
0
20
0
0
TEXT
8
LABEL_INFO
10
0
20
0
40
0.875
1
1 0 1 1 0 1
72
1
73
1
11
0
21
0
41
0.75
7
W0$125
0
TEXT
8
LABEL_ATTRIBUTE
10
0
20
0
40
0.875
1
PartType
72
1
73
1
11
0
21
0
41
0.75
7
W0$125
0
TEXT
8
PART_TYPE_01
10
0
20
0
40
0.875
1
C1608
72
1
73
2
11
0
21
0
50
-180
41
0.75
7
W0$125
0
TEXT
8
LABEL_INFO
10
20.7
20
-16.0999993333
40
0.875
1
1 324000000 0 1 0 1
73
1
11
20.7
21
-16.0999993333
50
180
41
0.75
7
W0$125
0
TEXT
8
LABEL_ATTRIBUTE
10
20.7
20
-16.0999993333
40
0.875
1
Ref.Des.
73
1
11
20.7
21
-16.0999993333
50
180
41
0.75
7
W0$125
0
TEXT
8
PART_NAME_01
10
20.7
20
-16.0999993333
40
0.875
1
C89
73
2
11
20.7
21
-16.0999993333
50
-180
41
0.75
7
W0$125
0
TEXT
8
PART_INFO
10
20.7
20
-17.3499993333
40
0.875
1
000000
73
2
11
20.7
21
-17.3499993333
50
-180
41
0.75
7
W0$125
0
TEXT
8
PART_PTS
10
20.7
20
-18.5999993333
40
0.875
1
1 2 
73
2
11
20.7
21
-18.5999993333
50
-180
41
0.75
7
W0$125
0
ENDBLK
0
BLOCK
2
PART_TOP_253
8
0
10
0
20
0
3
PART_TOP_253
70
64
0
INSERT
2
SYM_TOP_17
8
0
10
0
20
0
0
INSERT
2
PKG_13
8
0
10
0
20
0
0
TEXT
8
LABEL_INFO
10
0
20
0
40
0.875
1
1 0 1 1 0 1
72
1
73
1
11
0
21
0
41
0.75
7
W0$125
0
TEXT
8
LABEL_ATTRIBUTE
10
0
20
0
40
0.875
1
PartType
72
1
73
1
11
0
21
0
41
0.75
7
W0$125
0
TEXT
8
PART_TYPE_01
10
0
20
0
40
0.875
1
R1608
72
1
73
2
11
0
21
0
50
-180
41
0.75
7
W0$125
0
TEXT
8
LABEL_INFO
10
3.5
20
0
40
0.875
1
1 324000000 0 1 0 1
73
1
11
3.5
21
0
50
180
41
0.75
7
W0$125
0
TEXT
8
LABEL_ATTRIBUTE
10
3.5
20
0
40
0.875
1
Ref.Des.
73
1
11
3.5
21
0
50
180
41
0.75
7
W0$125
0
TEXT
8
PART_NAME_01
10
3.5
20
0
40
0.875
1
R87
73
2
11
3.5
21
0
50
-180
41
0.75
7
W0$125
0
TEXT
8
PART_INFO
10
3.5
20
-1.25
40
0.875
1
000000
73
2
11
3.5
21
-1.25
50
-180
41
0.75
7
W0$125
0
TEXT
8
PART_PTS
10
3.5
20
-2.5
40
0.875
1
1 2 
73
2
11
3.5
21
-2.5
50
-180
41
0.75
7
W0$125
0
ENDBLK
0
BLOCK
2
PART_TOP_254
8
0
10
0
20
0
3
PART_TOP_254
70
64
0
INSERT
2
SYM_TOP_17
8
0
10
0
20
0
0
INSERT
2
PKG_13
8
0
10
0
20
0
0
TEXT
8
LABEL_INFO
10
0
20
0
40
0.875
1
1 0 1 1 0 1
72
1
73
1
11
0
21
0
41
0.75
7
W0$125
0
TEXT
8
LABEL_ATTRIBUTE
10
0
20
0
40
0.875
1
PartType
72
1
73
1
11
0
21
0
41
0.75
7
W0$125
0
TEXT
8
PART_TYPE_01
10
0
20
0
40
0.875
1
R1608
72
1
73
2
11
0
21
0
41
0.75
7
W0$125
0
TEXT
8
LABEL_INFO
10
-3.5
20
0
40
0.875
1
1 0 0 1 0 1
73
1
11
-3.5
21
0
41
0.75
7
W0$125
0
TEXT
8
LABEL_ATTRIBUTE
10
-3.5
20
0
40
0.875
1
Ref.Des.
73
1
11
-3.5
21
0
41
0.75
7
W0$125
0
TEXT
8
PART_NAME_01
10
-3.5
20
0
40
0.875
1
R88
73
2
11
-3.5
21
0
41
0.75
7
W0$125
0
TEXT
8
PART_INFO
10
-3.5
20
-1.25
40
0.875
1
000000
73
2
11
-3.5
21
-1.25
41
0.75
7
W0$125
0
TEXT
8
PART_PTS
10
-3.5
20
-2.5
40
0.875
1
1 2 
73
2
11
-3.5
21
-2.5
41
0.75
7
W0$125
0
ENDBLK
0
BLOCK
2
PART_BOT_255
8
0
10
0
20
0
3
PART_BOT_255
70
64
0
INSERT
2
SYM_BOT_17
8
0
10
0
20
0
0
INSERT
2
PKG_13
8
0
10
0
20
0
41
-1
0
TEXT
8
LABEL_INFO
10
0
20
0
40
0.875
1
1 0 1 1 0 1
72
1
73
1
11
0
21
0
41
0.75
7
W0$125
0
TEXT
8
LABEL_ATTRIBUTE
10
0
20
0
40
0.875
1
PartType
72
1
73
1
11
0
21
0
41
0.75
7
W0$125
0
TEXT
8
PART_TYPE_04
10
0
20
0
40
0.875
1
R1608
72
1
73
2
11
0
21
0
50
-180
41
0.75
7
W0$125
0
TEXT
8
LABEL_INFO
10
4.3
20
0
40
0.875
1
1 324000000 0 1 0 1
73
1
11
4.3
21
0
50
180
41
0.75
7
W0$125
0
TEXT
8
LABEL_ATTRIBUTE
10
4.3
20
0
40
0.875
1
Ref.Des.
73
1
11
4.3
21
0
50
180
41
0.75
7
W0$125
0
TEXT
8
PART_NAME_04
10
4.3
20
0
40
0.875
1
R89
73
2
11
4.3
21
0
50
-180
41
0.75
7
W0$125
0
TEXT
8
PART_INFO
10
4.3
20
-1.25
40
0.875
1
000000
71
2
73
2
11
4.3
21
-1.25
50
-180
41
0.75
7
W0$125
0
TEXT
8
PART_PTS
10
4.3
20
-2.5
40
0.875
1
1 2 
71
2
73
2
11
4.3
21
-2.5
50
-180
41
0.75
7
W0$125
0
ENDBLK
0
BLOCK
2
PART_TOP_256
8
0
10
0
20
0
3
PART_TOP_256
70
64
0
INSERT
2
SYM_TOP_23
8
0
10
0
20
0
0
INSERT
2
PKG_18
8
0
10
0
20
0
0
TEXT
8
LABEL_INFO
10
0
20
0
40
0.875
1
1 0 1 1 0 1
72
1
73
1
11
0
21
0
41
0.75
7
W0$125
0
TEXT
8
LABEL_ATTRIBUTE
10
0
20
0
40
0.875
1
PartType
72
1
73
1
11
0
21
0
41
0.75
7
W0$125
0
TEXT
8
PART_TYPE_01
10
0
20
0
40
0.875
1
SOD523_1
72
1
73
2
11
0
21
0
41
0.75
7
W0$125
0
TEXT
8
LABEL_INFO
10
-3
20
0.1
40
0.875
1
1 0 0 1 0 1
73
1
11
-3
21
0.1
41
0.75
7
W0$125
0
TEXT
8
LABEL_ATTRIBUTE
10
-3
20
0.1
40
0.875
1
Ref.Des.
73
1
11
-3
21
0.1
41
0.75
7
W0$125
0
TEXT
8
PART_NAME_01
10
-3
20
0.1
40
0.875
1
D19
73
2
11
-3
21
0.1
41
0.75
7
W0$125
0
TEXT
8
PART_INFO
10
-3
20
-1.15
40
0.875
1
000000
73
2
11
-3
21
-1.15
41
0.75
7
W0$125
0
TEXT
8
PART_PTS
10
-3
20
-2.4
40
0.875
1
1 2 
73
2
11
-3
21
-2.4
41
0.75
7
W0$125
0
ENDBLK
0
BLOCK
2
PART_BOT_257
8
0
10
0
20
0
3
PART_BOT_257
70
64
0
INSERT
2
SYM_BOT_46
8
0
10
0
20
0
0
INSERT
2
PKG_41
8
0
10
0
20
0
41
-1
0
TEXT
8
LABEL_INFO
10
3.625
20
-0.05
40
1.05
1
1 0 0 1 0 1
73
1
11
3.625
21
-0.05
41
0.75
7
W0$15
0
TEXT
8
LABEL_ATTRIBUTE
10
3.625
20
-0.05
40
1.05
1
PartType
73
1
11
3.625
21
-0.05
41
0.75
7
W0$15
0
TEXT
8
PART_TYPE_04
10
3.625
20
-0.05
40
1.05
1
53398-02
72
2
73
2
11
3.625
21
-0.05
50
-180
41
0.75
7
W0$15
0
TEXT
8
LABEL_INFO
10
-4.5
20
0.9199993333
40
0.875
1
1 324000000 0 1 0 1
73
1
11
-4.5
21
0.9199993333
50
180
41
0.75
7
W0$125
0
TEXT
8
LABEL_ATTRIBUTE
10
-4.5
20
0.9199993333
40
0.875
1
Ref.Des.
73
1
11
-4.5
21
0.9199993333
50
180
41
0.75
7
W0$125
0
TEXT
8
PART_NAME_04
10
-4.5
20
0.9199993333
40
0.875
1
J14
73
2
11
-4.5
21
0.9199993333
50
-180
41
0.75
7
W0$125
0
TEXT
8
LABEL_INFO
10
5.075
20
0.1
40
1.4
1
1 0 1 1 0 1
72
1
73
1
11
5.075
21
0.1
41
0.75
7
W0$2
0
TEXT
8
LABEL_ATTRIBUTE
10
5.075
20
0.1
40
1.4
1
Ref.Des.
72
1
73
1
11
5.075
21
0.1
41
0.75
7
W0$2
0
TEXT
8
PART_NAME_30
10
5.075
20
0.1
40
1.4
1
J14
72
1
73
2
11
5.075
21
0.1
50
-180
41
0.75
7
W0$2
0
TEXT
8
PART_INFO
10
5.075
20
-1.9
40
1.4
1
000000
71
2
72
1
73
2
11
5.075
21
-1.9
50
-180
41
0.75
7
W0$2
0
TEXT
8
PART_PTS
10
5.075
20
-3.9
40
1.4
1
1 2 3 4 
71
2
72
1
73
2
11
5.075
21
-3.9
50
-180
41
0.75
7
W0$2
0
ENDBLK
0
BLOCK
2
PART_TOP_258
8
0
10
0
20
0
3
PART_TOP_258
70
64
0
INSERT
2
SYM_TOP_46
8
0
10
0
20
0
0
INSERT
2
PKG_41
8
0
10
0
20
0
0
TEXT
8
LABEL_INFO
10
3.625
20
-0.05
40
1.05
1
1 0 0 1 0 1
73
1
11
3.625
21
-0.05
41
0.75
7
W0$15
0
TEXT
8
LABEL_ATTRIBUTE
10
3.625
20
-0.05
40
1.05
1
PartType
73
1
11
3.625
21
-0.05
41
0.75
7
W0$15
0
TEXT
8
PART_TYPE_01
10
3.625
20
-0.05
40
1.05
1
53398-02
72
2
73
2
11
3.625
21
-0.05
50
-180
41
0.75
7
W0$15
0
TEXT
8
LABEL_INFO
10
-4.7
20
-0.8
40
0.875
1
1 324000000 0 1 0 1
73
1
11
-4.7
21
-0.8
50
180
41
0.75
7
W0$125
0
TEXT
8
LABEL_ATTRIBUTE
10
-4.7
20
-0.8
40
0.875
1
Ref.Des.
73
1
11
-4.7
21
-0.8
50
180
41
0.75
7
W0$125
0
TEXT
8
PART_NAME_01
10
-4.7
20
-0.8
40
0.875
1
J13
73
2
11
-4.7
21
-0.8
50
-180
41
0.75
7
W0$125
0
TEXT
8
LABEL_INFO
10
5.075
20
0.1
40
1.4
1
1 0 1 1 0 1
72
1
73
1
11
5.075
21
0.1
41
0.75
7
W0$2
0
TEXT
8
LABEL_ATTRIBUTE
10
5.075
20
0.1
40
1.4
1
Ref.Des.
72
1
73
1
11
5.075
21
0.1
41
0.75
7
W0$2
0
TEXT
8
PART_NAME_27
10
5.075
20
0.1
40
1.4
1
J13
72
1
73
2
11
5.075
21
0.1
50
-180
41
0.75
7
W0$2
0
TEXT
8
PART_INFO
10
5.075
20
-1.9
40
1.4
1
000000
72
1
73
2
11
5.075
21
-1.9
50
-180
41
0.75
7
W0$2
0
TEXT
8
PART_PTS
10
5.075
20
-3.9
40
1.4
1
1 2 3 4 
72
1
73
2
11
5.075
21
-3.9
50
-180
41
0.75
7
W0$2
0
ENDBLK
0
BLOCK
2
PART_TOP_259
8
0
10
0
20
0
3
PART_TOP_259
70
64
0
INSERT
2
SYM_TOP_41
8
0
10
0
20
0
0
INSERT
2
PKG_36
8
0
10
0
20
0
0
TEXT
8
LABEL_INFO
10
0
20
0
40
0.889
1
0 0 0 2 0 1
73
2
11
0
21
0
41
0.75
7
W0$127
0
TEXT
8
LABEL_ATTRIBUTE
10
0
20
0
40
0.889
1
PartType
73
2
11
0
21
0
41
0.75
7
W0$127
0
TEXT
8
PART_TYPE_01
10
0
20
0
40
0.889
1
ECO-HOLE2.0_NTH
73
3
11
0
21
0
41
0.75
7
W0$127
0
TEXT
8
PART_NAME_TOP
10
0
20
0
40
1.0668
1
ECO19
73
3
11
0
21
0
41
0.75
7
W0$1524
0
TEXT
8
PART_INFO
10
0
20
-1.524
40
1.0668
1
000010
73
3
11
0
21
-1.524
41
0.75
7
W0$1524
0
TEXT
8
PART_PTS
10
0
20
-3.048
40
1.0668
1
1 
73
3
11
0
21
-3.048
41
0.75
7
W0$1524
0
ENDBLK
0
BLOCK
2
PART_TOP_260
8
0
10
0
20
0
3
PART_TOP_260
70
64
0
INSERT
2
SYM_TOP_41
8
0
10
0
20
0
0
INSERT
2
PKG_36
8
0
10
0
20
0
0
TEXT
8
LABEL_INFO
10
0
20
0
40
0.889
1
0 0 0 2 0 1
73
2
11
0
21
0
41
0.75
7
W0$127
0
TEXT
8
LABEL_ATTRIBUTE
10
0
20
0
40
0.889
1
PartType
73
2
11
0
21
0
41
0.75
7
W0$127
0
TEXT
8
PART_TYPE_01
10
0
20
0
40
0.889
1
ECO-HOLE2.0_NTH
73
3
11
0
21
0
41
0.75
7
W0$127
0
TEXT
8
PART_NAME_TOP
10
0
20
0
40
1.0668
1
ECO20
73
3
11
0
21
0
41
0.75
7
W0$1524
0
TEXT
8
PART_INFO
10
0
20
-1.524
40
1.0668
1
000000
73
3
11
0
21
-1.524
41
0.75
7
W0$1524
0
TEXT
8
PART_PTS
10
0
20
-3.048
40
1.0668
1
1 
73
3
11
0
21
-3.048
41
0.75
7
W0$1524
0
ENDBLK
0
BLOCK
2
PART_TOP_261
8
0
10
0
20
0
3
PART_TOP_261
70
64
0
INSERT
2
SYM_TOP_47
8
0
10
0
20
0
0
INSERT
2
PKG_42
8
0
10
0
20
0
0
TEXT
8
LABEL_INFO
10
0
20
0
40
0.889
1
0 0 0 2 0 1
73
2
11
0
21
0
41
0.75
7
W0$127
0
TEXT
8
LABEL_ATTRIBUTE
10
0
20
0
40
0.889
1
PartType
73
2
11
0
21
0
41
0.75
7
W0$127
0
TEXT
8
PART_TYPE_01
10
0
20
0
40
0.889
1
ECO-HOLE1.7_NTH
73
3
11
0
21
0
41
0.75
7
W0$127
0
TEXT
8
PART_NAME_TOP
10
0
20
0
40
1.0668
1
ECO21
73
3
11
0
21
0
41
0.75
7
W0$1524
0
TEXT
8
PART_INFO
10
0
20
-1.524
40
1.0668
1
000010
73
3
11
0
21
-1.524
41
0.75
7
W0$1524
0
TEXT
8
PART_PTS
10
0
20
-3.048
40
1.0668
1
1 
73
3
11
0
21
-3.048
41
0.75
7
W0$1524
0
ENDBLK
0
BLOCK
2
PART_TOP_262
8
0
10
0
20
0
3
PART_TOP_262
70
64
0
INSERT
2
SYM_TOP_47
8
0
10
0
20
0
0
INSERT
2
PKG_42
8
0
10
0
20
0
0
TEXT
8
LABEL_INFO
10
0
20
0
40
0.889
1
0 0 0 2 0 1
73
2
11
0
21
0
41
0.75
7
W0$127
0
TEXT
8
LABEL_ATTRIBUTE
10
0
20
0
40
0.889
1
PartType
73
2
11
0
21
0
41
0.75
7
W0$127
0
TEXT
8
PART_TYPE_01
10
0
20
0
40
0.889
1
ECO-HOLE1.7_NTH
73
3
11
0
21
0
41
0.75
7
W0$127
0
TEXT
8
PART_NAME_TOP
10
0
20
0
40
1.0668
1
ECO22
73
3
11
0
21
0
41
0.75
7
W0$1524
0
TEXT
8
PART_INFO
10
0
20
-1.524
40
1.0668
1
000010
73
3
11
0
21
-1.524
41
0.75
7
W0$1524
0
TEXT
8
PART_PTS
10
0
20
-3.048
40
1.0668
1
1 
73
3
11
0
21
-3.048
41
0.75
7
W0$1524
0
ENDBLK
0
BLOCK
2
SYM_TOP_3
8
0
10
0
20
0
3
SYM_TOP_3
70
64
0
TEXT
8
SYM_NAME
10
0
20
0
40
1.0668
1
53261-02
41
0.75
0
TEXT
8
SYM_PART_TYPE_01
10
0
20
0
40
0.875
1
 
72
1
73
1
11
0
21
0
41
0.75
7
W0$125R1
0
TEXT
8
SYM_PART_NAME_01
10
0
20
0
40
0.875
1
 
72
1
73
1
11
0
21
0
41
0.75
7
W0$125R1
0
INSERT
2
PART_BODY_TOP_65
8
0
10
0
20
0
0
INSERT
2
STK_TOP_6
8
0
10
-0.625
20
3.1
0
TEXT
8
SYM_TERMINAL
10
0
20
-3.048
40
1.778
1
1
0
INSERT
2
STK_TOP_6
8
0
10
0.625
20
3.1
0
TEXT
8
SYM_TERMINAL
10
0
20
-6.096
40
1.778
1
2
0
INSERT
2
STK_TOP_5
8
0
10
3.175
20
0
0
TEXT
8
SYM_TERMINAL
10
0
20
-9.144
40
1.778
1
3
0
INSERT
2
STK_TOP_5
8
0
10
-3.175
20
0
0
TEXT
8
SYM_TERMINAL
10
0
20
-12.192
40
1.778
1
4
0
ENDBLK
0
BLOCK
2
PKG_0
8
0
10
0
20
0
3
PKG_0
70
64
0
TEXT
8
PKG_INFO
10
0
20
0
40
1.778
1
*SYM:= 3 4
0
TEXT
8
PKG_INFO
10
0
20
-3.048
40
1.778
1
*PKG:= 0 53261-02 UND
0
ENDBLK
0
BLOCK
2
SYM_TOP_5
8
0
10
0
20
0
3
SYM_TOP_5
70
64
0
TEXT
8
SYM_NAME
10
0
20
0
40
1.0668
1
53398-0371
41
0.75
0
TEXT
8
SYM_PART_NAME_27
10
4.45
20
0.1
40
1.4
1
 
72
1
73
1
11
4.45
21
0.1
41
0.75
7
W0$2R1
0
TEXT
8
SYM_PART_NAME_01
10
3
20
-0.05
40
1.05
1
 
73
1
11
3
21
-0.05
41
0.75
7
W0$15R1
0
TEXT
8
SYM_PART_TYPE_01
10
3
20
-0.05
40
1.05
1
 
73
1
11
3
21
-0.05
41
0.75
7
W0$15R1
0
INSERT
2
PART_BODY_TOP_67
8
0
10
0
20
0
0
INSERT
2
STK_TOP_6
8
0
10
-1.25
20
2.9
0
TEXT
8
SYM_TERMINAL
10
0
20
-3.048
40
1.778
1
1
0
INSERT
2
STK_TOP_6
8
0
10
0
20
2.9
0
TEXT
8
SYM_TERMINAL
10
0
20
-6.096
40
1.778
1
2
0
INSERT
2
STK_TOP_6
8
0
10
1.25
20
2.9
0
TEXT
8
SYM_TERMINAL
10
0
20
-9.144
40
1.778
1
3
0
INSERT
2
STK_TOP_5
8
0
10
-3.8
20
0
0
TEXT
8
SYM_TERMINAL
10
0
20
-12.192
40
1.778
1
4
0
INSERT
2
STK_TOP_5
8
0
10
3.8
20
0
0
TEXT
8
SYM_TERMINAL
10
0
20
-15.24
40
1.778
1
5
0
ENDBLK
0
BLOCK
2
PKG_1
8
0
10
0
20
0
3
PKG_1
70
64
0
TEXT
8
PKG_INFO
10
0
20
0
40
1.778
1
*SYM:= 5
0
TEXT
8
PKG_INFO
10
0
20
-3.048
40
1.778
1
*PKG:= 0 53398-0371 UND
0
TEXT
8
PKG_INFO
10
0
20
-6.096
40
1.778
1
*GATE:=0
0
TEXT
8
PKG_INFO
10
0
20
-9.144
40
1.778
1
*GATEPIN:= 0 9 1 <>
0
TEXT
8
PKG_INFO
10
0
20
-12.192
40
1.778
1
*GATEPIN:= 0 9 2 <>
0
TEXT
8
PKG_INFO
10
0
20
-15.24
40
1.778
1
*GATEPIN:= 0 9 3 <>
0
TEXT
8
PKG_INFO
10
0
20
-18.288
40
1.778
1
*GATEPIN:= 0 9 5 <>
0
TEXT
8
PKG_INFO
10
0
20
-21.336
40
1.778
1
*GATEPIN:= 0 9 6 <>
0
ENDBLK
0
BLOCK
2
SYM_TOP_6
8
0
10
0
20
0
3
SYM_TOP_6
70
64
0
TEXT
8
SYM_NAME
10
0
20
0
40
1.0668
1
53398-0471
41
0.75
0
TEXT
8
SYM_PART_TYPE_01
10
2.375
20
-0.05
40
1.05
1
 
73
1
11
2.375
21
-0.05
41
0.75
7
W0$15R1
0
TEXT
8
SYM_PART_NAME_01
10
2.375
20
-0.05
40
1.05
1
 
73
1
11
2.375
21
-0.05
41
0.75
7
W0$15R1
0
TEXT
8
SYM_PART_NAME_27
10
3.825
20
0.1
40
1.4
1
 
72
1
73
1
11
3.825
21
0.1
41
0.75
7
W0$2R1
0
INSERT
2
PART_BODY_TOP_68
8
0
10
0
20
0
0
INSERT
2
STK_TOP_6
8
0
10
-1.875
20
2.9
0
TEXT
8
SYM_TERMINAL
10
0
20
-3.048
40
1.778
1
1
0
INSERT
2
STK_TOP_6
8
0
10
-0.625
20
2.9
0
TEXT
8
SYM_TERMINAL
10
0
20
-6.096
40
1.778
1
2
0
INSERT
2
STK_TOP_6
8
0
10
0.625
20
2.9
0
TEXT
8
SYM_TERMINAL
10
0
20
-9.144
40
1.778
1
3
0
INSERT
2
STK_TOP_6
8
0
10
1.875
20
2.9
0
TEXT
8
SYM_TERMINAL
10
0
20
-12.192
40
1.778
1
4
0
INSERT
2
STK_TOP_5
8
0
10
-4.425
20
0
0
TEXT
8
SYM_TERMINAL
10
0
20
-15.24
40
1.778
1
5
0
INSERT
2
STK_TOP_5
8
0
10
4.425
20
0
0
TEXT
8
SYM_TERMINAL
10
0
20
-18.288
40
1.778
1
6
0
ENDBLK
0
BLOCK
2
PKG_2
8
0
10
0
20
0
3
PKG_2
70
64
0
TEXT
8
PKG_INFO
10
0
20
0
40
1.778
1
*SYM:= 6
0
TEXT
8
PKG_INFO
10
0
20
-3.048
40
1.778
1
*PKG:= 0 53398-0471 UND
0
TEXT
8
PKG_INFO
10
0
20
-6.096
40
1.778
1
*GATE:=0
0
TEXT
8
PKG_INFO
10
0
20
-9.144
40
1.778
1
*GATEPIN:= 0 9 1 <>
0
TEXT
8
PKG_INFO
10
0
20
-12.192
40
1.778
1
*GATEPIN:= 0 9 2 <>
0
TEXT
8
PKG_INFO
10
0
20
-15.24
40
1.778
1
*GATEPIN:= 0 9 3 <>
0
TEXT
8
PKG_INFO
10
0
20
-18.288
40
1.778
1
*GATEPIN:= 0 9 4 <>
0
TEXT
8
PKG_INFO
10
0
20
-21.336
40
1.778
1
*GATEPIN:= 0 9 5 <>
0
TEXT
8
PKG_INFO
10
0
20
-24.384
40
1.778
1
*GATEPIN:= 0 9 6 <>
0
ENDBLK
0
BLOCK
2
SYM_TOP_7
8
0
10
0
20
0
3
SYM_TOP_7
70
64
0
TEXT
8
SYM_NAME
10
0
20
0
40
1.0668
1
53398-0571
41
0.75
0
TEXT
8
SYM_PART_NAME_27
10
0
20
0
40
0.875
1
 
72
1
73
1
11
0
21
0
41
0.75
7
W0$125R1
0
TEXT
8
SYM_PART_NAME_01
10
1.75
20
-0.05
40
1.05
1
 
73
1
11
1.75
21
-0.05
41
0.75
7
W0$15R1
0
TEXT
8
SYM_PART_TYPE_01
10
1.75
20
-0.05
40
1.05
1
 
73
1
11
1.75
21
-0.05
41
0.75
7
W0$15R1
0
INSERT
2
PART_BODY_TOP_69
8
0
10
0
20
0
0
INSERT
2
STK_TOP_6
8
0
10
-2.5
20
2.9
0
TEXT
8
SYM_TERMINAL
10
0
20
-3.048
40
1.778
1
1
0
INSERT
2
STK_TOP_6
8
0
10
-1.25
20
2.9
0
TEXT
8
SYM_TERMINAL
10
0
20
-6.096
40
1.778
1
2
0
INSERT
2
STK_TOP_6
8
0
10
0
20
2.9
0
TEXT
8
SYM_TERMINAL
10
0
20
-9.144
40
1.778
1
3
0
INSERT
2
STK_TOP_6
8
0
10
1.25
20
2.9
0
TEXT
8
SYM_TERMINAL
10
0
20
-12.192
40
1.778
1
4
0
INSERT
2
STK_TOP_6
8
0
10
2.5
20
2.9
0
TEXT
8
SYM_TERMINAL
10
0
20
-15.24
40
1.778
1
5
0
INSERT
2
STK_TOP_5
8
0
10
-5.05
20
0
0
TEXT
8
SYM_TERMINAL
10
0
20
-18.288
40
1.778
1
6
0
INSERT
2
STK_TOP_5
8
0
10
5.05
20
0
0
TEXT
8
SYM_TERMINAL
10
0
20
-21.336
40
1.778
1
7
0
ENDBLK
0
BLOCK
2
PKG_3
8
0
10
0
20
0
3
PKG_3
70
64
0
TEXT
8
PKG_INFO
10
0
20
0
40
1.778
1
*SYM:= 7
0
TEXT
8
PKG_INFO
10
0
20
-3.048
40
1.778
1
*PKG:= 0 53398-0571 UND
0
TEXT
8
PKG_INFO
10
0
20
-6.096
40
1.778
1
*GATE:=0
0
TEXT
8
PKG_INFO
10
0
20
-9.144
40
1.778
1
*GATEPIN:= 0 9 1 <>
0
TEXT
8
PKG_INFO
10
0
20
-12.192
40
1.778
1
*GATEPIN:= 0 9 2 <>
0
TEXT
8
PKG_INFO
10
0
20
-15.24
40
1.778
1
*GATEPIN:= 0 9 3 <>
0
TEXT
8
PKG_INFO
10
0
20
-18.288
40
1.778
1
*GATEPIN:= 0 9 4 <>
0
TEXT
8
PKG_INFO
10
0
20
-21.336
40
1.778
1
*GATEPIN:= 0 9 5 <>
0
TEXT
8
PKG_INFO
10
0
20
-24.384
40
1.778
1
*GATEPIN:= 0 9 6 <>
0
TEXT
8
PKG_INFO
10
0
20
-27.432
40
1.778
1
*GATEPIN:= 0 9 7 <>
0
ENDBLK
0
BLOCK
2
SYM_BOT_8
8
0
10
0
20
0
3
SYM_BOT_8
70
64
0
TEXT
8
SYM_NAME
10
0
20
0
40
1.0668
1
BOT-NLE512
41
0.75
0
TEXT
8
SYM_PART_TYPE_01
10
4
20
-13.25
40
0.889
1
 
73
2
11
4
21
-13.25
41
0.75
7
W0$127R0
0
TEXT
8
SYM_PART_NAME_01
10
4
20
-13.25
40
0.889
1
 
41
0.75
7
W0$127R0
0
INSERT
2
PART_BODY_BOT_70
8
0
10
0
20
0
0
INSERT
2
STK_BOT_8
8
0
10
0.2
20
-3.55
0
TEXT
8
SYM_TERMINAL
10
0
20
-3.048
40
1.778
1
1
0
INSERT
2
STK_BOT_7
8
0
10
0.2
20
-4.75
0
TEXT
8
SYM_TERMINAL
10
0
20
-6.096
40
1.778
1
2
0
INSERT
2
STK_BOT_7
8
0
10
0.2
20
-5.85
0
TEXT
8
SYM_TERMINAL
10
0
20
-9.144
40
1.778
1
3
0
INSERT
2
STK_BOT_7
8
0
10
0.2
20
-6.95
0
TEXT
8
SYM_TERMINAL
10
0
20
-12.192
40
1.778
1
4
0
INSERT
2
STK_BOT_7
8
0
10
0.2
20
-8.05
0
TEXT
8
SYM_TERMINAL
10
0
20
-15.24
40
1.778
1
5
0
INSERT
2
STK_BOT_7
8
0
10
0.2
20
-9.15
0
TEXT
8
SYM_TERMINAL
10
0
20
-18.288
40
1.778
1
6
0
INSERT
2
STK_BOT_7
8
0
10
0.2
20
-10.25
0
TEXT
8
SYM_TERMINAL
10
0
20
-21.336
40
1.778
1
7
0
INSERT
2
STK_BOT_7
8
0
10
0.2
20
-11.35
0
TEXT
8
SYM_TERMINAL
10
0
20
-24.384
40
1.778
1
8
0
INSERT
2
STK_BOT_7
8
0
10
0.2
20
-12.45
0
TEXT
8
SYM_TERMINAL
10
0
20
-27.432
40
1.778
1
9
0
INSERT
2
STK_BOT_7
8
0
10
0.2
20
-13.55
0
TEXT
8
SYM_TERMINAL
10
0
20
-30.48
40
1.778
1
10
0
INSERT
2
STK_BOT_9
8
0
10
0.375
20
-14.85
0
TEXT
8
SYM_TERMINAL
10
0
20
-33.528
40
1.778
1
11
0
INSERT
2
STK_BOT_10
8
0
10
1.2
20
-14.8
0
TEXT
8
SYM_TERMINAL
10
0
20
-36.576
40
1.778
1
12
0
INSERT
2
STK_BOT_10
8
0
10
2
20
-14.8
0
TEXT
8
SYM_TERMINAL
10
0
20
-39.624
40
1.778
1
13
0
INSERT
2
STK_BOT_10
8
0
10
2.8
20
-14.8
0
TEXT
8
SYM_TERMINAL
10
0
20
-42.672
40
1.778
1
14
0
INSERT
2
STK_BOT_10
8
0
10
3.6
20
-14.8
0
TEXT
8
SYM_TERMINAL
10
0
20
-45.72
40
1.778
1
15
0
INSERT
2
STK_BOT_10
8
0
10
4.4
20
-14.8
0
TEXT
8
SYM_TERMINAL
10
0
20
-48.768
40
1.778
1
16
0
INSERT
2
STK_BOT_10
8
0
10
5.2
20
-14.8
0
TEXT
8
SYM_TERMINAL
10
0
20
-51.816
40
1.778
1
17
0
INSERT
2
STK_BOT_10
8
0
10
6
20
-14.8
0
TEXT
8
SYM_TERMINAL
10
0
20
-54.864
40
1.778
1
18
0
INSERT
2
STK_BOT_10
8
0
10
6.8
20
-14.8
0
TEXT
8
SYM_TERMINAL
10
0
20
-57.912
40
1.778
1
19
0
INSERT
2
STK_BOT_9
8
0
10
7.625
20
-14.85
0
TEXT
8
SYM_TERMINAL
10
0
20
-60.96
40
1.778
1
20
0
INSERT
2
STK_BOT_7
8
0
10
7.8
20
-13.55
0
TEXT
8
SYM_TERMINAL
10
0
20
-64.008
40
1.778
1
21
0
INSERT
2
STK_BOT_7
8
0
10
7.8
20
-12.45
0
TEXT
8
SYM_TERMINAL
10
0
20
-67.056
40
1.778
1
22
0
INSERT
2
STK_BOT_7
8
0
10
7.8
20
-11.35
0
TEXT
8
SYM_TERMINAL
10
0
20
-70.104
40
1.778
1
23
0
INSERT
2
STK_BOT_7
8
0
10
7.8
20
-10.25
0
TEXT
8
SYM_TERMINAL
10
0
20
-73.152
40
1.778
1
24
0
INSERT
2
STK_BOT_7
8
0
10
7.8
20
-9.15
0
TEXT
8
SYM_TERMINAL
10
0
20
-76.2
40
1.778
1
25
0
INSERT
2
STK_BOT_7
8
0
10
7.8
20
-8.05
0
TEXT
8
SYM_TERMINAL
10
0
20
-79.248
40
1.778
1
26
0
INSERT
2
STK_BOT_7
8
0
10
7.8
20
-6.95
0
TEXT
8
SYM_TERMINAL
10
0
20
-82.296
40
1.778
1
27
0
INSERT
2
STK_BOT_7
8
0
10
7.8
20
-5.85
0
TEXT
8
SYM_TERMINAL
10
0
20
-85.344
40
1.778
1
28
0
INSERT
2
STK_BOT_7
8
0
10
7.8
20
-4.75
0
TEXT
8
SYM_TERMINAL
10
0
20
-88.392
40
1.778
1
29
0
INSERT
2
STK_BOT_8
8
0
10
7.8
20
-3.55
0
TEXT
8
SYM_TERMINAL
10
0
20
-91.44
40
1.778
1
30
0
INSERT
2
STK_BOT_11
8
0
10
4.35
20
-4.35
0
TEXT
8
SYM_TERMINAL
10
0
20
-94.488
40
1.778
1
31
0
INSERT
2
STK_BOT_11
8
0
10
3.65
20
-4.35
0
TEXT
8
SYM_TERMINAL
10
0
20
-97.536
40
1.778
1
32
0
INSERT
2
STK_BOT_12
8
0
10
4
20
-10.55
0
TEXT
8
SYM_TERMINAL
10
0
20
-100.584
40
1.778
1
33
0
INSERT
2
STK_BOT_13
8
0
10
4
20
-10.55
0
TEXT
8
SYM_TERMINAL
10
0
20
-103.632
40
1.778
1
38
0
INSERT
2
STK_BOT_13
8
0
10
3.4
20
-10.55
0
TEXT
8
SYM_TERMINAL
10
0
20
-106.68
40
1.778
1
37
0
INSERT
2
STK_BOT_13
8
0
10
4.6
20
-10.55
0
TEXT
8
SYM_TERMINAL
10
0
20
-109.728
40
1.778
1
39
0
INSERT
2
STK_BOT_13
8
0
10
3.4
20
-9.95
0
TEXT
8
SYM_TERMINAL
10
0
20
-112.776
40
1.778
1
34
0
INSERT
2
STK_BOT_13
8
0
10
4
20
-9.95
0
TEXT
8
SYM_TERMINAL
10
0
20
-115.824
40
1.778
1
35
0
INSERT
2
STK_BOT_13
8
0
10
4.6
20
-9.95
0
TEXT
8
SYM_TERMINAL
10
0
20
-118.872
40
1.778
1
36
0
INSERT
2
STK_BOT_13
8
0
10
4.6
20
-11.15
0
TEXT
8
SYM_TERMINAL
10
0
20
-121.92
40
1.778
1
43
0
INSERT
2
STK_BOT_13
8
0
10
3.4
20
-11.15
0
TEXT
8
SYM_TERMINAL
10
0
20
-124.968
40
1.778
1
40
0
INSERT
2
STK_BOT_13
8
0
10
4
20
-11.15
0
TEXT
8
SYM_TERMINAL
10
0
20
-128.016
40
1.778
1
42
0
ENDBLK
0
BLOCK
2
PKG_4
8
0
10
0
20
0
3
PKG_4
70
64
0
TEXT
8
PKG_INFO
10
0
20
0
40
1.778
1
*SYM:= 8
0
TEXT
8
PKG_INFO
10
0
20
-3.048
40
1.778
1
*PKG:= 0 BOT-NLE512 UND
0
TEXT
8
PKG_INFO
10
0
20
-6.096
40
1.778
1
*GATE:=0
0
TEXT
8
PKG_INFO
10
0
20
-9.144
40
1.778
1
*GATEPIN:= 0 9 1 <>
0
TEXT
8
PKG_INFO
10
0
20
-12.192
40
1.778
1
*GATEPIN:= 0 9 2 <>
0
TEXT
8
PKG_INFO
10
0
20
-15.24
40
1.778
1
*GATEPIN:= 0 9 3 <>
0
TEXT
8
PKG_INFO
10
0
20
-18.288
40
1.778
1
*GATEPIN:= 0 9 4 <>
0
TEXT
8
PKG_INFO
10
0
20
-21.336
40
1.778
1
*GATEPIN:= 0 9 5 <>
0
TEXT
8
PKG_INFO
10
0
20
-24.384
40
1.778
1
*GATEPIN:= 0 9 6 <>
0
TEXT
8
PKG_INFO
10
0
20
-27.432
40
1.778
1
*GATEPIN:= 0 9 7 <>
0
TEXT
8
PKG_INFO
10
0
20
-30.48
40
1.778
1
*GATEPIN:= 0 9 8 <>
0
TEXT
8
PKG_INFO
10
0
20
-33.528
40
1.778
1
*GATEPIN:= 0 9 9 <>
0
TEXT
8
PKG_INFO
10
0
20
-36.576
40
1.778
1
*GATEPIN:= 0 9 10 <>
0
TEXT
8
PKG_INFO
10
0
20
-39.624
40
1.778
1
*GATEPIN:= 0 9 11 <>
0
TEXT
8
PKG_INFO
10
0
20
-42.672
40
1.778
1
*GATEPIN:= 0 9 12 <>
0
TEXT
8
PKG_INFO
10
0
20
-45.72
40
1.778
1
*GATEPIN:= 0 9 13 <>
0
TEXT
8
PKG_INFO
10
0
20
-48.768
40
1.778
1
*GATEPIN:= 0 9 14 <>
0
TEXT
8
PKG_INFO
10
0
20
-51.816
40
1.778
1
*GATEPIN:= 0 9 15 <>
0
TEXT
8
PKG_INFO
10
0
20
-54.864
40
1.778
1
*GATEPIN:= 0 9 16 <>
0
TEXT
8
PKG_INFO
10
0
20
-57.912
40
1.778
1
*GATEPIN:= 0 9 17 <>
0
TEXT
8
PKG_INFO
10
0
20
-60.96
40
1.778
1
*GATEPIN:= 0 9 18 <>
0
TEXT
8
PKG_INFO
10
0
20
-64.008
40
1.778
1
*GATEPIN:= 0 9 19 <>
0
TEXT
8
PKG_INFO
10
0
20
-67.056
40
1.778
1
*GATEPIN:= 0 9 20 <>
0
TEXT
8
PKG_INFO
10
0
20
-70.104
40
1.778
1
*GATEPIN:= 0 9 21 <>
0
TEXT
8
PKG_INFO
10
0
20
-73.152
40
1.778
1
*GATEPIN:= 0 9 22 <>
0
TEXT
8
PKG_INFO
10
0
20
-76.2
40
1.778
1
*GATEPIN:= 0 9 23 <>
0
TEXT
8
PKG_INFO
10
0
20
-79.248
40
1.778
1
*GATEPIN:= 0 9 24 <>
0
TEXT
8
PKG_INFO
10
0
20
-82.296
40
1.778
1
*GATEPIN:= 0 9 25 <>
0
TEXT
8
PKG_INFO
10
0
20
-85.344
40
1.778
1
*GATEPIN:= 0 9 26 <>
0
TEXT
8
PKG_INFO
10
0
20
-88.392
40
1.778
1
*GATEPIN:= 0 9 27 <>
0
TEXT
8
PKG_INFO
10
0
20
-91.44
40
1.778
1
*GATEPIN:= 0 9 28 <>
0
TEXT
8
PKG_INFO
10
0
20
-94.488
40
1.778
1
*GATEPIN:= 0 9 29 <>
0
TEXT
8
PKG_INFO
10
0
20
-97.536
40
1.778
1
*GATEPIN:= 0 9 30 <>
0
TEXT
8
PKG_INFO
10
0
20
-100.584
40
1.778
1
*GATEPIN:= 0 9 31 <>
0
TEXT
8
PKG_INFO
10
0
20
-103.632
40
1.778
1
*GATEPIN:= 0 9 32 <>
0
TEXT
8
PKG_INFO
10
0
20
-106.68
40
1.778
1
*GATEPIN:= 0 9 33 <>
0
TEXT
8
PKG_INFO
10
0
20
-109.728
40
1.778
1
*GATEPIN:= 0 9 38 <>
0
TEXT
8
PKG_INFO
10
0
20
-112.776
40
1.778
1
*GATEPIN:= 0 9 37 <>
0
TEXT
8
PKG_INFO
10
0
20
-115.824
40
1.778
1
*GATEPIN:= 0 9 39 <>
0
TEXT
8
PKG_INFO
10
0
20
-118.872
40
1.778
1
*GATEPIN:= 0 9 34 <>
0
TEXT
8
PKG_INFO
10
0
20
-121.92
40
1.778
1
*GATEPIN:= 0 9 35 <>
0
TEXT
8
PKG_INFO
10
0
20
-124.968
40
1.778
1
*GATEPIN:= 0 9 36 <>
0
TEXT
8
PKG_INFO
10
0
20
-128.016
40
1.778
1
*GATEPIN:= 0 9 43 <>
0
TEXT
8
PKG_INFO
10
0
20
-131.064
40
1.778
1
*GATEPIN:= 0 9 40 <>
0
TEXT
8
PKG_INFO
10
0
20
-134.112
40
1.778
1
*GATEPIN:= 0 9 42 <>
0
ENDBLK
0
BLOCK
2
SYM_BOT_9
8
0
10
0
20
0
3
SYM_BOT_9
70
64
0
TEXT
8
SYM_NAME
10
0
20
0
40
1.0668
1
C1608
41
0.75
0
TEXT
8
SYM_PART_NAME_01
10
0
20
0
40
0.875
1
 
72
1
73
1
11
0
21
0
41
0.75
7
W0$125R1
0
TEXT
8
SYM_PART_TYPE_01
10
0
20
0
40
0.875
1
 
72
1
73
1
11
0
21
0
41
0.75
7
W0$125R1
0
INSERT
2
PART_BODY_BOT_71
8
0
10
0
20
0
0
INSERT
2
STK_BOT_14
8
0
10
-0.8
20
0
0
TEXT
8
SYM_TERMINAL
10
0
20
-3.048
40
1.778
1
1
0
INSERT
2
STK_BOT_14
8
0
10
0.8
20
0
0
TEXT
8
SYM_TERMINAL
10
0
20
-6.096
40
1.778
1
2
0
ENDBLK
0
BLOCK
2
PKG_5
8
0
10
0
20
0
3
PKG_5
70
64
0
TEXT
8
PKG_INFO
10
0
20
0
40
1.778
1
*SYM:= 9
0
TEXT
8
PKG_INFO
10
0
20
-3.048
40
1.778
1
*PKG:= 0 C1608 UND
0
ENDBLK
0
BLOCK
2
SYM_TOP_9
8
0
10
0
20
0
3
SYM_TOP_9
70
64
0
TEXT
8
SYM_NAME
10
0
20
0
40
1.0668
1
C1608
41
0.75
0
TEXT
8
SYM_PART_NAME_01
10
0
20
0
40
0.875
1
 
72
1
73
1
11
0
21
0
41
0.75
7
W0$125R1
0
TEXT
8
SYM_PART_TYPE_01
10
0
20
0
40
0.875
1
 
72
1
73
1
11
0
21
0
41
0.75
7
W0$125R1
0
INSERT
2
PART_BODY_TOP_71
8
0
10
0
20
0
0
INSERT
2
STK_TOP_14
8
0
10
-0.8
20
0
0
TEXT
8
SYM_TERMINAL
10
0
20
-3.048
40
1.778
1
1
0
INSERT
2
STK_TOP_14
8
0
10
0.8
20
0
0
TEXT
8
SYM_TERMINAL
10
0
20
-6.096
40
1.778
1
2
0
ENDBLK
0
BLOCK
2
SYM_TOP_10
8
0
10
0
20
0
3
SYM_TOP_10
70
64
0
TEXT
8
SYM_NAME
10
0
20
0
40
1.0668
1
C3216
41
0.75
0
TEXT
8
SYM_PART_NAME_01
10
0
20
0
40
0.875
1
 
73
1
11
0
21
0
41
0.75
7
W0$125R1
0
TEXT
8
SYM_PART_TYPE_01
10
-2.1
20
3.3
40
1.778
1
 
41
0.75
7
W0$254R0
0
INSERT
2
PART_BODY_TOP_72
8
0
10
0
20
0
0
INSERT
2
STK_TOP_15
8
0
10
-1.4
20
0
0
TEXT
8
SYM_TERMINAL
10
0
20
-3.048
40
1.778
1
1
0
INSERT
2
STK_TOP_15
8
0
10
1.4
20
0
0
TEXT
8
SYM_TERMINAL
10
0
20
-6.096
40
1.778
1
2
0
ENDBLK
0
BLOCK
2
PKG_6
8
0
10
0
20
0
3
PKG_6
70
64
0
TEXT
8
PKG_INFO
10
0
20
0
40
1.778
1
*SYM:= 10
0
TEXT
8
PKG_INFO
10
0
20
-3.048
40
1.778
1
*PKG:= 0 C3216 UND
0
ENDBLK
0
BLOCK
2
SYM_TOP_11
8
0
10
0
20
0
3
SYM_TOP_11
70
64
0
TEXT
8
SYM_NAME
10
0
20
0
40
1.0668
1
CS-3215
41
0.75
0
TEXT
8
SYM_PART_TYPE_01
10
0
20
2
40
0.7
1
 
72
1
73
2
11
0
21
2
41
0.75
7
W0$1R0
0
TEXT
8
SYM_PART_NAME_01
10
0
20
2
40
0.7
1
 
72
1
11
0
21
2
41
0.75
7
W0$1R0
0
INSERT
2
PART_BODY_TOP_73
8
0
10
0
20
0
0
INSERT
2
STK_TOP_16
8
0
10
-1.3
20
0
0
TEXT
8
SYM_TERMINAL
10
0
20
-3.048
40
1.778
1
1
0
INSERT
2
STK_TOP_16
8
0
10
1.3
20
0
0
TEXT
8
SYM_TERMINAL
10
0
20
-6.096
40
1.778
1
2
0
ENDBLK
0
BLOCK
2
PKG_7
8
0
10
0
20
0
3
PKG_7
70
64
0
TEXT
8
PKG_INFO
10
0
20
0
40
1.778
1
*SYM:= 11
0
TEXT
8
PKG_INFO
10
0
20
-3.048
40
1.778
1
*PKG:= 0 CS-3215 UND
0
TEXT
8
PKG_INFO
10
0
20
-6.096
40
1.778
1
*GATE:=0
0
TEXT
8
PKG_INFO
10
0
20
-9.144
40
1.778
1
*GATEPIN:= 0 9 1 <>
0
TEXT
8
PKG_INFO
10
0
20
-12.192
40
1.778
1
*GATEPIN:= 0 9 2 <>
0
ENDBLK
0
BLOCK
2
SYM_BOT_12
8
0
10
0
20
0
3
SYM_BOT_12
70
64
0
TEXT
8
SYM_NAME
10
0
20
0
40
1.0668
1
D1608
41
0.75
0
TEXT
8
SYM_PART_NAME_01
10
0
20
0
40
0.875
1
 
72
1
73
1
11
0
21
0
41
0.75
7
W0$125R1
0
TEXT
8
SYM_PART_TYPE_01
10
0
20
0
40
0.875
1
 
72
1
73
1
11
0
21
0
41
0.75
7
W0$125R1
0
INSERT
2
PART_BODY_BOT_74
8
0
10
0
20
0
0
INSERT
2
STK_BOT_17
8
0
10
0
20
0.8
0
TEXT
8
SYM_TERMINAL
10
0
20
-3.048
40
1.778
1
1
0
INSERT
2
STK_BOT_17
8
0
10
0
20
-0.8
0
TEXT
8
SYM_TERMINAL
10
0
20
-6.096
40
1.778
1
2
0
ENDBLK
0
BLOCK
2
PKG_8
8
0
10
0
20
0
3
PKG_8
70
64
0
TEXT
8
PKG_INFO
10
0
20
0
40
1.778
1
*SYM:= 12
0
TEXT
8
PKG_INFO
10
0
20
-3.048
40
1.778
1
*PKG:= 0 D1608 UND
0
TEXT
8
PKG_INFO
10
0
20
-6.096
40
1.778
1
*GATE:=0
0
TEXT
8
PKG_INFO
10
0
20
-9.144
40
1.778
1
*GATEPIN:= 0 9 1 <>
0
TEXT
8
PKG_INFO
10
0
20
-12.192
40
1.778
1
*GATEPIN:= 0 9 2 <>
0
ENDBLK
0
BLOCK
2
SYM_TOP_12
8
0
10
0
20
0
3
SYM_TOP_12
70
64
0
TEXT
8
SYM_NAME
10
0
20
0
40
1.0668
1
D1608
41
0.75
0
TEXT
8
SYM_PART_NAME_01
10
0
20
0
40
0.875
1
 
72
1
73
1
11
0
21
0
41
0.75
7
W0$125R1
0
TEXT
8
SYM_PART_TYPE_01
10
0
20
0
40
0.875
1
 
72
1
73
1
11
0
21
0
41
0.75
7
W0$125R1
0
INSERT
2
PART_BODY_TOP_74
8
0
10
0
20
0
0
INSERT
2
STK_TOP_17
8
0
10
0
20
0.8
0
TEXT
8
SYM_TERMINAL
10
0
20
-3.048
40
1.778
1
1
0
INSERT
2
STK_TOP_17
8
0
10
0
20
-0.8
0
TEXT
8
SYM_TERMINAL
10
0
20
-6.096
40
1.778
1
2
0
ENDBLK
0
BLOCK
2
SYM_BOT_13
8
0
10
0
20
0
3
SYM_BOT_13
70
64
0
TEXT
8
SYM_NAME
10
0
20
0
40
1.0668
1
L1608
41
0.75
0
TEXT
8
SYM_PART_NAME_01
10
0
20
0
40
0.875
1
 
72
1
73
1
11
0
21
0
41
0.75
7
W0$125R1
0
TEXT
8
SYM_PART_TYPE_01
10
0
20
0
40
0.875
1
 
72
1
73
1
11
0
21
0
41
0.75
7
W0$125R1
0
INSERT
2
PART_BODY_BOT_75
8
0
10
0
20
0
0
INSERT
2
STK_BOT_14
8
0
10
-0.8
20
0
0
TEXT
8
SYM_TERMINAL
10
0
20
-3.048
40
1.778
1
1
0
INSERT
2
STK_BOT_14
8
0
10
0.8
20
0
0
TEXT
8
SYM_TERMINAL
10
0
20
-6.096
40
1.778
1
2
0
ENDBLK
0
BLOCK
2
PKG_9
8
0
10
0
20
0
3
PKG_9
70
64
0
TEXT
8
PKG_INFO
10
0
20
0
40
1.778
1
*SYM:= 13
0
TEXT
8
PKG_INFO
10
0
20
-3.048
40
1.778
1
*PKG:= 0 L1608 UND
0
ENDBLK
0
BLOCK
2
SYM_TOP_13
8
0
10
0
20
0
3
SYM_TOP_13
70
64
0
TEXT
8
SYM_NAME
10
0
20
0
40
1.0668
1
L1608
41
0.75
0
TEXT
8
SYM_PART_NAME_01
10
0
20
0
40
0.875
1
 
72
1
73
1
11
0
21
0
41
0.75
7
W0$125R1
0
TEXT
8
SYM_PART_TYPE_01
10
0
20
0
40
0.875
1
 
72
1
73
1
11
0
21
0
41
0.75
7
W0$125R1
0
INSERT
2
PART_BODY_TOP_75
8
0
10
0
20
0
0
INSERT
2
STK_TOP_14
8
0
10
-0.8
20
0
0
TEXT
8
SYM_TERMINAL
10
0
20
-3.048
40
1.778
1
1
0
INSERT
2
STK_TOP_14
8
0
10
0.8
20
0
0
TEXT
8
SYM_TERMINAL
10
0
20
-6.096
40
1.778
1
2
0
ENDBLK
0
BLOCK
2
SYM_TOP_14
8
0
10
0
20
0
3
SYM_TOP_14
70
64
0
TEXT
8
SYM_NAME
10
0
20
0
40
1.0668
1
LET4020S-03L-4.0-12-R
41
0.75
0
TEXT
8
SYM_PART_TYPE_01
10
0
20
0
40
0.875
1
 
73
1
11
0
21
0
41
0.75
7
W0$125R1
0
TEXT
8
SYM_PART_NAME_01
10
0
20
0
40
0.875
1
 
73
1
11
0
21
0
41
0.75
7
W0$125R1
0
INSERT
2
PART_BODY_TOP_76
8
0
10
0
20
0
0
INSERT
2
STK_TOP_19
8
0
10
-1.85
20
0
0
TEXT
8
SYM_TERMINAL
10
0
20
-3.048
40
1.778
1
1
0
INSERT
2
STK_TOP_19
8
0
10
1.85
20
0
0
TEXT
8
SYM_TERMINAL
10
0
20
-6.096
40
1.778
1
2
0
ENDBLK
0
BLOCK
2
PKG_10
8
0
10
0
20
0
3
PKG_10
70
64
0
TEXT
8
PKG_INFO
10
0
20
0
40
1.778
1
*SYM:= 14
0
TEXT
8
PKG_INFO
10
0
20
-3.048
40
1.778
1
*PKG:= 0 LET4020S-03L-4.0-12-R UND
0
TEXT
8
PKG_INFO
10
0
20
-6.096
40
1.778
1
*GATE:=0
0
TEXT
8
PKG_INFO
10
0
20
-9.144
40
1.778
1
*GATEPIN:= 0 9 1 <>
0
TEXT
8
PKG_INFO
10
0
20
-12.192
40
1.778
1
*GATEPIN:= 0 9 2 <>
0
ENDBLK
0
BLOCK
2
SYM_TOP_15
8
0
10
0
20
0
3
SYM_TOP_15
70
64
0
TEXT
8
SYM_NAME
10
0
20
0
40
1.0668
1
LQFP100-0.5-16X16(STM32U599VIT6)
41
0.75
0
TEXT
8
SYM_PART_NAME_01
10
0
20
0
40
0.35
1
 
41
0.75
7
W0$05R0
0
TEXT
8
SYM_PART_TYPE_01
10
0
20
0
40
0.35
1
 
73
2
11
0
21
0
41
0.75
7
W0$05R0
0
INSERT
2
PART_BODY_TOP_77
8
0
10
0
20
0
0
INSERT
2
STK_TOP_21
8
0
10
-6
20
-7.75
0
TEXT
8
SYM_TERMINAL
10
0
20
-3.048
40
1.778
1
1
0
INSERT
2
STK_TOP_21
8
0
10
-5.5
20
-7.75
0
TEXT
8
SYM_TERMINAL
10
0
20
-6.096
40
1.778
1
2
0
INSERT
2
STK_TOP_21
8
0
10
-5
20
-7.75
0
TEXT
8
SYM_TERMINAL
10
0
20
-9.144
40
1.778
1
3
0
INSERT
2
STK_TOP_21
8
0
10
-4.5
20
-7.75
0
TEXT
8
SYM_TERMINAL
10
0
20
-12.192
40
1.778
1
4
0
INSERT
2
STK_TOP_21
8
0
10
-4
20
-7.75
0
TEXT
8
SYM_TERMINAL
10
0
20
-15.24
40
1.778
1
5
0
INSERT
2
STK_TOP_21
8
0
10
-3.5
20
-7.75
0
TEXT
8
SYM_TERMINAL
10
0
20
-18.288
40
1.778
1
6
0
INSERT
2
STK_TOP_21
8
0
10
-3
20
-7.75
0
TEXT
8
SYM_TERMINAL
10
0
20
-21.336
40
1.778
1
7
0
INSERT
2
STK_TOP_21
8
0
10
-2.5
20
-7.75
0
TEXT
8
SYM_TERMINAL
10
0
20
-24.384
40
1.778
1
8
0
INSERT
2
STK_TOP_21
8
0
10
-2
20
-7.75
0
TEXT
8
SYM_TERMINAL
10
0
20
-27.432
40
1.778
1
9
0
INSERT
2
STK_TOP_21
8
0
10
-1.5
20
-7.75
0
TEXT
8
SYM_TERMINAL
10
0
20
-30.48
40
1.778
1
10
0
INSERT
2
STK_TOP_21
8
0
10
-1
20
-7.75
0
TEXT
8
SYM_TERMINAL
10
0
20
-33.528
40
1.778
1
11
0
INSERT
2
STK_TOP_21
8
0
10
-0.5
20
-7.75
0
TEXT
8
SYM_TERMINAL
10
0
20
-36.576
40
1.778
1
12
0
INSERT
2
STK_TOP_21
8
0
10
0
20
-7.75
0
TEXT
8
SYM_TERMINAL
10
0
20
-39.624
40
1.778
1
13
0
INSERT
2
STK_TOP_21
8
0
10
0.5
20
-7.75
0
TEXT
8
SYM_TERMINAL
10
0
20
-42.672
40
1.778
1
14
0
INSERT
2
STK_TOP_21
8
0
10
1
20
-7.75
0
TEXT
8
SYM_TERMINAL
10
0
20
-45.72
40
1.778
1
15
0
INSERT
2
STK_TOP_21
8
0
10
1.5
20
-7.75
0
TEXT
8
SYM_TERMINAL
10
0
20
-48.768
40
1.778
1
16
0
INSERT
2
STK_TOP_21
8
0
10
2
20
-7.75
0
TEXT
8
SYM_TERMINAL
10
0
20
-51.816
40
1.778
1
17
0
INSERT
2
STK_TOP_21
8
0
10
2.5
20
-7.75
0
TEXT
8
SYM_TERMINAL
10
0
20
-54.864
40
1.778
1
18
0
INSERT
2
STK_TOP_21
8
0
10
3
20
-7.75
0
TEXT
8
SYM_TERMINAL
10
0
20
-57.912
40
1.778
1
19
0
INSERT
2
STK_TOP_21
8
0
10
3.5
20
-7.75
0
TEXT
8
SYM_TERMINAL
10
0
20
-60.96
40
1.778
1
20
0
INSERT
2
STK_TOP_21
8
0
10
4
20
-7.75
0
TEXT
8
SYM_TERMINAL
10
0
20
-64.008
40
1.778
1
21
0
INSERT
2
STK_TOP_21
8
0
10
4.5
20
-7.75
0
TEXT
8
SYM_TERMINAL
10
0
20
-67.056
40
1.778
1
22
0
INSERT
2
STK_TOP_21
8
0
10
5
20
-7.75
0
TEXT
8
SYM_TERMINAL
10
0
20
-70.104
40
1.778
1
23
0
INSERT
2
STK_TOP_21
8
0
10
5.5
20
-7.75
0
TEXT
8
SYM_TERMINAL
10
0
20
-73.152
40
1.778
1
24
0
INSERT
2
STK_TOP_21
8
0
10
6
20
-7.75
0
TEXT
8
SYM_TERMINAL
10
0
20
-76.2
40
1.778
1
25
0
INSERT
2
STK_TOP_20
8
0
10
7.75
20
-6
0
TEXT
8
SYM_TERMINAL
10
0
20
-79.248
40
1.778
1
26
0
INSERT
2
STK_TOP_20
8
0
10
7.75
20
-5.5
0
TEXT
8
SYM_TERMINAL
10
0
20
-82.296
40
1.778
1
27
0
INSERT
2
STK_TOP_20
8
0
10
7.75
20
-5
0
TEXT
8
SYM_TERMINAL
10
0
20
-85.344
40
1.778
1
28
0
INSERT
2
STK_TOP_20
8
0
10
7.75
20
-4.5
0
TEXT
8
SYM_TERMINAL
10
0
20
-88.392
40
1.778
1
29
0
INSERT
2
STK_TOP_20
8
0
10
7.75
20
-4
0
TEXT
8
SYM_TERMINAL
10
0
20
-91.44
40
1.778
1
30
0
INSERT
2
STK_TOP_20
8
0
10
7.75
20
-3.5
0
TEXT
8
SYM_TERMINAL
10
0
20
-94.488
40
1.778
1
31
0
INSERT
2
STK_TOP_20
8
0
10
7.75
20
-3
0
TEXT
8
SYM_TERMINAL
10
0
20
-97.536
40
1.778
1
32
0
INSERT
2
STK_TOP_20
8
0
10
7.75
20
-2.5
0
TEXT
8
SYM_TERMINAL
10
0
20
-100.584
40
1.778
1
33
0
INSERT
2
STK_TOP_20
8
0
10
7.75
20
-2
0
TEXT
8
SYM_TERMINAL
10
0
20
-103.632
40
1.778
1
34
0
INSERT
2
STK_TOP_20
8
0
10
7.75
20
-1.5
0
TEXT
8
SYM_TERMINAL
10
0
20
-106.68
40
1.778
1
35
0
INSERT
2
STK_TOP_20
8
0
10
7.75
20
-1
0
TEXT
8
SYM_TERMINAL
10
0
20
-109.728
40
1.778
1
36
0
INSERT
2
STK_TOP_20
8
0
10
7.75
20
-0.5
0
TEXT
8
SYM_TERMINAL
10
0
20
-112.776
40
1.778
1
37
0
INSERT
2
STK_TOP_20
8
0
10
7.75
20
0
0
TEXT
8
SYM_TERMINAL
10
0
20
-115.824
40
1.778
1
38
0
INSERT
2
STK_TOP_20
8
0
10
7.75
20
0.5
0
TEXT
8
SYM_TERMINAL
10
0
20
-118.872
40
1.778
1
39
0
INSERT
2
STK_TOP_20
8
0
10
7.75
20
1
0
TEXT
8
SYM_TERMINAL
10
0
20
-121.92
40
1.778
1
40
0
INSERT
2
STK_TOP_20
8
0
10
7.75
20
1.5
0
TEXT
8
SYM_TERMINAL
10
0
20
-124.968
40
1.778
1
41
0
INSERT
2
STK_TOP_20
8
0
10
7.75
20
2
0
TEXT
8
SYM_TERMINAL
10
0
20
-128.016
40
1.778
1
42
0
INSERT
2
STK_TOP_20
8
0
10
7.75
20
2.5
0
TEXT
8
SYM_TERMINAL
10
0
20
-131.064
40
1.778
1
43
0
INSERT
2
STK_TOP_20
8
0
10
7.75
20
3
0
TEXT
8
SYM_TERMINAL
10
0
20
-134.112
40
1.778
1
44
0
INSERT
2
STK_TOP_20
8
0
10
7.75
20
3.5
0
TEXT
8
SYM_TERMINAL
10
0
20
-137.16
40
1.778
1
45
0
INSERT
2
STK_TOP_20
8
0
10
7.75
20
4
0
TEXT
8
SYM_TERMINAL
10
0
20
-140.208
40
1.778
1
46
0
INSERT
2
STK_TOP_20
8
0
10
7.75
20
4.5
0
TEXT
8
SYM_TERMINAL
10
0
20
-143.256
40
1.778
1
47
0
INSERT
2
STK_TOP_20
8
0
10
7.75
20
5
0
TEXT
8
SYM_TERMINAL
10
0
20
-146.304
40
1.778
1
48
0
INSERT
2
STK_TOP_20
8
0
10
7.75
20
5.5
0
TEXT
8
SYM_TERMINAL
10
0
20
-149.352
40
1.778
1
49
0
INSERT
2
STK_TOP_20
8
0
10
7.75
20
6
0
TEXT
8
SYM_TERMINAL
10
0
20
-152.4
40
1.778
1
50
0
INSERT
2
STK_TOP_21
8
0
10
6
20
7.75
0
TEXT
8
SYM_TERMINAL
10
0
20
-155.448
40
1.778
1
51
0
INSERT
2
STK_TOP_21
8
0
10
5.5
20
7.75
0
TEXT
8
SYM_TERMINAL
10
0
20
-158.496
40
1.778
1
52
0
INSERT
2
STK_TOP_21
8
0
10
5
20
7.75
0
TEXT
8
SYM_TERMINAL
10
0
20
-161.544
40
1.778
1
53
0
INSERT
2
STK_TOP_21
8
0
10
4.5
20
7.75
0
TEXT
8
SYM_TERMINAL
10
0
20
-164.592
40
1.778
1
54
0
INSERT
2
STK_TOP_21
8
0
10
4
20
7.75
0
TEXT
8
SYM_TERMINAL
10
0
20
-167.64
40
1.778
1
55
0
INSERT
2
STK_TOP_21
8
0
10
3.5
20
7.75
0
TEXT
8
SYM_TERMINAL
10
0
20
-170.688
40
1.778
1
56
0
INSERT
2
STK_TOP_21
8
0
10
3
20
7.75
0
TEXT
8
SYM_TERMINAL
10
0
20
-173.736
40
1.778
1
57
0
INSERT
2
STK_TOP_21
8
0
10
2.5
20
7.75
0
TEXT
8
SYM_TERMINAL
10
0
20
-176.784
40
1.778
1
58
0
INSERT
2
STK_TOP_21
8
0
10
2
20
7.75
0
TEXT
8
SYM_TERMINAL
10
0
20
-179.832
40
1.778
1
59
0
INSERT
2
STK_TOP_21
8
0
10
1.5
20
7.75
0
TEXT
8
SYM_TERMINAL
10
0
20
-182.88
40
1.778
1
60
0
INSERT
2
STK_TOP_21
8
0
10
1
20
7.75
0
TEXT
8
SYM_TERMINAL
10
0
20
-185.928
40
1.778
1
61
0
INSERT
2
STK_TOP_21
8
0
10
0.5
20
7.75
0
TEXT
8
SYM_TERMINAL
10
0
20
-188.976
40
1.778
1
62
0
INSERT
2
STK_TOP_21
8
0
10
0
20
7.75
0
TEXT
8
SYM_TERMINAL
10
0
20
-192.024
40
1.778
1
63
0
INSERT
2
STK_TOP_21
8
0
10
-0.5
20
7.75
0
TEXT
8
SYM_TERMINAL
10
0
20
-195.072
40
1.778
1
64
0
INSERT
2
STK_TOP_21
8
0
10
-1
20
7.75
0
TEXT
8
SYM_TERMINAL
10
0
20
-198.12
40
1.778
1
65
0
INSERT
2
STK_TOP_21
8
0
10
-1.5
20
7.75
0
TEXT
8
SYM_TERMINAL
10
0
20
-201.168
40
1.778
1
66
0
INSERT
2
STK_TOP_21
8
0
10
-2
20
7.75
0
TEXT
8
SYM_TERMINAL
10
0
20
-204.216
40
1.778
1
67
0
INSERT
2
STK_TOP_21
8
0
10
-2.5
20
7.75
0
TEXT
8
SYM_TERMINAL
10
0
20
-207.264
40
1.778
1
68
0
INSERT
2
STK_TOP_21
8
0
10
-3
20
7.75
0
TEXT
8
SYM_TERMINAL
10
0
20
-210.312
40
1.778
1
69
0
INSERT
2
STK_TOP_21
8
0
10
-3.5
20
7.75
0
TEXT
8
SYM_TERMINAL
10
0
20
-213.36
40
1.778
1
70
0
INSERT
2
STK_TOP_21
8
0
10
-4
20
7.75
0
TEXT
8
SYM_TERMINAL
10
0
20
-216.408
40
1.778
1
71
0
INSERT
2
STK_TOP_21
8
0
10
-4.5
20
7.75
0
TEXT
8
SYM_TERMINAL
10
0
20
-219.456
40
1.778
1
72
0
INSERT
2
STK_TOP_21
8
0
10
-5
20
7.75
0
TEXT
8
SYM_TERMINAL
10
0
20
-222.504
40
1.778
1
73
0
INSERT
2
STK_TOP_21
8
0
10
-5.5
20
7.75
0
TEXT
8
SYM_TERMINAL
10
0
20
-225.552
40
1.778
1
74
0
INSERT
2
STK_TOP_21
8
0
10
-6
20
7.75
0
TEXT
8
SYM_TERMINAL
10
0
20
-228.6
40
1.778
1
75
0
INSERT
2
STK_TOP_20
8
0
10
-7.75
20
6
0
TEXT
8
SYM_TERMINAL
10
0
20
-231.648
40
1.778
1
76
0
INSERT
2
STK_TOP_20
8
0
10
-7.75
20
5.5
0
TEXT
8
SYM_TERMINAL
10
0
20
-234.696
40
1.778
1
77
0
INSERT
2
STK_TOP_20
8
0
10
-7.75
20
5
0
TEXT
8
SYM_TERMINAL
10
0
20
-237.744
40
1.778
1
78
0
INSERT
2
STK_TOP_20
8
0
10
-7.75
20
4.5
0
TEXT
8
SYM_TERMINAL
10
0
20
-240.792
40
1.778
1
79
0
INSERT
2
STK_TOP_20
8
0
10
-7.75
20
4
0
TEXT
8
SYM_TERMINAL
10
0
20
-243.84
40
1.778
1
80
0
INSERT
2
STK_TOP_20
8
0
10
-7.75
20
3.5
0
TEXT
8
SYM_TERMINAL
10
0
20
-246.888
40
1.778
1
81
0
INSERT
2
STK_TOP_20
8
0
10
-7.75
20
3
0
TEXT
8
SYM_TERMINAL
10
0
20
-249.936
40
1.778
1
82
0
INSERT
2
STK_TOP_20
8
0
10
-7.75
20
2.5
0
TEXT
8
SYM_TERMINAL
10
0
20
-252.984
40
1.778
1
83
0
INSERT
2
STK_TOP_20
8
0
10
-7.75
20
2
0
TEXT
8
SYM_TERMINAL
10
0
20
-256.032
40
1.778
1
84
0
INSERT
2
STK_TOP_20
8
0
10
-7.75
20
1.5
0
TEXT
8
SYM_TERMINAL
10
0
20
-259.08
40
1.778
1
85
0
INSERT
2
STK_TOP_20
8
0
10
-7.75
20
1
0
TEXT
8
SYM_TERMINAL
10
0
20
-262.128
40
1.778
1
86
0
INSERT
2
STK_TOP_20
8
0
10
-7.75
20
0.5
0
TEXT
8
SYM_TERMINAL
10
0
20
-265.176
40
1.778
1
87
0
INSERT
2
STK_TOP_20
8
0
10
-7.75
20
0
0
TEXT
8
SYM_TERMINAL
10
0
20
-268.224
40
1.778
1
88
0
INSERT
2
STK_TOP_20
8
0
10
-7.75
20
-0.5
0
TEXT
8
SYM_TERMINAL
10
0
20
-271.272
40
1.778
1
89
0
INSERT
2
STK_TOP_20
8
0
10
-7.75
20
-1
0
TEXT
8
SYM_TERMINAL
10
0
20
-274.32
40
1.778
1
90
0
INSERT
2
STK_TOP_20
8
0
10
-7.75
20
-1.5
0
TEXT
8
SYM_TERMINAL
10
0
20
-277.368
40
1.778
1
91
0
INSERT
2
STK_TOP_20
8
0
10
-7.75
20
-2
0
TEXT
8
SYM_TERMINAL
10
0
20
-280.416
40
1.778
1
92
0
INSERT
2
STK_TOP_20
8
0
10
-7.75
20
-2.5
0
TEXT
8
SYM_TERMINAL
10
0
20
-283.464
40
1.778
1
93
0
INSERT
2
STK_TOP_20
8
0
10
-7.75
20
-3
0
TEXT
8
SYM_TERMINAL
10
0
20
-286.512
40
1.778
1
94
0
INSERT
2
STK_TOP_20
8
0
10
-7.75
20
-3.5
0
TEXT
8
SYM_TERMINAL
10
0
20
-289.56
40
1.778
1
95
0
INSERT
2
STK_TOP_20
8
0
10
-7.75
20
-4
0
TEXT
8
SYM_TERMINAL
10
0
20
-292.608
40
1.778
1
96
0
INSERT
2
STK_TOP_20
8
0
10
-7.75
20
-4.5
0
TEXT
8
SYM_TERMINAL
10
0
20
-295.656
40
1.778
1
97
0
INSERT
2
STK_TOP_20
8
0
10
-7.75
20
-5
0
TEXT
8
SYM_TERMINAL
10
0
20
-298.704
40
1.778
1
98
0
INSERT
2
STK_TOP_20
8
0
10
-7.75
20
-5.5
0
TEXT
8
SYM_TERMINAL
10
0
20
-301.752
40
1.778
1
99
0
INSERT
2
STK_TOP_20
8
0
10
-7.75
20
-6
0
TEXT
8
SYM_TERMINAL
10
0
20
-304.8
40
1.778
1
100
0
ENDBLK
0
BLOCK
2
PKG_11
8
0
10
0
20
0
3
PKG_11
70
64
0
TEXT
8
PKG_INFO
10
0
20
0
40
1.778
1
*SYM:= 15
0
TEXT
8
PKG_INFO
10
0
20
-3.048
40
1.778
1
*PKG:= 0 LQFP100-0.5-16X16(STM32U599VIT6) UND
0
TEXT
8
PKG_INFO
10
0
20
-6.096
40
1.778
1
*GATE:=0
0
TEXT
8
PKG_INFO
10
0
20
-9.144
40
1.778
1
*GATEPIN:= 0 9 1 <>
0
TEXT
8
PKG_INFO
10
0
20
-12.192
40
1.778
1
*GATEPIN:= 0 9 2 <>
0
TEXT
8
PKG_INFO
10
0
20
-15.24
40
1.778
1
*GATEPIN:= 0 9 3 <>
0
TEXT
8
PKG_INFO
10
0
20
-18.288
40
1.778
1
*GATEPIN:= 0 9 4 <>
0
TEXT
8
PKG_INFO
10
0
20
-21.336
40
1.778
1
*GATEPIN:= 0 9 5 <>
0
TEXT
8
PKG_INFO
10
0
20
-24.384
40
1.778
1
*GATEPIN:= 0 9 6 <>
0
TEXT
8
PKG_INFO
10
0
20
-27.432
40
1.778
1
*GATEPIN:= 0 9 7 <>
0
TEXT
8
PKG_INFO
10
0
20
-30.48
40
1.778
1
*GATEPIN:= 0 9 8 <>
0
TEXT
8
PKG_INFO
10
0
20
-33.528
40
1.778
1
*GATEPIN:= 0 9 9 <>
0
TEXT
8
PKG_INFO
10
0
20
-36.576
40
1.778
1
*GATEPIN:= 0 9 10 <>
0
TEXT
8
PKG_INFO
10
0
20
-39.624
40
1.778
1
*GATEPIN:= 0 9 11 <>
0
TEXT
8
PKG_INFO
10
0
20
-42.672
40
1.778
1
*GATEPIN:= 0 9 12 <>
0
TEXT
8
PKG_INFO
10
0
20
-45.72
40
1.778
1
*GATEPIN:= 0 9 13 <>
0
TEXT
8
PKG_INFO
10
0
20
-48.768
40
1.778
1
*GATEPIN:= 0 9 14 <>
0
TEXT
8
PKG_INFO
10
0
20
-51.816
40
1.778
1
*GATEPIN:= 0 9 15 <>
0
TEXT
8
PKG_INFO
10
0
20
-54.864
40
1.778
1
*GATEPIN:= 0 9 16 <>
0
TEXT
8
PKG_INFO
10
0
20
-57.912
40
1.778
1
*GATEPIN:= 0 9 17 <>
0
TEXT
8
PKG_INFO
10
0
20
-60.96
40
1.778
1
*GATEPIN:= 0 9 18 <>
0
TEXT
8
PKG_INFO
10
0
20
-64.008
40
1.778
1
*GATEPIN:= 0 9 19 <>
0
TEXT
8
PKG_INFO
10
0
20
-67.056
40
1.778
1
*GATEPIN:= 0 9 20 <>
0
TEXT
8
PKG_INFO
10
0
20
-70.104
40
1.778
1
*GATEPIN:= 0 9 21 <>
0
TEXT
8
PKG_INFO
10
0
20
-73.152
40
1.778
1
*GATEPIN:= 0 9 22 <>
0
TEXT
8
PKG_INFO
10
0
20
-76.2
40
1.778
1
*GATEPIN:= 0 9 23 <>
0
TEXT
8
PKG_INFO
10
0
20
-79.248
40
1.778
1
*GATEPIN:= 0 9 24 <>
0
TEXT
8
PKG_INFO
10
0
20
-82.296
40
1.778
1
*GATEPIN:= 0 9 25 <>
0
TEXT
8
PKG_INFO
10
0
20
-85.344
40
1.778
1
*GATEPIN:= 0 9 26 <>
0
TEXT
8
PKG_INFO
10
0
20
-88.392
40
1.778
1
*GATEPIN:= 0 9 27 <>
0
TEXT
8
PKG_INFO
10
0
20
-91.44
40
1.778
1
*GATEPIN:= 0 9 28 <>
0
TEXT
8
PKG_INFO
10
0
20
-94.488
40
1.778
1
*GATEPIN:= 0 9 29 <>
0
TEXT
8
PKG_INFO
10
0
20
-97.536
40
1.778
1
*GATEPIN:= 0 9 30 <>
0
TEXT
8
PKG_INFO
10
0
20
-100.584
40
1.778
1
*GATEPIN:= 0 9 31 <>
0
TEXT
8
PKG_INFO
10
0
20
-103.632
40
1.778
1
*GATEPIN:= 0 9 32 <>
0
TEXT
8
PKG_INFO
10
0
20
-106.68
40
1.778
1
*GATEPIN:= 0 9 33 <>
0
TEXT
8
PKG_INFO
10
0
20
-109.728
40
1.778
1
*GATEPIN:= 0 9 34 <>
0
TEXT
8
PKG_INFO
10
0
20
-112.776
40
1.778
1
*GATEPIN:= 0 9 35 <>
0
TEXT
8
PKG_INFO
10
0
20
-115.824
40
1.778
1
*GATEPIN:= 0 9 36 <>
0
TEXT
8
PKG_INFO
10
0
20
-118.872
40
1.778
1
*GATEPIN:= 0 9 37 <>
0
TEXT
8
PKG_INFO
10
0
20
-121.92
40
1.778
1
*GATEPIN:= 0 9 38 <>
0
TEXT
8
PKG_INFO
10
0
20
-124.968
40
1.778
1
*GATEPIN:= 0 9 39 <>
0
TEXT
8
PKG_INFO
10
0
20
-128.016
40
1.778
1
*GATEPIN:= 0 9 40 <>
0
TEXT
8
PKG_INFO
10
0
20
-131.064
40
1.778
1
*GATEPIN:= 0 9 41 <>
0
TEXT
8
PKG_INFO
10
0
20
-134.112
40
1.778
1
*GATEPIN:= 0 9 42 <>
0
TEXT
8
PKG_INFO
10
0
20
-137.16
40
1.778
1
*GATEPIN:= 0 9 43 <>
0
TEXT
8
PKG_INFO
10
0
20
-140.208
40
1.778
1
*GATEPIN:= 0 9 44 <>
0
TEXT
8
PKG_INFO
10
0
20
-143.256
40
1.778
1
*GATEPIN:= 0 9 45 <>
0
TEXT
8
PKG_INFO
10
0
20
-146.304
40
1.778
1
*GATEPIN:= 0 9 46 <>
0
TEXT
8
PKG_INFO
10
0
20
-149.352
40
1.778
1
*GATEPIN:= 0 9 47 <>
0
TEXT
8
PKG_INFO
10
0
20
-152.4
40
1.778
1
*GATEPIN:= 0 9 48 <>
0
TEXT
8
PKG_INFO
10
0
20
-155.448
40
1.778
1
*GATEPIN:= 0 9 49 <>
0
TEXT
8
PKG_INFO
10
0
20
-158.496
40
1.778
1
*GATEPIN:= 0 9 50 <>
0
TEXT
8
PKG_INFO
10
0
20
-161.544
40
1.778
1
*GATEPIN:= 0 9 51 <>
0
TEXT
8
PKG_INFO
10
0
20
-164.592
40
1.778
1
*GATEPIN:= 0 9 52 <>
0
TEXT
8
PKG_INFO
10
0
20
-167.64
40
1.778
1
*GATEPIN:= 0 9 53 <>
0
TEXT
8
PKG_INFO
10
0
20
-170.688
40
1.778
1
*GATEPIN:= 0 9 54 <>
0
TEXT
8
PKG_INFO
10
0
20
-173.736
40
1.778
1
*GATEPIN:= 0 9 55 <>
0
TEXT
8
PKG_INFO
10
0
20
-176.784
40
1.778
1
*GATEPIN:= 0 9 56 <>
0
TEXT
8
PKG_INFO
10
0
20
-179.832
40
1.778
1
*GATEPIN:= 0 9 57 <>
0
TEXT
8
PKG_INFO
10
0
20
-182.88
40
1.778
1
*GATEPIN:= 0 9 58 <>
0
TEXT
8
PKG_INFO
10
0
20
-185.928
40
1.778
1
*GATEPIN:= 0 9 59 <>
0
TEXT
8
PKG_INFO
10
0
20
-188.976
40
1.778
1
*GATEPIN:= 0 9 60 <>
0
TEXT
8
PKG_INFO
10
0
20
-192.024
40
1.778
1
*GATEPIN:= 0 9 61 <>
0
TEXT
8
PKG_INFO
10
0
20
-195.072
40
1.778
1
*GATEPIN:= 0 9 62 <>
0
TEXT
8
PKG_INFO
10
0
20
-198.12
40
1.778
1
*GATEPIN:= 0 9 63 <>
0
TEXT
8
PKG_INFO
10
0
20
-201.168
40
1.778
1
*GATEPIN:= 0 9 64 <>
0
TEXT
8
PKG_INFO
10
0
20
-204.216
40
1.778
1
*GATEPIN:= 0 9 65 <>
0
TEXT
8
PKG_INFO
10
0
20
-207.264
40
1.778
1
*GATEPIN:= 0 9 66 <>
0
TEXT
8
PKG_INFO
10
0
20
-210.312
40
1.778
1
*GATEPIN:= 0 9 67 <>
0
TEXT
8
PKG_INFO
10
0
20
-213.36
40
1.778
1
*GATEPIN:= 0 9 68 <>
0
TEXT
8
PKG_INFO
10
0
20
-216.408
40
1.778
1
*GATEPIN:= 0 9 69 <>
0
TEXT
8
PKG_INFO
10
0
20
-219.456
40
1.778
1
*GATEPIN:= 0 9 70 <>
0
TEXT
8
PKG_INFO
10
0
20
-222.504
40
1.778
1
*GATEPIN:= 0 9 71 <>
0
TEXT
8
PKG_INFO
10
0
20
-225.552
40
1.778
1
*GATEPIN:= 0 9 72 <>
0
TEXT
8
PKG_INFO
10
0
20
-228.6
40
1.778
1
*GATEPIN:= 0 9 73 <>
0
TEXT
8
PKG_INFO
10
0
20
-231.648
40
1.778
1
*GATEPIN:= 0 9 74 <>
0
TEXT
8
PKG_INFO
10
0
20
-234.696
40
1.778
1
*GATEPIN:= 0 9 75 <>
0
TEXT
8
PKG_INFO
10
0
20
-237.744
40
1.778
1
*GATEPIN:= 0 9 76 <>
0
TEXT
8
PKG_INFO
10
0
20
-240.792
40
1.778
1
*GATEPIN:= 0 9 77 <>
0
TEXT
8
PKG_INFO
10
0
20
-243.84
40
1.778
1
*GATEPIN:= 0 9 78 <>
0
TEXT
8
PKG_INFO
10
0
20
-246.888
40
1.778
1
*GATEPIN:= 0 9 79 <>
0
TEXT
8
PKG_INFO
10
0
20
-249.936
40
1.778
1
*GATEPIN:= 0 9 80 <>
0
TEXT
8
PKG_INFO
10
0
20
-252.984
40
1.778
1
*GATEPIN:= 0 9 81 <>
0
TEXT
8
PKG_INFO
10
0
20
-256.032
40
1.778
1
*GATEPIN:= 0 9 82 <>
0
TEXT
8
PKG_INFO
10
0
20
-259.08
40
1.778
1
*GATEPIN:= 0 9 83 <>
0
TEXT
8
PKG_INFO
10
0
20
-262.128
40
1.778
1
*GATEPIN:= 0 9 84 <>
0
TEXT
8
PKG_INFO
10
0
20
-265.176
40
1.778
1
*GATEPIN:= 0 9 85 <>
0
TEXT
8
PKG_INFO
10
0
20
-268.224
40
1.778
1
*GATEPIN:= 0 9 86 <>
0
TEXT
8
PKG_INFO
10
0
20
-271.272
40
1.778
1
*GATEPIN:= 0 9 87 <>
0
TEXT
8
PKG_INFO
10
0
20
-274.32
40
1.778
1
*GATEPIN:= 0 9 88 <>
0
TEXT
8
PKG_INFO
10
0
20
-277.368
40
1.778
1
*GATEPIN:= 0 9 89 <>
0
TEXT
8
PKG_INFO
10
0
20
-280.416
40
1.778
1
*GATEPIN:= 0 9 90 <>
0
TEXT
8
PKG_INFO
10
0
20
-283.464
40
1.778
1
*GATEPIN:= 0 9 91 <>
0
TEXT
8
PKG_INFO
10
0
20
-286.512
40
1.778
1
*GATEPIN:= 0 9 92 <>
0
TEXT
8
PKG_INFO
10
0
20
-289.56
40
1.778
1
*GATEPIN:= 0 9 93 <>
0
TEXT
8
PKG_INFO
10
0
20
-292.608
40
1.778
1
*GATEPIN:= 0 9 94 <>
0
TEXT
8
PKG_INFO
10
0
20
-295.656
40
1.778
1
*GATEPIN:= 0 9 95 <>
0
TEXT
8
PKG_INFO
10
0
20
-298.704
40
1.778
1
*GATEPIN:= 0 9 96 <>
0
TEXT
8
PKG_INFO
10
0
20
-301.752
40
1.778
1
*GATEPIN:= 0 9 97 <>
0
TEXT
8
PKG_INFO
10
0
20
-304.8
40
1.778
1
*GATEPIN:= 0 9 98 <>
0
TEXT
8
PKG_INFO
10
0
20
-307.848
40
1.778
1
*GATEPIN:= 0 9 99 <>
0
TEXT
8
PKG_INFO
10
0
20
-310.896
40
1.778
1
*GATEPIN:= 0 9 100 <>
0
ENDBLK
0
BLOCK
2
SYM_BOT_16
8
0
10
0
20
0
3
SYM_BOT_16
70
64
0
TEXT
8
SYM_NAME
10
0
20
0
40
1.0668
1
MMS-108-02-L-DV
41
0.75
0
TEXT
8
SYM_PART_NAME_01
10
-1
20
0
40
0.889
1
 
41
0.75
7
W0$127R0
0
TEXT
8
SYM_PART_TYPE_01
10
-1
20
0
40
0.889
1
 
73
2
11
-1
21
0
41
0.75
7
W0$127R0
0
INSERT
2
PART_BODY_BOT_78
8
0
10
0
20
0
0
INSERT
2
STK_BOT_23
8
0
10
7
20
-2.7
0
TEXT
8
SYM_TERMINAL
10
0
20
-3.048
40
1.778
1
1
0
INSERT
2
STK_BOT_22
8
0
10
7
20
2.7
0
TEXT
8
SYM_TERMINAL
10
0
20
-6.096
40
1.778
1
2
0
INSERT
2
STK_BOT_22
8
0
10
5
20
-2.7
0
TEXT
8
SYM_TERMINAL
10
0
20
-9.144
40
1.778
1
3
0
INSERT
2
STK_BOT_22
8
0
10
5
20
2.7
0
TEXT
8
SYM_TERMINAL
10
0
20
-12.192
40
1.778
1
4
0
INSERT
2
STK_BOT_23
8
0
10
3
20
-2.7
0
TEXT
8
SYM_TERMINAL
10
0
20
-15.24
40
1.778
1
5
0
INSERT
2
STK_BOT_22
8
0
10
3
20
2.7
0
TEXT
8
SYM_TERMINAL
10
0
20
-18.288
40
1.778
1
6
0
INSERT
2
STK_BOT_23
8
0
10
1
20
-2.7
0
TEXT
8
SYM_TERMINAL
10
0
20
-21.336
40
1.778
1
7
0
INSERT
2
STK_BOT_22
8
0
10
1
20
2.7
0
TEXT
8
SYM_TERMINAL
10
0
20
-24.384
40
1.778
1
8
0
INSERT
2
STK_BOT_23
8
0
10
-1
20
-2.7
0
TEXT
8
SYM_TERMINAL
10
0
20
-27.432
40
1.778
1
9
0
INSERT
2
STK_BOT_22
8
0
10
-1
20
2.7
0
TEXT
8
SYM_TERMINAL
10
0
20
-30.48
40
1.778
1
10
0
INSERT
2
STK_BOT_23
8
0
10
-3
20
-2.7
0
TEXT
8
SYM_TERMINAL
10
0
20
-33.528
40
1.778
1
11
0
INSERT
2
STK_BOT_22
8
0
10
-3
20
2.7
0
TEXT
8
SYM_TERMINAL
10
0
20
-36.576
40
1.778
1
12
0
INSERT
2
STK_BOT_23
8
0
10
-5
20
-2.7
0
TEXT
8
SYM_TERMINAL
10
0
20
-39.624
40
1.778
1
13
0
INSERT
2
STK_BOT_22
8
0
10
-5
20
2.7
0
TEXT
8
SYM_TERMINAL
10
0
20
-42.672
40
1.778
1
14
0
INSERT
2
STK_BOT_23
8
0
10
-7
20
-2.7
0
TEXT
8
SYM_TERMINAL
10
0
20
-45.72
40
1.778
1
15
0
INSERT
2
STK_BOT_22
8
0
10
-7
20
2.7
0
TEXT
8
SYM_TERMINAL
10
0
20
-48.768
40
1.778
1
16
0
INSERT
2
STK_BOT_24
8
0
10
-6
20
0
0
TEXT
8
SYM_TERMINAL
10
0
20
-51.816
40
1.778
1
17
0
INSERT
2
STK_BOT_24
8
0
10
6
20
0
0
TEXT
8
SYM_TERMINAL
10
0
20
-54.864
40
1.778
1
18
0
ENDBLK
0
BLOCK
2
PKG_12
8
0
10
0
20
0
3
PKG_12
70
64
0
TEXT
8
PKG_INFO
10
0
20
0
40
1.778
1
*SYM:= 16
0
TEXT
8
PKG_INFO
10
0
20
-3.048
40
1.778
1
*PKG:= 0 MMS-108-02-L-DV UND
0
TEXT
8
PKG_INFO
10
0
20
-6.096
40
1.778
1
*GATE:=0
0
TEXT
8
PKG_INFO
10
0
20
-9.144
40
1.778
1
*GATEPIN:= 0 9 16 <>
0
TEXT
8
PKG_INFO
10
0
20
-12.192
40
1.778
1
*GATEPIN:= 0 9 14 <>
0
TEXT
8
PKG_INFO
10
0
20
-15.24
40
1.778
1
*GATEPIN:= 0 9 12 <>
0
TEXT
8
PKG_INFO
10
0
20
-18.288
40
1.778
1
*GATEPIN:= 0 9 10 <>
0
TEXT
8
PKG_INFO
10
0
20
-21.336
40
1.778
1
*GATEPIN:= 0 9 8 <>
0
TEXT
8
PKG_INFO
10
0
20
-24.384
40
1.778
1
*GATEPIN:= 0 9 6 <>
0
TEXT
8
PKG_INFO
10
0
20
-27.432
40
1.778
1
*GATEPIN:= 0 9 4 <>
0
TEXT
8
PKG_INFO
10
0
20
-30.48
40
1.778
1
*GATEPIN:= 0 9 3 <>
0
TEXT
8
PKG_INFO
10
0
20
-33.528
40
1.778
1
*GATEPIN:= 0 9 5 <>
0
TEXT
8
PKG_INFO
10
0
20
-36.576
40
1.778
1
*GATEPIN:= 0 9 7 <>
0
TEXT
8
PKG_INFO
10
0
20
-39.624
40
1.778
1
*GATEPIN:= 0 9 9 <>
0
TEXT
8
PKG_INFO
10
0
20
-42.672
40
1.778
1
*GATEPIN:= 0 9 11 <>
0
TEXT
8
PKG_INFO
10
0
20
-45.72
40
1.778
1
*GATEPIN:= 0 9 13 <>
0
TEXT
8
PKG_INFO
10
0
20
-48.768
40
1.778
1
*GATEPIN:= 0 9 15 <>
0
TEXT
8
PKG_INFO
10
0
20
-51.816
40
1.778
1
*GATEPIN:= 0 9 17 <>
0
TEXT
8
PKG_INFO
10
0
20
-54.864
40
1.778
1
*GATEPIN:= 0 9 18 <>
0
TEXT
8
PKG_INFO
10
0
20
-57.912
40
1.778
1
*GATEPIN:= 0 9 2 <>
0
TEXT
8
PKG_INFO
10
0
20
-60.96
40
1.778
1
*GATEPIN:= 0 9 1 <>
0
ENDBLK
0
BLOCK
2
SYM_BOT_17
8
0
10
0
20
0
3
SYM_BOT_17
70
64
0
TEXT
8
SYM_NAME
10
0
20
0
40
1.0668
1
R1608
41
0.75
0
TEXT
8
SYM_PART_NAME_01
10
0
20
0
40
0.875
1
 
73
1
11
0
21
0
41
0.75
7
W0$125R1
0
TEXT
8
SYM_PART_TYPE_01
10
0
20
0
40
0.875
1
 
72
1
73
1
11
0
21
0
41
0.75
7
W0$125R1
0
INSERT
2
PART_BODY_BOT_79
8
0
10
0
20
0
0
INSERT
2
STK_BOT_14
8
0
10
-0.8
20
0
0
TEXT
8
SYM_TERMINAL
10
0
20
-3.048
40
1.778
1
1
0
INSERT
2
STK_BOT_14
8
0
10
0.8
20
0
0
TEXT
8
SYM_TERMINAL
10
0
20
-6.096
40
1.778
1
2
0
ENDBLK
0
BLOCK
2
PKG_13
8
0
10
0
20
0
3
PKG_13
70
64
0
TEXT
8
PKG_INFO
10
0
20
0
40
1.778
1
*SYM:= 17 18
0
TEXT
8
PKG_INFO
10
0
20
-3.048
40
1.778
1
*PKG:= 0 R1608 UND
0
ENDBLK
0
BLOCK
2
SYM_TOP_17
8
0
10
0
20
0
3
SYM_TOP_17
70
64
0
TEXT
8
SYM_NAME
10
0
20
0
40
1.0668
1
R1608
41
0.75
0
TEXT
8
SYM_PART_NAME_01
10
0
20
0
40
0.875
1
 
73
1
11
0
21
0
41
0.75
7
W0$125R1
0
TEXT
8
SYM_PART_TYPE_01
10
0
20
0
40
0.875
1
 
72
1
73
1
11
0
21
0
41
0.75
7
W0$125R1
0
INSERT
2
PART_BODY_TOP_79
8
0
10
0
20
0
0
INSERT
2
STK_TOP_14
8
0
10
-0.8
20
0
0
TEXT
8
SYM_TERMINAL
10
0
20
-3.048
40
1.778
1
1
0
INSERT
2
STK_TOP_14
8
0
10
0.8
20
0
0
TEXT
8
SYM_TERMINAL
10
0
20
-6.096
40
1.778
1
2
0
ENDBLK
0
BLOCK
2
SYM_BOT_19
8
0
10
0
20
0
3
SYM_BOT_19
70
64
0
TEXT
8
SYM_NAME
10
0
20
0
40
1.0668
1
SFV10R-2STE1HLF
41
0.75
0
TEXT
8
SYM_PART_TYPE_01
10
0.5
20
0
40
0.889
1
 
73
2
11
0.5
21
0
41
0.75
7
W0$127R0
0
TEXT
8
SYM_PART_NAME_01
10
0.5
20
0
40
0.889
1
 
41
0.75
7
W0$127R0
0
INSERT
2
PART_BODY_BOT_81
8
0
10
0
20
0
0
INSERT
2
STK_BOT_26
8
0
10
-2.25
20
0
0
TEXT
8
SYM_TERMINAL
10
0
20
-3.048
40
1.778
1
1
0
INSERT
2
STK_BOT_26
8
0
10
-1.75
20
0
0
TEXT
8
SYM_TERMINAL
10
0
20
-6.096
40
1.778
1
2
0
INSERT
2
STK_BOT_26
8
0
10
-1.25
20
0
0
TEXT
8
SYM_TERMINAL
10
0
20
-9.144
40
1.778
1
3
0
INSERT
2
STK_BOT_26
8
0
10
-0.75
20
0
0
TEXT
8
SYM_TERMINAL
10
0
20
-12.192
40
1.778
1
4
0
INSERT
2
STK_BOT_26
8
0
10
-0.25
20
0
0
TEXT
8
SYM_TERMINAL
10
0
20
-15.24
40
1.778
1
5
0
INSERT
2
STK_BOT_26
8
0
10
0.25
20
0
0
TEXT
8
SYM_TERMINAL
10
0
20
-18.288
40
1.778
1
6
0
INSERT
2
STK_BOT_26
8
0
10
0.75
20
0
0
TEXT
8
SYM_TERMINAL
10
0
20
-21.336
40
1.778
1
7
0
INSERT
2
STK_BOT_26
8
0
10
1.25
20
0
0
TEXT
8
SYM_TERMINAL
10
0
20
-24.384
40
1.778
1
8
0
INSERT
2
STK_BOT_26
8
0
10
1.75
20
0
0
TEXT
8
SYM_TERMINAL
10
0
20
-27.432
40
1.778
1
9
0
INSERT
2
STK_BOT_26
8
0
10
2.25
20
0
0
TEXT
8
SYM_TERMINAL
10
0
20
-30.48
40
1.778
1
10
0
INSERT
2
STK_BOT_27
8
0
10
-3.675
20
-0.9
0
TEXT
8
SYM_TERMINAL
10
0
20
-33.528
40
1.778
1
11
0
INSERT
2
STK_BOT_27
8
0
10
3.675
20
-0.9
0
TEXT
8
SYM_TERMINAL
10
0
20
-36.576
40
1.778
1
12
0
ENDBLK
0
BLOCK
2
PKG_14
8
0
10
0
20
0
3
PKG_14
70
64
0
TEXT
8
PKG_INFO
10
0
20
0
40
1.778
1
*SYM:= 19
0
TEXT
8
PKG_INFO
10
0
20
-3.048
40
1.778
1
*PKG:= 0 SFV10R-2STE1HLF UND
0
TEXT
8
PKG_INFO
10
0
20
-6.096
40
1.778
1
*GATE:=0
0
TEXT
8
PKG_INFO
10
0
20
-9.144
40
1.778
1
*GATEPIN:= 0 9 1 <>
0
TEXT
8
PKG_INFO
10
0
20
-12.192
40
1.778
1
*GATEPIN:= 0 9 2 <>
0
TEXT
8
PKG_INFO
10
0
20
-15.24
40
1.778
1
*GATEPIN:= 0 9 3 <>
0
TEXT
8
PKG_INFO
10
0
20
-18.288
40
1.778
1
*GATEPIN:= 0 9 4 <>
0
TEXT
8
PKG_INFO
10
0
20
-21.336
40
1.778
1
*GATEPIN:= 0 9 5 <>
0
TEXT
8
PKG_INFO
10
0
20
-24.384
40
1.778
1
*GATEPIN:= 0 9 6 <>
0
TEXT
8
PKG_INFO
10
0
20
-27.432
40
1.778
1
*GATEPIN:= 0 9 7 <>
0
TEXT
8
PKG_INFO
10
0
20
-30.48
40
1.778
1
*GATEPIN:= 0 9 8 <>
0
TEXT
8
PKG_INFO
10
0
20
-33.528
40
1.778
1
*GATEPIN:= 0 9 9 <>
0
TEXT
8
PKG_INFO
10
0
20
-36.576
40
1.778
1
*GATEPIN:= 0 9 10 <>
0
TEXT
8
PKG_INFO
10
0
20
-39.624
40
1.778
1
*GATEPIN:= 0 9 11 <>
0
TEXT
8
PKG_INFO
10
0
20
-42.672
40
1.778
1
*GATEPIN:= 0 9 12 <>
0
ENDBLK
0
BLOCK
2
SYM_BOT_20
8
0
10
0
20
0
3
SYM_BOT_20
70
64
0
TEXT
8
SYM_NAME
10
0
20
0
40
1.0668
1
SFV16R-2STE1HLF
41
0.75
0
TEXT
8
SYM_PART_NAME_01
10
-1
20
0
40
0.889
1
 
41
0.75
7
W0$127R0
0
TEXT
8
SYM_PART_TYPE_01
10
-1
20
0
40
0.889
1
 
73
2
11
-1
21
0
41
0.75
7
W0$127R0
0
INSERT
2
PART_BODY_BOT_82
8
0
10
0
20
0
0
INSERT
2
STK_BOT_26
8
0
10
-3.75
20
0
0
TEXT
8
SYM_TERMINAL
10
0
20
-3.048
40
1.778
1
1
0
INSERT
2
STK_BOT_26
8
0
10
-3.25
20
0
0
TEXT
8
SYM_TERMINAL
10
0
20
-6.096
40
1.778
1
2
0
INSERT
2
STK_BOT_26
8
0
10
-2.75
20
0
0
TEXT
8
SYM_TERMINAL
10
0
20
-9.144
40
1.778
1
3
0
INSERT
2
STK_BOT_26
8
0
10
-2.25
20
0
0
TEXT
8
SYM_TERMINAL
10
0
20
-12.192
40
1.778
1
4
0
INSERT
2
STK_BOT_26
8
0
10
-1.75
20
0
0
TEXT
8
SYM_TERMINAL
10
0
20
-15.24
40
1.778
1
5
0
INSERT
2
STK_BOT_26
8
0
10
-1.25
20
0
0
TEXT
8
SYM_TERMINAL
10
0
20
-18.288
40
1.778
1
6
0
INSERT
2
STK_BOT_26
8
0
10
-0.75
20
0
0
TEXT
8
SYM_TERMINAL
10
0
20
-21.336
40
1.778
1
7
0
INSERT
2
STK_BOT_26
8
0
10
-0.25
20
0
0
TEXT
8
SYM_TERMINAL
10
0
20
-24.384
40
1.778
1
8
0
INSERT
2
STK_BOT_26
8
0
10
0.25
20
0
0
TEXT
8
SYM_TERMINAL
10
0
20
-27.432
40
1.778
1
9
0
INSERT
2
STK_BOT_26
8
0
10
0.75
20
0
0
TEXT
8
SYM_TERMINAL
10
0
20
-30.48
40
1.778
1
10
0
INSERT
2
STK_BOT_26
8
0
10
1.25
20
0
0
TEXT
8
SYM_TERMINAL
10
0
20
-33.528
40
1.778
1
11
0
INSERT
2
STK_BOT_26
8
0
10
1.75
20
0
0
TEXT
8
SYM_TERMINAL
10
0
20
-36.576
40
1.778
1
12
0
INSERT
2
STK_BOT_26
8
0
10
2.25
20
0
0
TEXT
8
SYM_TERMINAL
10
0
20
-39.624
40
1.778
1
13
0
INSERT
2
STK_BOT_26
8
0
10
2.75
20
0
0
TEXT
8
SYM_TERMINAL
10
0
20
-42.672
40
1.778
1
14
0
INSERT
2
STK_BOT_26
8
0
10
3.25
20
0
0
TEXT
8
SYM_TERMINAL
10
0
20
-45.72
40
1.778
1
15
0
INSERT
2
STK_BOT_26
8
0
10
3.75
20
0
0
TEXT
8
SYM_TERMINAL
10
0
20
-48.768
40
1.778
1
16
0
INSERT
2
STK_BOT_27
8
0
10
-5.175
20
-0.9
0
TEXT
8
SYM_TERMINAL
10
0
20
-51.816
40
1.778
1
17
0
INSERT
2
STK_BOT_27
8
0
10
5.175
20
-0.9
0
TEXT
8
SYM_TERMINAL
10
0
20
-54.864
40
1.778
1
18
0
ENDBLK
0
BLOCK
2
PKG_15
8
0
10
0
20
0
3
PKG_15
70
64
0
TEXT
8
PKG_INFO
10
0
20
0
40
1.778
1
*SYM:= 20
0
TEXT
8
PKG_INFO
10
0
20
-3.048
40
1.778
1
*PKG:= 0 SFV16R-2STE1HLF UND
0
TEXT
8
PKG_INFO
10
0
20
-6.096
40
1.778
1
*GATE:=0
0
TEXT
8
PKG_INFO
10
0
20
-9.144
40
1.778
1
*GATEPIN:= 0 9 1 <>
0
TEXT
8
PKG_INFO
10
0
20
-12.192
40
1.778
1
*GATEPIN:= 0 9 2 <>
0
TEXT
8
PKG_INFO
10
0
20
-15.24
40
1.778
1
*GATEPIN:= 0 9 3 <>
0
TEXT
8
PKG_INFO
10
0
20
-18.288
40
1.778
1
*GATEPIN:= 0 9 4 <>
0
TEXT
8
PKG_INFO
10
0
20
-21.336
40
1.778
1
*GATEPIN:= 0 9 5 <>
0
TEXT
8
PKG_INFO
10
0
20
-24.384
40
1.778
1
*GATEPIN:= 0 9 6 <>
0
TEXT
8
PKG_INFO
10
0
20
-27.432
40
1.778
1
*GATEPIN:= 0 9 7 <>
0
TEXT
8
PKG_INFO
10
0
20
-30.48
40
1.778
1
*GATEPIN:= 0 9 8 <>
0
TEXT
8
PKG_INFO
10
0
20
-33.528
40
1.778
1
*GATEPIN:= 0 9 9 <>
0
TEXT
8
PKG_INFO
10
0
20
-36.576
40
1.778
1
*GATEPIN:= 0 9 10 <>
0
TEXT
8
PKG_INFO
10
0
20
-39.624
40
1.778
1
*GATEPIN:= 0 9 17 <>
0
TEXT
8
PKG_INFO
10
0
20
-42.672
40
1.778
1
*GATEPIN:= 0 9 18 <>
0
TEXT
8
PKG_INFO
10
0
20
-45.72
40
1.778
1
*GATEPIN:= 0 9 11 <>
0
TEXT
8
PKG_INFO
10
0
20
-48.768
40
1.778
1
*GATEPIN:= 0 9 12 <>
0
TEXT
8
PKG_INFO
10
0
20
-51.816
40
1.778
1
*GATEPIN:= 0 9 13 <>
0
TEXT
8
PKG_INFO
10
0
20
-54.864
40
1.778
1
*GATEPIN:= 0 9 14 <>
0
TEXT
8
PKG_INFO
10
0
20
-57.912
40
1.778
1
*GATEPIN:= 0 9 15 <>
0
TEXT
8
PKG_INFO
10
0
20
-60.96
40
1.778
1
*GATEPIN:= 0 9 16 <>
0
ENDBLK
0
BLOCK
2
SYM_TOP_20
8
0
10
0
20
0
3
SYM_TOP_20
70
64
0
TEXT
8
SYM_NAME
10
0
20
0
40
1.0668
1
SFV16R-2STE1HLF
41
0.75
0
TEXT
8
SYM_PART_NAME_01
10
-1
20
0
40
0.889
1
 
41
0.75
7
W0$127R0
0
TEXT
8
SYM_PART_TYPE_01
10
-1
20
0
40
0.889
1
 
73
2
11
-1
21
0
41
0.75
7
W0$127R0
0
INSERT
2
PART_BODY_TOP_82
8
0
10
0
20
0
0
INSERT
2
STK_TOP_26
8
0
10
-3.75
20
0
0
TEXT
8
SYM_TERMINAL
10
0
20
-3.048
40
1.778
1
1
0
INSERT
2
STK_TOP_26
8
0
10
-3.25
20
0
0
TEXT
8
SYM_TERMINAL
10
0
20
-6.096
40
1.778
1
2
0
INSERT
2
STK_TOP_26
8
0
10
-2.75
20
0
0
TEXT
8
SYM_TERMINAL
10
0
20
-9.144
40
1.778
1
3
0
INSERT
2
STK_TOP_26
8
0
10
-2.25
20
0
0
TEXT
8
SYM_TERMINAL
10
0
20
-12.192
40
1.778
1
4
0
INSERT
2
STK_TOP_26
8
0
10
-1.75
20
0
0
TEXT
8
SYM_TERMINAL
10
0
20
-15.24
40
1.778
1
5
0
INSERT
2
STK_TOP_26
8
0
10
-1.25
20
0
0
TEXT
8
SYM_TERMINAL
10
0
20
-18.288
40
1.778
1
6
0
INSERT
2
STK_TOP_26
8
0
10
-0.75
20
0
0
TEXT
8
SYM_TERMINAL
10
0
20
-21.336
40
1.778
1
7
0
INSERT
2
STK_TOP_26
8
0
10
-0.25
20
0
0
TEXT
8
SYM_TERMINAL
10
0
20
-24.384
40
1.778
1
8
0
INSERT
2
STK_TOP_26
8
0
10
0.25
20
0
0
TEXT
8
SYM_TERMINAL
10
0
20
-27.432
40
1.778
1
9
0
INSERT
2
STK_TOP_26
8
0
10
0.75
20
0
0
TEXT
8
SYM_TERMINAL
10
0
20
-30.48
40
1.778
1
10
0
INSERT
2
STK_TOP_26
8
0
10
1.25
20
0
0
TEXT
8
SYM_TERMINAL
10
0
20
-33.528
40
1.778
1
11
0
INSERT
2
STK_TOP_26
8
0
10
1.75
20
0
0
TEXT
8
SYM_TERMINAL
10
0
20
-36.576
40
1.778
1
12
0
INSERT
2
STK_TOP_26
8
0
10
2.25
20
0
0
TEXT
8
SYM_TERMINAL
10
0
20
-39.624
40
1.778
1
13
0
INSERT
2
STK_TOP_26
8
0
10
2.75
20
0
0
TEXT
8
SYM_TERMINAL
10
0
20
-42.672
40
1.778
1
14
0
INSERT
2
STK_TOP_26
8
0
10
3.25
20
0
0
TEXT
8
SYM_TERMINAL
10
0
20
-45.72
40
1.778
1
15
0
INSERT
2
STK_TOP_26
8
0
10
3.75
20
0
0
TEXT
8
SYM_TERMINAL
10
0
20
-48.768
40
1.778
1
16
0
INSERT
2
STK_TOP_27
8
0
10
-5.175
20
-0.9
0
TEXT
8
SYM_TERMINAL
10
0
20
-51.816
40
1.778
1
17
0
INSERT
2
STK_TOP_27
8
0
10
5.175
20
-0.9
0
TEXT
8
SYM_TERMINAL
10
0
20
-54.864
40
1.778
1
18
0
ENDBLK
0
BLOCK
2
SYM_BOT_21
8
0
10
0
20
0
3
SYM_BOT_21
70
64
0
TEXT
8
SYM_NAME
10
0
20
0
40
1.0668
1
SFV20R-2STE1HLF
41
0.75
0
TEXT
8
SYM_PART_TYPE_01
10
0
20
0
40
0.875
1
 
73
1
11
0
21
0
41
0.75
7
W0$125R1
0
TEXT
8
SYM_PART_NAME_01
10
0
20
0
40
0.875
1
 
73
1
11
0
21
0
41
0.75
7
W0$125R1
0
INSERT
2
PART_BODY_BOT_83
8
0
10
0
20
0
0
INSERT
2
STK_BOT_26
8
0
10
-4.75
20
0
0
TEXT
8
SYM_TERMINAL
10
0
20
-3.048
40
1.778
1
1
0
INSERT
2
STK_BOT_26
8
0
10
-4.25
20
0
0
TEXT
8
SYM_TERMINAL
10
0
20
-6.096
40
1.778
1
2
0
INSERT
2
STK_BOT_26
8
0
10
-3.75
20
0
0
TEXT
8
SYM_TERMINAL
10
0
20
-9.144
40
1.778
1
3
0
INSERT
2
STK_BOT_26
8
0
10
-3.25
20
0
0
TEXT
8
SYM_TERMINAL
10
0
20
-12.192
40
1.778
1
4
0
INSERT
2
STK_BOT_26
8
0
10
-2.75
20
0
0
TEXT
8
SYM_TERMINAL
10
0
20
-15.24
40
1.778
1
5
0
INSERT
2
STK_BOT_26
8
0
10
-2.25
20
0
0
TEXT
8
SYM_TERMINAL
10
0
20
-18.288
40
1.778
1
6
0
INSERT
2
STK_BOT_26
8
0
10
-1.75
20
0
0
TEXT
8
SYM_TERMINAL
10
0
20
-21.336
40
1.778
1
7
0
INSERT
2
STK_BOT_26
8
0
10
-1.25
20
0
0
TEXT
8
SYM_TERMINAL
10
0
20
-24.384
40
1.778
1
8
0
INSERT
2
STK_BOT_26
8
0
10
-0.75
20
0
0
TEXT
8
SYM_TERMINAL
10
0
20
-27.432
40
1.778
1
9
0
INSERT
2
STK_BOT_26
8
0
10
-0.25
20
0
0
TEXT
8
SYM_TERMINAL
10
0
20
-30.48
40
1.778
1
10
0
INSERT
2
STK_BOT_26
8
0
10
0.25
20
0
0
TEXT
8
SYM_TERMINAL
10
0
20
-33.528
40
1.778
1
11
0
INSERT
2
STK_BOT_26
8
0
10
0.75
20
0
0
TEXT
8
SYM_TERMINAL
10
0
20
-36.576
40
1.778
1
12
0
INSERT
2
STK_BOT_26
8
0
10
1.25
20
0
0
TEXT
8
SYM_TERMINAL
10
0
20
-39.624
40
1.778
1
13
0
INSERT
2
STK_BOT_26
8
0
10
1.75
20
0
0
TEXT
8
SYM_TERMINAL
10
0
20
-42.672
40
1.778
1
14
0
INSERT
2
STK_BOT_26
8
0
10
2.25
20
0
0
TEXT
8
SYM_TERMINAL
10
0
20
-45.72
40
1.778
1
15
0
INSERT
2
STK_BOT_26
8
0
10
2.75
20
0
0
TEXT
8
SYM_TERMINAL
10
0
20
-48.768
40
1.778
1
16
0
INSERT
2
STK_BOT_26
8
0
10
3.25
20
0
0
TEXT
8
SYM_TERMINAL
10
0
20
-51.816
40
1.778
1
17
0
INSERT
2
STK_BOT_26
8
0
10
3.75
20
0
0
TEXT
8
SYM_TERMINAL
10
0
20
-54.864
40
1.778
1
18
0
INSERT
2
STK_BOT_26
8
0
10
4.25
20
0
0
TEXT
8
SYM_TERMINAL
10
0
20
-57.912
40
1.778
1
19
0
INSERT
2
STK_BOT_26
8
0
10
4.75
20
0
0
TEXT
8
SYM_TERMINAL
10
0
20
-60.96
40
1.778
1
20
0
INSERT
2
STK_BOT_27
8
0
10
-6.175
20
-0.9
0
TEXT
8
SYM_TERMINAL
10
0
20
-64.008
40
1.778
1
21
0
INSERT
2
STK_BOT_27
8
0
10
6.175
20
-0.9
0
TEXT
8
SYM_TERMINAL
10
0
20
-67.056
40
1.778
1
22
0
ENDBLK
0
BLOCK
2
PKG_16
8
0
10
0
20
0
3
PKG_16
70
64
0
TEXT
8
PKG_INFO
10
0
20
0
40
1.778
1
*SYM:= 21
0
TEXT
8
PKG_INFO
10
0
20
-3.048
40
1.778
1
*PKG:= 0 SFV20R-2STE1HLF UND
0
TEXT
8
PKG_INFO
10
0
20
-6.096
40
1.778
1
*GATE:=0
0
TEXT
8
PKG_INFO
10
0
20
-9.144
40
1.778
1
*GATEPIN:= 0 9 1 <>
0
TEXT
8
PKG_INFO
10
0
20
-12.192
40
1.778
1
*GATEPIN:= 0 9 2 <>
0
TEXT
8
PKG_INFO
10
0
20
-15.24
40
1.778
1
*GATEPIN:= 0 9 3 <>
0
TEXT
8
PKG_INFO
10
0
20
-18.288
40
1.778
1
*GATEPIN:= 0 9 4 <>
0
TEXT
8
PKG_INFO
10
0
20
-21.336
40
1.778
1
*GATEPIN:= 0 9 5 <>
0
TEXT
8
PKG_INFO
10
0
20
-24.384
40
1.778
1
*GATEPIN:= 0 9 6 <>
0
TEXT
8
PKG_INFO
10
0
20
-27.432
40
1.778
1
*GATEPIN:= 0 9 7 <>
0
TEXT
8
PKG_INFO
10
0
20
-30.48
40
1.778
1
*GATEPIN:= 0 9 8 <>
0
TEXT
8
PKG_INFO
10
0
20
-33.528
40
1.778
1
*GATEPIN:= 0 9 9 <>
0
TEXT
8
PKG_INFO
10
0
20
-36.576
40
1.778
1
*GATEPIN:= 0 9 10 <>
0
TEXT
8
PKG_INFO
10
0
20
-39.624
40
1.778
1
*GATEPIN:= 0 9 11 <>
0
TEXT
8
PKG_INFO
10
0
20
-42.672
40
1.778
1
*GATEPIN:= 0 9 12 <>
0
TEXT
8
PKG_INFO
10
0
20
-45.72
40
1.778
1
*GATEPIN:= 0 9 13 <>
0
TEXT
8
PKG_INFO
10
0
20
-48.768
40
1.778
1
*GATEPIN:= 0 9 14 <>
0
TEXT
8
PKG_INFO
10
0
20
-51.816
40
1.778
1
*GATEPIN:= 0 9 15 <>
0
TEXT
8
PKG_INFO
10
0
20
-54.864
40
1.778
1
*GATEPIN:= 0 9 16 <>
0
TEXT
8
PKG_INFO
10
0
20
-57.912
40
1.778
1
*GATEPIN:= 0 9 21 <>
0
TEXT
8
PKG_INFO
10
0
20
-60.96
40
1.778
1
*GATEPIN:= 0 9 22 <>
0
TEXT
8
PKG_INFO
10
0
20
-64.008
40
1.778
1
*GATEPIN:= 0 9 17 <>
0
TEXT
8
PKG_INFO
10
0
20
-67.056
40
1.778
1
*GATEPIN:= 0 9 18 <>
0
TEXT
8
PKG_INFO
10
0
20
-70.104
40
1.778
1
*GATEPIN:= 0 9 19 <>
0
TEXT
8
PKG_INFO
10
0
20
-73.152
40
1.778
1
*GATEPIN:= 0 9 20 <>
0
ENDBLK
0
BLOCK
2
SYM_TOP_22
8
0
10
0
20
0
3
SYM_TOP_22
70
64
0
TEXT
8
SYM_NAME
10
0
20
0
40
1.0668
1
SOD-123FL
41
0.75
0
TEXT
8
SYM_PART_TYPE_01
10
0
20
0
40
0.875
1
 
72
1
73
1
11
0
21
0
41
0.75
7
W0$125R1
0
TEXT
8
SYM_PART_NAME_01
10
0
20
0
40
0.875
1
 
72
1
73
1
11
0
21
0
41
0.75
7
W0$125R1
0
INSERT
2
PART_BODY_TOP_84
8
0
10
0
20
0
0
INSERT
2
STK_TOP_28
8
0
10
-1.6
20
0
0
TEXT
8
SYM_TERMINAL
10
0
20
-3.048
40
1.778
1
1
0
INSERT
2
STK_TOP_28
8
0
10
1.6
20
0
0
TEXT
8
SYM_TERMINAL
10
0
20
-6.096
40
1.778
1
2
0
ENDBLK
0
BLOCK
2
PKG_17
8
0
10
0
20
0
3
PKG_17
70
64
0
TEXT
8
PKG_INFO
10
0
20
0
40
1.778
1
*SYM:= 22
0
TEXT
8
PKG_INFO
10
0
20
-3.048
40
1.778
1
*PKG:= 0 SOD-123FL UND
0
ENDBLK
0
BLOCK
2
SYM_TOP_23
8
0
10
0
20
0
3
SYM_TOP_23
70
64
0
TEXT
8
SYM_NAME
10
0
20
0
40
1.0668
1
SOD523_1
41
0.75
0
TEXT
8
SYM_PART_NAME_01
10
0
20
0
40
0.875
1
 
72
1
73
1
11
0
21
0
41
0.75
7
W0$125R1
0
TEXT
8
SYM_PART_TYPE_01
10
0
20
0
40
0.875
1
 
72
1
73
1
11
0
21
0
41
0.75
7
W0$125R1
0
INSERT
2
PART_BODY_TOP_85
8
0
10
0
20
0
0
INSERT
2
STK_TOP_29
8
0
10
-0.85
20
0
0
TEXT
8
SYM_TERMINAL
10
0
20
-3.048
40
1.778
1
1
0
INSERT
2
STK_TOP_29
8
0
10
0.85
20
0
0
TEXT
8
SYM_TERMINAL
10
0
20
-6.096
40
1.778
1
2
0
ENDBLK
0
BLOCK
2
PKG_18
8
0
10
0
20
0
3
PKG_18
70
64
0
TEXT
8
PKG_INFO
10
0
20
0
40
1.778
1
*SYM:= 23
0
TEXT
8
PKG_INFO
10
0
20
-3.048
40
1.778
1
*PKG:= 0 SOD523_1 UND
0
TEXT
8
PKG_INFO
10
0
20
-6.096
40
1.778
1
*GATE:=0
0
TEXT
8
PKG_INFO
10
0
20
-9.144
40
1.778
1
*GATEPIN:= 0 9 2 <>
0
TEXT
8
PKG_INFO
10
0
20
-12.192
40
1.778
1
*GATEPIN:= 0 9 1 <>
0
ENDBLK
0
BLOCK
2
SYM_TOP_24
8
0
10
0
20
0
3
SYM_TOP_24
70
64
0
TEXT
8
SYM_NAME
10
0
20
0
40
1.0668
1
SOIC8-P6.0
41
0.75
0
TEXT
8
SYM_PART_NAME_01
10
0
20
0
40
0.889
1
 
41
0.75
7
W0$127R0
0
TEXT
8
SYM_PART_TYPE_01
10
0
20
0
40
0.889
1
 
73
2
11
0
21
0
41
0.75
7
W0$127R0
0
INSERT
2
PART_BODY_TOP_86
8
0
10
0
20
0
0
INSERT
2
STK_TOP_30
8
0
10
-1.905
20
-2.75
0
TEXT
8
SYM_TERMINAL
10
0
20
-3.048
40
1.778
1
1
0
INSERT
2
STK_TOP_30
8
0
10
-0.635
20
-2.75
0
TEXT
8
SYM_TERMINAL
10
0
20
-6.096
40
1.778
1
2
0
INSERT
2
STK_TOP_30
8
0
10
0.635
20
-2.75
0
TEXT
8
SYM_TERMINAL
10
0
20
-9.144
40
1.778
1
3
0
INSERT
2
STK_TOP_30
8
0
10
1.905
20
-2.75
0
TEXT
8
SYM_TERMINAL
10
0
20
-12.192
40
1.778
1
4
0
INSERT
2
STK_TOP_30
8
0
10
1.905
20
2.75
0
TEXT
8
SYM_TERMINAL
10
0
20
-15.24
40
1.778
1
5
0
INSERT
2
STK_TOP_30
8
0
10
0.635
20
2.75
0
TEXT
8
SYM_TERMINAL
10
0
20
-18.288
40
1.778
1
6
0
INSERT
2
STK_TOP_30
8
0
10
-0.635
20
2.75
0
TEXT
8
SYM_TERMINAL
10
0
20
-21.336
40
1.778
1
7
0
INSERT
2
STK_TOP_30
8
0
10
-1.905
20
2.75
0
TEXT
8
SYM_TERMINAL
10
0
20
-24.384
40
1.778
1
8
0
ENDBLK
0
BLOCK
2
PKG_19
8
0
10
0
20
0
3
PKG_19
70
64
0
TEXT
8
PKG_INFO
10
0
20
0
40
1.778
1
*SYM:= 24
0
TEXT
8
PKG_INFO
10
0
20
-3.048
40
1.778
1
*PKG:= 0 SOIC8-P6.0 UND
0
ENDBLK
0
BLOCK
2
SYM_TOP_25
8
0
10
0
20
0
3
SYM_TOP_25
70
64
0
TEXT
8
SYM_NAME
10
0
20
0
40
1.0668
1
SOIC8-P7.8
41
0.75
0
TEXT
8
SYM_PART_TYPE_01
10
0
20
0
40
0.889
1
 
73
2
11
0
21
0
41
0.75
7
W0$127R0
0
TEXT
8
SYM_PART_NAME_01
10
0
20
0
40
0.889
1
 
41
0.75
7
W0$127R0
0
INSERT
2
PART_BODY_TOP_87
8
0
10
0
20
0
0
INSERT
2
STK_TOP_31
8
0
10
-1.905
20
-3.2
0
TEXT
8
SYM_TERMINAL
10
0
20
-3.048
40
1.778
1
1
0
INSERT
2
STK_TOP_31
8
0
10
-0.635
20
-3.2
0
TEXT
8
SYM_TERMINAL
10
0
20
-6.096
40
1.778
1
2
0
INSERT
2
STK_TOP_31
8
0
10
0.635
20
-3.2
0
TEXT
8
SYM_TERMINAL
10
0
20
-9.144
40
1.778
1
3
0
INSERT
2
STK_TOP_31
8
0
10
1.905
20
-3.2
0
TEXT
8
SYM_TERMINAL
10
0
20
-12.192
40
1.778
1
4
0
INSERT
2
STK_TOP_31
8
0
10
1.905
20
3.2
0
TEXT
8
SYM_TERMINAL
10
0
20
-15.24
40
1.778
1
5
0
INSERT
2
STK_TOP_31
8
0
10
0.635
20
3.2
0
TEXT
8
SYM_TERMINAL
10
0
20
-18.288
40
1.778
1
6
0
INSERT
2
STK_TOP_31
8
0
10
-0.635
20
3.2
0
TEXT
8
SYM_TERMINAL
10
0
20
-21.336
40
1.778
1
7
0
INSERT
2
STK_TOP_31
8
0
10
-1.905
20
3.2
0
TEXT
8
SYM_TERMINAL
10
0
20
-24.384
40
1.778
1
8
0
ENDBLK
0
BLOCK
2
PKG_20
8
0
10
0
20
0
3
PKG_20
70
64
0
TEXT
8
PKG_INFO
10
0
20
0
40
1.778
1
*SYM:= 25
0
TEXT
8
PKG_INFO
10
0
20
-3.048
40
1.778
1
*PKG:= 0 SOIC8-P7.8 UND
0
TEXT
8
PKG_INFO
10
0
20
-6.096
40
1.778
1
*GATE:=0
0
TEXT
8
PKG_INFO
10
0
20
-9.144
40
1.778
1
*GATEPIN:= 0 9 1 <>
0
TEXT
8
PKG_INFO
10
0
20
-12.192
40
1.778
1
*GATEPIN:= 0 9 2 <>
0
TEXT
8
PKG_INFO
10
0
20
-15.24
40
1.778
1
*GATEPIN:= 0 9 3 <>
0
TEXT
8
PKG_INFO
10
0
20
-18.288
40
1.778
1
*GATEPIN:= 0 9 4 <>
0
TEXT
8
PKG_INFO
10
0
20
-21.336
40
1.778
1
*GATEPIN:= 0 9 5 <>
0
TEXT
8
PKG_INFO
10
0
20
-24.384
40
1.778
1
*GATEPIN:= 0 9 6 <>
0
TEXT
8
PKG_INFO
10
0
20
-27.432
40
1.778
1
*GATEPIN:= 0 9 7 <>
0
TEXT
8
PKG_INFO
10
0
20
-30.48
40
1.778
1
*GATEPIN:= 0 9 8 <>
0
ENDBLK
0
BLOCK
2
SYM_TOP_26
8
0
10
0
20
0
3
SYM_TOP_26
70
64
0
TEXT
8
SYM_NAME
10
0
20
0
40
1.0668
1
SOT23-132
41
0.75
0
TEXT
8
SYM_PART_NAME_01
10
-1.7
20
-4
40
1.2446
1
 
41
0.75
7
W0$1778R0
0
TEXT
8
SYM_PART_TYPE_01
10
-0.2799093333
20
-4.6191246667
40
1.2446
1
 
72
1
73
1
11
-0.2799093333
21
-4.6191246667
41
0.75
7
W0$1778R0
0
INSERT
2
PART_BODY_TOP_88
8
0
10
0
20
0
0
INSERT
2
STK_TOP_32
8
0
10
-1
20
-1.3
0
TEXT
8
SYM_TERMINAL
10
0
20
-3.048
40
1.778
1
1
0
INSERT
2
STK_TOP_32
8
0
10
1
20
-1.3
0
TEXT
8
SYM_TERMINAL
10
0
20
-6.096
40
1.778
1
2
0
INSERT
2
STK_TOP_32
8
0
10
0
20
1.3
0
TEXT
8
SYM_TERMINAL
10
0
20
-9.144
40
1.778
1
3
0
ENDBLK
0
BLOCK
2
PKG_21
8
0
10
0
20
0
3
PKG_21
70
64
0
TEXT
8
PKG_INFO
10
0
20
0
40
1.778
1
*SYM:= 26
0
TEXT
8
PKG_INFO
10
0
20
-3.048
40
1.778
1
*PKG:= 0 SOT23-132 UND
0
ENDBLK
0
BLOCK
2
SYM_BOT_26
8
0
10
0
20
0
3
SYM_BOT_26
70
64
0
TEXT
8
SYM_NAME
10
0
20
0
40
1.0668
1
SOT23-132
41
0.75
0
TEXT
8
SYM_PART_NAME_01
10
-1.7
20
-4
40
1.2446
1
 
41
0.75
7
W0$1778R0
0
TEXT
8
SYM_PART_TYPE_01
10
-0.2799093333
20
-4.6191246667
40
1.2446
1
 
72
1
73
1
11
-0.2799093333
21
-4.6191246667
41
0.75
7
W0$1778R0
0
INSERT
2
PART_BODY_BOT_88
8
0
10
0
20
0
0
INSERT
2
STK_BOT_32
8
0
10
-1
20
-1.3
0
TEXT
8
SYM_TERMINAL
10
0
20
-3.048
40
1.778
1
1
0
INSERT
2
STK_BOT_32
8
0
10
1
20
-1.3
0
TEXT
8
SYM_TERMINAL
10
0
20
-6.096
40
1.778
1
2
0
INSERT
2
STK_BOT_32
8
0
10
0
20
1.3
0
TEXT
8
SYM_TERMINAL
10
0
20
-9.144
40
1.778
1
3
0
ENDBLK
0
BLOCK
2
SYM_TOP_27
8
0
10
0
20
0
3
SYM_TOP_27
70
64
0
TEXT
8
SYM_NAME
10
0
20
0
40
1.0668
1
SOT23-5
41
0.75
0
TEXT
8
SYM_PART_NAME_01
10
-0.001
20
0
40
0.14
1
 
41
0.75
7
W0$002R0
0
TEXT
8
SYM_PART_TYPE_01
10
-0.001
20
0.0004373333
40
0.14
1
 
73
2
11
-0.001
21
0.0004373333
41
0.75
7
W0$002R0
0
INSERT
2
PART_BODY_TOP_89
8
0
10
0
20
0
0
INSERT
2
STK_TOP_33
8
0
10
-0.95
20
-1.15
0
TEXT
8
SYM_TERMINAL
10
0
20
-3.048
40
1.778
1
1
0
INSERT
2
STK_TOP_33
8
0
10
0
20
-1.15
0
TEXT
8
SYM_TERMINAL
10
0
20
-6.096
40
1.778
1
2
0
INSERT
2
STK_TOP_33
8
0
10
0.95
20
-1.15
0
TEXT
8
SYM_TERMINAL
10
0
20
-9.144
40
1.778
1
3
0
INSERT
2
STK_TOP_33
8
0
10
0.95
20
1.15
0
TEXT
8
SYM_TERMINAL
10
0
20
-12.192
40
1.778
1
4
0
INSERT
2
STK_TOP_33
8
0
10
-0.95
20
1.15
0
TEXT
8
SYM_TERMINAL
10
0
20
-15.24
40
1.778
1
5
0
ENDBLK
0
BLOCK
2
PKG_22
8
0
10
0
20
0
3
PKG_22
70
64
0
TEXT
8
PKG_INFO
10
0
20
0
40
1.778
1
*SYM:= 27
0
TEXT
8
PKG_INFO
10
0
20
-3.048
40
1.778
1
*PKG:= 0 SOT23-5 UND
0
ENDBLK
0
BLOCK
2
SYM_BOT_27
8
0
10
0
20
0
3
SYM_BOT_27
70
64
0
TEXT
8
SYM_NAME
10
0
20
0
40
1.0668
1
SOT23-5
41
0.75
0
TEXT
8
SYM_PART_NAME_01
10
-0.001
20
0
40
0.14
1
 
41
0.75
7
W0$002R0
0
TEXT
8
SYM_PART_TYPE_01
10
-0.001
20
0.0004373333
40
0.14
1
 
73
2
11
-0.001
21
0.0004373333
41
0.75
7
W0$002R0
0
INSERT
2
PART_BODY_BOT_89
8
0
10
0
20
0
0
INSERT
2
STK_BOT_33
8
0
10
-0.95
20
-1.15
0
TEXT
8
SYM_TERMINAL
10
0
20
-3.048
40
1.778
1
1
0
INSERT
2
STK_BOT_33
8
0
10
0
20
-1.15
0
TEXT
8
SYM_TERMINAL
10
0
20
-6.096
40
1.778
1
2
0
INSERT
2
STK_BOT_33
8
0
10
0.95
20
-1.15
0
TEXT
8
SYM_TERMINAL
10
0
20
-9.144
40
1.778
1
3
0
INSERT
2
STK_BOT_33
8
0
10
0.95
20
1.15
0
TEXT
8
SYM_TERMINAL
10
0
20
-12.192
40
1.778
1
4
0
INSERT
2
STK_BOT_33
8
0
10
-0.95
20
1.15
0
TEXT
8
SYM_TERMINAL
10
0
20
-15.24
40
1.778
1
5
0
ENDBLK
0
BLOCK
2
SYM_TOP_28
8
0
10
0
20
0
3
SYM_TOP_28
70
64
0
TEXT
8
SYM_NAME
10
0
20
0
40
1.0668
1
SOT23-6
41
0.75
0
TEXT
8
SYM_PART_TYPE_01
10
-0.001
20
0.0004373333
40
0.14
1
 
73
2
11
-0.001
21
0.0004373333
41
0.75
7
W0$002R0
0
TEXT
8
SYM_PART_NAME_01
10
-0.001
20
0
40
0.14
1
 
41
0.75
7
W0$002R0
0
INSERT
2
PART_BODY_TOP_90
8
0
10
0
20
0
0
INSERT
2
STK_TOP_33
8
0
10
-0.95
20
-1.15
0
TEXT
8
SYM_TERMINAL
10
0
20
-3.048
40
1.778
1
1
0
INSERT
2
STK_TOP_33
8
0
10
0
20
-1.15
0
TEXT
8
SYM_TERMINAL
10
0
20
-6.096
40
1.778
1
2
0
INSERT
2
STK_TOP_33
8
0
10
0.95
20
-1.15
0
TEXT
8
SYM_TERMINAL
10
0
20
-9.144
40
1.778
1
3
0
INSERT
2
STK_TOP_33
8
0
10
0.95
20
1.15
0
TEXT
8
SYM_TERMINAL
10
0
20
-12.192
40
1.778
1
4
0
INSERT
2
STK_TOP_33
8
0
10
0
20
1.15
0
TEXT
8
SYM_TERMINAL
10
0
20
-15.24
40
1.778
1
5
0
INSERT
2
STK_TOP_33
8
0
10
-0.95
20
1.15
0
TEXT
8
SYM_TERMINAL
10
0
20
-18.288
40
1.778
1
6
0
ENDBLK
0
BLOCK
2
PKG_23
8
0
10
0
20
0
3
PKG_23
70
64
0
TEXT
8
PKG_INFO
10
0
20
0
40
1.778
1
*SYM:= 28
0
TEXT
8
PKG_INFO
10
0
20
-3.048
40
1.778
1
*PKG:= 0 SOT23-6 UND
0
ENDBLK
0
BLOCK
2
SYM_TOP_29
8
0
10
0
20
0
3
SYM_TOP_29
70
64
0
TEXT
8
SYM_NAME
10
0
20
0
40
1.0668
1
TMM-108-06-L-D-SM
41
0.75
0
TEXT
8
SYM_PART_TYPE_01
10
-1
20
0
40
0.889
1
 
73
2
11
-1
21
0
41
0.75
7
W0$127R0
0
TEXT
8
SYM_PART_NAME_01
10
-1
20
0
40
0.889
1
 
41
0.75
7
W0$127R0
0
INSERT
2
PART_BODY_TOP_91
8
0
10
0
20
0
0
INSERT
2
STK_TOP_23
8
0
10
-7
20
-2.7
0
TEXT
8
SYM_TERMINAL
10
0
20
-3.048
40
1.778
1
1
0
INSERT
2
STK_TOP_22
8
0
10
-7
20
2.7
0
TEXT
8
SYM_TERMINAL
10
0
20
-6.096
40
1.778
1
2
0
INSERT
2
STK_TOP_23
8
0
10
-5
20
-2.7
0
TEXT
8
SYM_TERMINAL
10
0
20
-9.144
40
1.778
1
3
0
INSERT
2
STK_TOP_22
8
0
10
-5
20
2.7
0
TEXT
8
SYM_TERMINAL
10
0
20
-12.192
40
1.778
1
4
0
INSERT
2
STK_TOP_23
8
0
10
-3
20
-2.7
0
TEXT
8
SYM_TERMINAL
10
0
20
-15.24
40
1.778
1
5
0
INSERT
2
STK_TOP_22
8
0
10
-3
20
2.7
0
TEXT
8
SYM_TERMINAL
10
0
20
-18.288
40
1.778
1
6
0
INSERT
2
STK_TOP_23
8
0
10
-1
20
-2.7
0
TEXT
8
SYM_TERMINAL
10
0
20
-21.336
40
1.778
1
7
0
INSERT
2
STK_TOP_22
8
0
10
-1
20
2.7
0
TEXT
8
SYM_TERMINAL
10
0
20
-24.384
40
1.778
1
8
0
INSERT
2
STK_TOP_23
8
0
10
1
20
-2.7
0
TEXT
8
SYM_TERMINAL
10
0
20
-27.432
40
1.778
1
9
0
INSERT
2
STK_TOP_22
8
0
10
1
20
2.7
0
TEXT
8
SYM_TERMINAL
10
0
20
-30.48
40
1.778
1
10
0
INSERT
2
STK_TOP_23
8
0
10
3
20
-2.7
0
TEXT
8
SYM_TERMINAL
10
0
20
-33.528
40
1.778
1
11
0
INSERT
2
STK_TOP_22
8
0
10
3
20
2.7
0
TEXT
8
SYM_TERMINAL
10
0
20
-36.576
40
1.778
1
12
0
INSERT
2
STK_TOP_22
8
0
10
5
20
-2.7
0
TEXT
8
SYM_TERMINAL
10
0
20
-39.624
40
1.778
1
13
0
INSERT
2
STK_TOP_22
8
0
10
5
20
2.7
0
TEXT
8
SYM_TERMINAL
10
0
20
-42.672
40
1.778
1
14
0
INSERT
2
STK_TOP_23
8
0
10
7
20
-2.7
0
TEXT
8
SYM_TERMINAL
10
0
20
-45.72
40
1.778
1
15
0
INSERT
2
STK_TOP_22
8
0
10
7
20
2.7
0
TEXT
8
SYM_TERMINAL
10
0
20
-48.768
40
1.778
1
16
0
INSERT
2
STK_TOP_24
8
0
10
-6
20
0
0
TEXT
8
SYM_TERMINAL
10
0
20
-51.816
40
1.778
1
17
0
INSERT
2
STK_TOP_24
8
0
10
6
20
0
0
TEXT
8
SYM_TERMINAL
10
0
20
-54.864
40
1.778
1
18
0
ENDBLK
0
BLOCK
2
PKG_24
8
0
10
0
20
0
3
PKG_24
70
64
0
TEXT
8
PKG_INFO
10
0
20
0
40
1.778
1
*SYM:= 29
0
TEXT
8
PKG_INFO
10
0
20
-3.048
40
1.778
1
*PKG:= 0 TMM-108-06-L-D-SM UND
0
TEXT
8
PKG_INFO
10
0
20
-6.096
40
1.778
1
*GATE:=0
0
TEXT
8
PKG_INFO
10
0
20
-9.144
40
1.778
1
*GATEPIN:= 0 9 15 <>
0
TEXT
8
PKG_INFO
10
0
20
-12.192
40
1.778
1
*GATEPIN:= 0 9 16 <>
0
TEXT
8
PKG_INFO
10
0
20
-15.24
40
1.778
1
*GATEPIN:= 0 9 13 <>
0
TEXT
8
PKG_INFO
10
0
20
-18.288
40
1.778
1
*GATEPIN:= 0 9 14 <>
0
TEXT
8
PKG_INFO
10
0
20
-21.336
40
1.778
1
*GATEPIN:= 0 9 11 <>
0
TEXT
8
PKG_INFO
10
0
20
-24.384
40
1.778
1
*GATEPIN:= 0 9 12 <>
0
TEXT
8
PKG_INFO
10
0
20
-27.432
40
1.778
1
*GATEPIN:= 0 9 9 <>
0
TEXT
8
PKG_INFO
10
0
20
-30.48
40
1.778
1
*GATEPIN:= 0 9 10 <>
0
TEXT
8
PKG_INFO
10
0
20
-33.528
40
1.778
1
*GATEPIN:= 0 9 7 <>
0
TEXT
8
PKG_INFO
10
0
20
-36.576
40
1.778
1
*GATEPIN:= 0 9 8 <>
0
TEXT
8
PKG_INFO
10
0
20
-39.624
40
1.778
1
*GATEPIN:= 0 9 5 <>
0
TEXT
8
PKG_INFO
10
0
20
-42.672
40
1.778
1
*GATEPIN:= 0 9 6 <>
0
TEXT
8
PKG_INFO
10
0
20
-45.72
40
1.778
1
*GATEPIN:= 0 9 3 <>
0
TEXT
8
PKG_INFO
10
0
20
-48.768
40
1.778
1
*GATEPIN:= 0 9 4 <>
0
TEXT
8
PKG_INFO
10
0
20
-51.816
40
1.778
1
*GATEPIN:= 0 9 1 <>
0
TEXT
8
PKG_INFO
10
0
20
-54.864
40
1.778
1
*GATEPIN:= 0 9 2 <>
0
TEXT
8
PKG_INFO
10
0
20
-57.912
40
1.778
1
*GATEPIN:= 0 9 17 <>
0
TEXT
8
PKG_INFO
10
0
20
-60.96
40
1.778
1
*GATEPIN:= 0 9 18 <>
0
ENDBLK
0
BLOCK
2
SYM_TOP_30
8
0
10
0
20
0
3
SYM_TOP_30
70
64
0
TEXT
8
SYM_NAME
10
0
20
0
40
1.0668
1
TSOT-23-6
41
0.75
0
TEXT
8
SYM_PART_NAME_01
10
-0.1905
20
0
40
0.889
1
 
41
0.75
7
W0$127R0
0
TEXT
8
SYM_PART_TYPE_01
10
-0.1905
20
0.08334
40
0.889
1
 
73
2
11
-0.1905
21
0.08334
41
0.75
7
W0$127R0
0
INSERT
2
PART_BODY_TOP_92
8
0
10
0
20
0
0
INSERT
2
STK_TOP_36
8
0
10
-0.95
20
-1.2
0
TEXT
8
SYM_TERMINAL
10
0
20
-3.048
40
1.778
1
1
0
INSERT
2
STK_TOP_36
8
0
10
0
20
-1.2
0
TEXT
8
SYM_TERMINAL
10
0
20
-6.096
40
1.778
1
2
0
INSERT
2
STK_TOP_36
8
0
10
0.95
20
-1.2
0
TEXT
8
SYM_TERMINAL
10
0
20
-9.144
40
1.778
1
3
0
INSERT
2
STK_TOP_36
8
0
10
0.95
20
1.2
0
TEXT
8
SYM_TERMINAL
10
0
20
-12.192
40
1.778
1
4
0
INSERT
2
STK_TOP_36
8
0
10
0
20
1.2
0
TEXT
8
SYM_TERMINAL
10
0
20
-15.24
40
1.778
1
5
0
INSERT
2
STK_TOP_36
8
0
10
-0.95
20
1.2
0
TEXT
8
SYM_TERMINAL
10
0
20
-18.288
40
1.778
1
6
0
ENDBLK
0
BLOCK
2
PKG_25
8
0
10
0
20
0
3
PKG_25
70
64
0
TEXT
8
PKG_INFO
10
0
20
0
40
1.778
1
*SYM:= 30
0
TEXT
8
PKG_INFO
10
0
20
-3.048
40
1.778
1
*PKG:= 0 TSOT-23-6 UND
0
TEXT
8
PKG_INFO
10
0
20
-6.096
40
1.778
1
*GATE:=0
0
TEXT
8
PKG_INFO
10
0
20
-9.144
40
1.778
1
*GATEPIN:= 0 9 1 <>
0
TEXT
8
PKG_INFO
10
0
20
-12.192
40
1.778
1
*GATEPIN:= 0 9 2 <>
0
TEXT
8
PKG_INFO
10
0
20
-15.24
40
1.778
1
*GATEPIN:= 0 9 3 <>
0
TEXT
8
PKG_INFO
10
0
20
-18.288
40
1.778
1
*GATEPIN:= 0 9 4 <>
0
TEXT
8
PKG_INFO
10
0
20
-21.336
40
1.778
1
*GATEPIN:= 0 9 5 <>
0
TEXT
8
PKG_INFO
10
0
20
-24.384
40
1.778
1
*GATEPIN:= 0 9 6 <>
0
ENDBLK
0
BLOCK
2
SYM_TOP_31
8
0
10
0
20
0
3
SYM_TOP_31
70
64
0
TEXT
8
SYM_NAME
10
0
20
0
40
1.0668
1
VQFN16-0.5-3X3-H(BQ24075RGTR)
41
0.75
0
TEXT
8
SYM_PART_TYPE_01
10
0
20
0
40
0.35
1
 
73
2
11
0
21
0
41
0.75
7
W0$05R0
0
TEXT
8
SYM_PART_NAME_01
10
0
20
0
40
0.875
1
 
72
1
73
1
11
0
21
0
41
0.75
7
W0$125R1
0
INSERT
2
PART_BODY_TOP_93
8
0
10
0
20
0
0
INSERT
2
STK_TOP_45
8
0
10
-0.75
20
-1.45
0
TEXT
8
SYM_TERMINAL
10
0
20
-3.048
40
1.778
1
1
0
INSERT
2
STK_TOP_45
8
0
10
-0.25
20
-1.45
0
TEXT
8
SYM_TERMINAL
10
0
20
-6.096
40
1.778
1
2
0
INSERT
2
STK_TOP_45
8
0
10
0.25
20
-1.45
0
TEXT
8
SYM_TERMINAL
10
0
20
-9.144
40
1.778
1
3
0
INSERT
2
STK_TOP_45
8
0
10
0.75
20
-1.45
0
TEXT
8
SYM_TERMINAL
10
0
20
-12.192
40
1.778
1
4
0
INSERT
2
STK_TOP_46
8
0
10
1.45
20
-0.75
0
TEXT
8
SYM_TERMINAL
10
0
20
-15.24
40
1.778
1
5
0
INSERT
2
STK_TOP_46
8
0
10
1.45
20
-0.25
0
TEXT
8
SYM_TERMINAL
10
0
20
-18.288
40
1.778
1
6
0
INSERT
2
STK_TOP_46
8
0
10
1.45
20
0.25
0
TEXT
8
SYM_TERMINAL
10
0
20
-21.336
40
1.778
1
7
0
INSERT
2
STK_TOP_46
8
0
10
1.45
20
0.75
0
TEXT
8
SYM_TERMINAL
10
0
20
-24.384
40
1.778
1
8
0
INSERT
2
STK_TOP_45
8
0
10
0.75
20
1.45
0
TEXT
8
SYM_TERMINAL
10
0
20
-27.432
40
1.778
1
9
0
INSERT
2
STK_TOP_45
8
0
10
0.25
20
1.45
0
TEXT
8
SYM_TERMINAL
10
0
20
-30.48
40
1.778
1
10
0
INSERT
2
STK_TOP_45
8
0
10
-0.25
20
1.45
0
TEXT
8
SYM_TERMINAL
10
0
20
-33.528
40
1.778
1
11
0
INSERT
2
STK_TOP_45
8
0
10
-0.75
20
1.45
0
TEXT
8
SYM_TERMINAL
10
0
20
-36.576
40
1.778
1
12
0
INSERT
2
STK_TOP_46
8
0
10
-1.45
20
0.75
0
TEXT
8
SYM_TERMINAL
10
0
20
-39.624
40
1.778
1
13
0
INSERT
2
STK_TOP_46
8
0
10
-1.45
20
0.25
0
TEXT
8
SYM_TERMINAL
10
0
20
-42.672
40
1.778
1
14
0
INSERT
2
STK_TOP_46
8
0
10
-1.45
20
-0.25
0
TEXT
8
SYM_TERMINAL
10
0
20
-45.72
40
1.778
1
15
0
INSERT
2
STK_TOP_46
8
0
10
-1.45
20
-0.75
0
TEXT
8
SYM_TERMINAL
10
0
20
-48.768
40
1.778
1
16
0
INSERT
2
STK_TOP_47
8
0
10
0
20
0
0
TEXT
8
SYM_TERMINAL
10
0
20
-51.816
40
1.778
1
17
0
INSERT
2
STK_TOP_48
8
0
10
-0.58
20
0.58
0
TEXT
8
SYM_TERMINAL
10
0
20
-54.864
40
1.778
1
18
0
INSERT
2
STK_TOP_48
8
0
10
0.58
20
0.58
0
TEXT
8
SYM_TERMINAL
10
0
20
-57.912
40
1.778
1
19
0
INSERT
2
STK_TOP_48
8
0
10
-0.58
20
-0.58
0
TEXT
8
SYM_TERMINAL
10
0
20
-60.96
40
1.778
1
20
0
INSERT
2
STK_TOP_48
8
0
10
0.58
20
-0.58
0
TEXT
8
SYM_TERMINAL
10
0
20
-64.008
40
1.778
1
21
0
INSERT
2
STK_TOP_48
8
0
10
0
20
0
0
TEXT
8
SYM_TERMINAL
10
0
20
-67.056
40
1.778
1
22
0
ENDBLK
0
BLOCK
2
PKG_26
8
0
10
0
20
0
3
PKG_26
70
64
0
TEXT
8
PKG_INFO
10
0
20
0
40
1.778
1
*SYM:= 31
0
TEXT
8
PKG_INFO
10
0
20
-3.048
40
1.778
1
*PKG:= 0 VQFN16-0.5-3X3-H(BQ24075RGTR) UND
0
TEXT
8
PKG_INFO
10
0
20
-6.096
40
1.778
1
*GATE:=0
0
TEXT
8
PKG_INFO
10
0
20
-9.144
40
1.778
1
*GATEPIN:= 0 9 1 <>
0
TEXT
8
PKG_INFO
10
0
20
-12.192
40
1.778
1
*GATEPIN:= 0 9 2 <>
0
TEXT
8
PKG_INFO
10
0
20
-15.24
40
1.778
1
*GATEPIN:= 0 9 3 <>
0
TEXT
8
PKG_INFO
10
0
20
-18.288
40
1.778
1
*GATEPIN:= 0 9 4 <>
0
TEXT
8
PKG_INFO
10
0
20
-21.336
40
1.778
1
*GATEPIN:= 0 9 5 <>
0
TEXT
8
PKG_INFO
10
0
20
-24.384
40
1.778
1
*GATEPIN:= 0 9 6 <>
0
TEXT
8
PKG_INFO
10
0
20
-27.432
40
1.778
1
*GATEPIN:= 0 9 7 <>
0
TEXT
8
PKG_INFO
10
0
20
-30.48
40
1.778
1
*GATEPIN:= 0 9 8 <>
0
TEXT
8
PKG_INFO
10
0
20
-33.528
40
1.778
1
*GATEPIN:= 0 9 9 <>
0
TEXT
8
PKG_INFO
10
0
20
-36.576
40
1.778
1
*GATEPIN:= 0 9 10 <>
0
TEXT
8
PKG_INFO
10
0
20
-39.624
40
1.778
1
*GATEPIN:= 0 9 11 <>
0
TEXT
8
PKG_INFO
10
0
20
-42.672
40
1.778
1
*GATEPIN:= 0 9 12 <>
0
TEXT
8
PKG_INFO
10
0
20
-45.72
40
1.778
1
*GATEPIN:= 0 9 13 <>
0
TEXT
8
PKG_INFO
10
0
20
-48.768
40
1.778
1
*GATEPIN:= 0 9 14 <>
0
TEXT
8
PKG_INFO
10
0
20
-51.816
40
1.778
1
*GATEPIN:= 0 9 15 <>
0
TEXT
8
PKG_INFO
10
0
20
-54.864
40
1.778
1
*GATEPIN:= 0 9 16 <>
0
TEXT
8
PKG_INFO
10
0
20
-57.912
40
1.778
1
*GATEPIN:= 0 9 17 <>
0
TEXT
8
PKG_INFO
10
0
20
-60.96
40
1.778
1
*GATEPIN:= 0 9 18 <>
0
TEXT
8
PKG_INFO
10
0
20
-64.008
40
1.778
1
*GATEPIN:= 0 9 19 <>
0
TEXT
8
PKG_INFO
10
0
20
-67.056
40
1.778
1
*GATEPIN:= 0 9 20 <>
0
TEXT
8
PKG_INFO
10
0
20
-70.104
40
1.778
1
*GATEPIN:= 0 9 21 <>
0
TEXT
8
PKG_INFO
10
0
20
-73.152
40
1.778
1
*GATEPIN:= 0 9 22 <>
0
ENDBLK
0
BLOCK
2
SYM_TOP_32
8
0
10
0
20
0
3
SYM_TOP_32
70
64
0
TEXT
8
SYM_NAME
10
0
20
0
40
1.0668
1
XTAL-3225
41
0.75
0
TEXT
8
SYM_PART_TYPE_01
10
0
20
0
40
0.875
1
 
72
1
73
1
11
0
21
0
41
0.75
7
W0$125R1
0
TEXT
8
SYM_PART_NAME_01
10
0
20
0
40
0.875
1
 
72
1
73
1
11
0
21
0
41
0.75
7
W0$125R1
0
INSERT
2
PART_BODY_TOP_94
8
0
10
0
20
0
0
INSERT
2
STK_TOP_49
8
0
10
-1.2
20
-0.9
0
TEXT
8
SYM_TERMINAL
10
0
20
-3.048
40
1.778
1
1
0
INSERT
2
STK_TOP_49
8
0
10
1.2
20
-0.9
0
TEXT
8
SYM_TERMINAL
10
0
20
-6.096
40
1.778
1
2
0
INSERT
2
STK_TOP_49
8
0
10
1.2
20
0.9
0
TEXT
8
SYM_TERMINAL
10
0
20
-9.144
40
1.778
1
3
0
INSERT
2
STK_TOP_49
8
0
10
-1.2
20
0.9
0
TEXT
8
SYM_TERMINAL
10
0
20
-12.192
40
1.778
1
4
0
ENDBLK
0
BLOCK
2
PKG_27
8
0
10
0
20
0
3
PKG_27
70
64
0
TEXT
8
PKG_INFO
10
0
20
0
40
1.778
1
*SYM:= 32
0
TEXT
8
PKG_INFO
10
0
20
-3.048
40
1.778
1
*PKG:= 0 XTAL-3225 UND
0
TEXT
8
PKG_INFO
10
0
20
-6.096
40
1.778
1
*GATE:=0
0
TEXT
8
PKG_INFO
10
0
20
-9.144
40
1.778
1
*GATEPIN:= 0 9 1 <>
0
TEXT
8
PKG_INFO
10
0
20
-12.192
40
1.778
1
*GATEPIN:= 0 9 2 <>
0
TEXT
8
PKG_INFO
10
0
20
-15.24
40
1.778
1
*GATEPIN:= 0 9 3 <>
0
TEXT
8
PKG_INFO
10
0
20
-18.288
40
1.778
1
*GATEPIN:= 0 9 4 <>
0
ENDBLK
0
BLOCK
2
SYM_TOP_33
8
0
10
0
20
0
3
SYM_TOP_33
70
64
0
TEXT
8
SYM_NAME
10
0
20
0
40
1.0668
1
ZX40E60C01
41
0.75
0
TEXT
8
SYM_PART_TYPE_01
10
0
20
0
40
0.889
1
 
73
2
11
0
21
0
41
0.75
7
W0$127R0
0
TEXT
8
SYM_PART_NAME_01
10
0
20
0
40
0.889
1
 
41
0.75
7
W0$127R0
0
INSERT
2
PART_BODY_TOP_95
8
0
10
0
20
0
0
INSERT
2
STK_TOP_51
8
0
10
5.08
20
0
0
TEXT
8
SYM_TERMINAL
10
0
20
-3.048
40
1.778
1
1
0
INSERT
2
STK_TOP_50
8
0
10
0
20
0
0
TEXT
8
SYM_TERMINAL
10
0
20
-6.096
40
1.778
1
2
0
INSERT
2
STK_TOP_50
8
0
10
-5.08
20
0
0
TEXT
8
SYM_TERMINAL
10
0
20
-9.144
40
1.778
1
3
0
ENDBLK
0
BLOCK
2
PKG_28
8
0
10
0
20
0
3
PKG_28
70
64
0
TEXT
8
PKG_INFO
10
0
20
0
40
1.778
1
*SYM:= 33
0
TEXT
8
PKG_INFO
10
0
20
-3.048
40
1.778
1
*PKG:= 0 ZX40E60C01 UND
0
TEXT
8
PKG_INFO
10
0
20
-6.096
40
1.778
1
*GATE:=0
0
TEXT
8
PKG_INFO
10
0
20
-9.144
40
1.778
1
*GATEPIN:= 0 9 3 <>
0
TEXT
8
PKG_INFO
10
0
20
-12.192
40
1.778
1
*GATEPIN:= 0 9 2 <>
0
TEXT
8
PKG_INFO
10
0
20
-15.24
40
1.778
1
*GATEPIN:= 0 9 1 <>
0
ENDBLK
0
BLOCK
2
SYM_TOP_34
8
0
10
0
20
0
3
SYM_TOP_34
70
64
0
TEXT
8
SYM_NAME
10
0
20
0
40
1.0668
1
ECO-HOLE2.2_NTH
41
0.75
0
TEXT
8
SYM_PART_TYPE_01
10
0
20
0
40
0.889
1
 
73
2
11
0
21
0
41
0.75
7
W0$127R0
0
TEXT
8
SYM_PART_NAME_01
10
0
20
0
40
0.889
1
 
41
0.75
7
W0$127R0
0
INSERT
2
PART_BODY_TOP_96
8
0
10
0
20
0
0
INSERT
2
STK_TOP_52
8
0
10
0
20
0
0
TEXT
8
SYM_TERMINAL
10
0
20
-3.048
40
1.778
1
1
0
ENDBLK
0
BLOCK
2
PKG_29
8
0
10
0
20
0
3
PKG_29
70
64
0
TEXT
8
PKG_INFO
10
0
20
0
40
1.778
1
*SYM:= 34
0
TEXT
8
PKG_INFO
10
0
20
-3.048
40
1.778
1
*PKG:= 4 ECO-HOLE2.2_NTH ECO
0
TEXT
8
PKG_INFO
10
0
20
-6.096
40
1.778
1
*GATE:=0
0
TEXT
8
PKG_INFO
10
0
20
-9.144
40
1.778
1
*GATEPIN:= 0 9 1 <>
0
ENDBLK
0
BLOCK
2
SYM_TOP_35
8
0
10
0
20
0
3
SYM_TOP_35
70
64
0
TEXT
8
SYM_NAME
10
0
20
0
40
1.0668
1
ECO-HOLE4.0NTH
41
0.75
0
TEXT
8
SYM_PART_NAME_01
10
0
20
0
40
0.889
1
 
41
0.75
7
W0$127R0
0
TEXT
8
SYM_PART_TYPE_01
10
0
20
0
40
0.889
1
 
73
2
11
0
21
0
41
0.75
7
W0$127R0
0
INSERT
2
PART_BODY_TOP_98
8
0
10
0
20
0
0
INSERT
2
STK_TOP_53
8
0
10
0
20
0
0
TEXT
8
SYM_TERMINAL
10
0
20
-3.048
40
1.778
1
1
0
ENDBLK
0
BLOCK
2
PKG_30
8
0
10
0
20
0
3
PKG_30
70
64
0
TEXT
8
PKG_INFO
10
0
20
0
40
1.778
1
*SYM:= 35
0
TEXT
8
PKG_INFO
10
0
20
-3.048
40
1.778
1
*PKG:= 4 ECO-HOLE4.0NTH ECO
0
TEXT
8
PKG_INFO
10
0
20
-6.096
40
1.778
1
*GATE:=0
0
TEXT
8
PKG_INFO
10
0
20
-9.144
40
1.778
1
*GATEPIN:= 0 9 1 <>
0
ENDBLK
0
BLOCK
2
SYM_TOP_36
8
0
10
0
20
0
3
SYM_TOP_36
70
64
0
TEXT
8
SYM_NAME
10
0
20
0
40
1.0668
1
USB4940
41
0.75
0
TEXT
8
SYM_PART_TYPE_01
10
0
20
0
40
0.889
1
 
73
2
11
0
21
0
41
0.75
7
W0$127R0
0
TEXT
8
SYM_PART_NAME_01
10
1.5
20
0
40
0.889
1
 
41
0.75
7
W0$127R0
0
INSERT
2
PART_BODY_TOP_99
8
0
10
0
20
0
0
INSERT
2
STK_TOP_39
8
0
10
-1.75
20
0.575
0
TEXT
8
SYM_TERMINAL
10
0
20
-3.048
40
1.778
1
B8
0
INSERT
2
STK_TOP_39
8
0
10
-1.25
20
0.575
0
TEXT
8
SYM_TERMINAL
10
0
20
-6.096
40
1.778
1
A5
0
INSERT
2
STK_TOP_39
8
0
10
-0.75
20
0.575
0
TEXT
8
SYM_TERMINAL
10
0
20
-9.144
40
1.778
1
B7
0
INSERT
2
STK_TOP_39
8
0
10
-0.25
20
0.575
0
TEXT
8
SYM_TERMINAL
10
0
20
-12.192
40
1.778
1
A6
0
INSERT
2
STK_TOP_39
8
0
10
0.25
20
0.575
0
TEXT
8
SYM_TERMINAL
10
0
20
-15.24
40
1.778
1
A7
0
INSERT
2
STK_TOP_39
8
0
10
0.75
20
0.575
0
TEXT
8
SYM_TERMINAL
10
0
20
-18.288
40
1.778
1
B6
0
INSERT
2
STK_TOP_39
8
0
10
1.25
20
0.575
0
TEXT
8
SYM_TERMINAL
10
0
20
-21.336
40
1.778
1
A8
0
INSERT
2
STK_TOP_39
8
0
10
1.75
20
0.575
0
TEXT
8
SYM_TERMINAL
10
0
20
-24.384
40
1.778
1
B5
0
INSERT
2
STK_TOP_40
8
0
10
-5.11
20
0
0
TEXT
8
SYM_TERMINAL
10
0
20
-27.432
40
1.778
1
SH1
0
INSERT
2
STK_TOP_40
8
0
10
-5.11
20
-3.93
0
TEXT
8
SYM_TERMINAL
10
0
20
-30.48
40
1.778
1
SH2
0
INSERT
2
STK_TOP_40
8
0
10
5.11
20
0
0
TEXT
8
SYM_TERMINAL
10
0
20
-33.528
40
1.778
1
SH3
0
INSERT
2
STK_TOP_40
8
0
10
5.11
20
-3.93
0
TEXT
8
SYM_TERMINAL
10
0
20
-36.576
40
1.778
1
SH4
0
INSERT
2
STK_TOP_41
8
0
10
-2.89
20
-0.5
0
TEXT
8
SYM_TERMINAL
10
0
20
-39.624
40
1.778
1
25
0
INSERT
2
STK_TOP_41
8
0
10
2.89
20
-0.5
0
TEXT
8
SYM_TERMINAL
10
0
20
-42.672
40
1.778
1
26
0
INSERT
2
STK_TOP_66
8
0
10
-3.2
20
0.575
0
TEXT
8
SYM_TERMINAL
10
0
20
-45.72
40
1.778
1
A1_B12
0
INSERT
2
STK_TOP_66
8
0
10
-2.4
20
0.575
0
TEXT
8
SYM_TERMINAL
10
0
20
-48.768
40
1.778
1
A4_B9
0
INSERT
2
STK_TOP_66
8
0
10
2.4
20
0.575
0
TEXT
8
SYM_TERMINAL
10
0
20
-51.816
40
1.778
1
B4_A9
0
INSERT
2
STK_TOP_66
8
0
10
3.2
20
0.575
0
TEXT
8
SYM_TERMINAL
10
0
20
-54.864
40
1.778
1
B1_A12
0
ENDBLK
0
BLOCK
2
PKG_31
8
0
10
0
20
0
3
PKG_31
70
64
0
TEXT
8
PKG_INFO
10
0
20
0
40
1.778
1
*SYM:= 36
0
TEXT
8
PKG_INFO
10
0
20
-3.048
40
1.778
1
*PKG:= 0 USB4940 UND
0
TEXT
8
PKG_INFO
10
0
20
-6.096
40
1.778
1
*GATE:=0
0
TEXT
8
PKG_INFO
10
0
20
-9.144
40
1.778
1
*GATEPIN:= 0 9 B8 <>
0
TEXT
8
PKG_INFO
10
0
20
-12.192
40
1.778
1
*GATEPIN:= 0 9 A5 <>
0
TEXT
8
PKG_INFO
10
0
20
-15.24
40
1.778
1
*GATEPIN:= 0 9 B7 <>
0
TEXT
8
PKG_INFO
10
0
20
-18.288
40
1.778
1
*GATEPIN:= 0 9 A6 <>
0
TEXT
8
PKG_INFO
10
0
20
-21.336
40
1.778
1
*GATEPIN:= 0 9 A7 <>
0
TEXT
8
PKG_INFO
10
0
20
-24.384
40
1.778
1
*GATEPIN:= 0 9 B6 <>
0
TEXT
8
PKG_INFO
10
0
20
-27.432
40
1.778
1
*GATEPIN:= 0 9 A8 <>
0
TEXT
8
PKG_INFO
10
0
20
-30.48
40
1.778
1
*GATEPIN:= 0 9 B5 <>
0
TEXT
8
PKG_INFO
10
0
20
-33.528
40
1.778
1
*GATEPIN:= 0 9 SH1 <>
0
TEXT
8
PKG_INFO
10
0
20
-36.576
40
1.778
1
*GATEPIN:= 0 9 SH2 <>
0
TEXT
8
PKG_INFO
10
0
20
-39.624
40
1.778
1
*GATEPIN:= 0 9 SH3 <>
0
TEXT
8
PKG_INFO
10
0
20
-42.672
40
1.778
1
*GATEPIN:= 0 9 SH4 <>
0
TEXT
8
PKG_INFO
10
0
20
-45.72
40
1.778
1
*GATEPIN:= 0 9 25 <>
0
TEXT
8
PKG_INFO
10
0
20
-48.768
40
1.778
1
*GATEPIN:= 0 9 26 <>
0
TEXT
8
PKG_INFO
10
0
20
-51.816
40
1.778
1
*GATEPIN:= 0 9 A1_B12 <>
0
TEXT
8
PKG_INFO
10
0
20
-54.864
40
1.778
1
*GATEPIN:= 0 9 A4_B9 <>
0
TEXT
8
PKG_INFO
10
0
20
-57.912
40
1.778
1
*GATEPIN:= 0 9 B4_A9 <>
0
TEXT
8
PKG_INFO
10
0
20
-60.96
40
1.778
1
*GATEPIN:= 0 9 B1_A12 <>
0
ENDBLK
0
BLOCK
2
SYM_TOP_37
8
0
10
0
20
0
3
SYM_TOP_37
70
64
0
TEXT
8
SYM_NAME
10
0
20
0
40
1.0668
1
ECO-HOLE5.0NTH
41
0.75
0
TEXT
8
SYM_PART_TYPE_01
10
0
20
0
40
0.889
1
 
73
2
11
0
21
0
41
0.75
7
W0$127R0
0
TEXT
8
SYM_PART_NAME_01
10
0
20
0
40
0.889
1
 
41
0.75
7
W0$127R0
0
INSERT
2
PART_BODY_TOP_145
8
0
10
0
20
0
0
INSERT
2
STK_TOP_79
8
0
10
0
20
0
0
TEXT
8
SYM_TERMINAL
10
0
20
-3.048
40
1.778
1
1
0
ENDBLK
0
BLOCK
2
PKG_32
8
0
10
0
20
0
3
PKG_32
70
64
0
TEXT
8
PKG_INFO
10
0
20
0
40
1.778
1
*SYM:= 37
0
TEXT
8
PKG_INFO
10
0
20
-3.048
40
1.778
1
*PKG:= 4 ECO-HOLE5.0NTH ECO
0
TEXT
8
PKG_INFO
10
0
20
-6.096
40
1.778
1
*GATE:=0
0
TEXT
8
PKG_INFO
10
0
20
-9.144
40
1.778
1
*GATEPIN:= 0 9 1 <>
0
ENDBLK
0
BLOCK
2
SYM_TOP_38
8
0
10
0
20
0
3
SYM_TOP_38
70
64
0
TEXT
8
SYM_NAME
10
0
20
0
40
1.0668
1
TSSOP14-0.65-6.4(OPA4397PWR)
41
0.75
0
TEXT
8
SYM_PART_NAME_01
10
0.325
20
0
40
0.889
1
 
41
0.75
7
W0$127R0
0
TEXT
8
SYM_PART_TYPE_01
10
0.325
20
0
40
0.889
1
 
73
2
11
0.325
21
0
41
0.75
7
W0$127R0
0
INSERT
2
PART_BODY_TOP_156
8
0
10
0
20
0
0
INSERT
2
STK_TOP_37
8
0
10
-1.95
20
-2.85
0
TEXT
8
SYM_TERMINAL
10
0
20
-3.048
40
1.778
1
1
0
INSERT
2
STK_TOP_37
8
0
10
-1.3
20
-2.85
0
TEXT
8
SYM_TERMINAL
10
0
20
-6.096
40
1.778
1
2
0
INSERT
2
STK_TOP_37
8
0
10
-0.65
20
-2.85
0
TEXT
8
SYM_TERMINAL
10
0
20
-9.144
40
1.778
1
3
0
INSERT
2
STK_TOP_37
8
0
10
0
20
-2.85
0
TEXT
8
SYM_TERMINAL
10
0
20
-12.192
40
1.778
1
4
0
INSERT
2
STK_TOP_37
8
0
10
0.65
20
-2.85
0
TEXT
8
SYM_TERMINAL
10
0
20
-15.24
40
1.778
1
5
0
INSERT
2
STK_TOP_37
8
0
10
1.3
20
-2.85
0
TEXT
8
SYM_TERMINAL
10
0
20
-18.288
40
1.778
1
6
0
INSERT
2
STK_TOP_37
8
0
10
1.95
20
-2.85
0
TEXT
8
SYM_TERMINAL
10
0
20
-21.336
40
1.778
1
7
0
INSERT
2
STK_TOP_37
8
0
10
1.95
20
2.85
0
TEXT
8
SYM_TERMINAL
10
0
20
-24.384
40
1.778
1
8
0
INSERT
2
STK_TOP_37
8
0
10
1.3
20
2.85
0
TEXT
8
SYM_TERMINAL
10
0
20
-27.432
40
1.778
1
9
0
INSERT
2
STK_TOP_37
8
0
10
0.65
20
2.85
0
TEXT
8
SYM_TERMINAL
10
0
20
-30.48
40
1.778
1
10
0
INSERT
2
STK_TOP_37
8
0
10
0
20
2.85
0
TEXT
8
SYM_TERMINAL
10
0
20
-33.528
40
1.778
1
11
0
INSERT
2
STK_TOP_37
8
0
10
-0.65
20
2.85
0
TEXT
8
SYM_TERMINAL
10
0
20
-36.576
40
1.778
1
12
0
INSERT
2
STK_TOP_37
8
0
10
-1.3
20
2.85
0
TEXT
8
SYM_TERMINAL
10
0
20
-39.624
40
1.778
1
13
0
INSERT
2
STK_TOP_37
8
0
10
-1.95
20
2.85
0
TEXT
8
SYM_TERMINAL
10
0
20
-42.672
40
1.778
1
14
0
ENDBLK
0
BLOCK
2
PKG_33
8
0
10
0
20
0
3
PKG_33
70
64
0
TEXT
8
PKG_INFO
10
0
20
0
40
1.778
1
*SYM:= 38
0
TEXT
8
PKG_INFO
10
0
20
-3.048
40
1.778
1
*PKG:= 0 TSSOP14-0.65-6.4(OPA4397PWR) UND
0
TEXT
8
PKG_INFO
10
0
20
-6.096
40
1.778
1
*GATE:=0
0
TEXT
8
PKG_INFO
10
0
20
-9.144
40
1.778
1
*GATEPIN:= 0 9 1 <>
0
TEXT
8
PKG_INFO
10
0
20
-12.192
40
1.778
1
*GATEPIN:= 0 9 2 <>
0
TEXT
8
PKG_INFO
10
0
20
-15.24
40
1.778
1
*GATEPIN:= 0 9 3 <>
0
TEXT
8
PKG_INFO
10
0
20
-18.288
40
1.778
1
*GATEPIN:= 0 9 4 <>
0
TEXT
8
PKG_INFO
10
0
20
-21.336
40
1.778
1
*GATEPIN:= 0 9 5 <>
0
TEXT
8
PKG_INFO
10
0
20
-24.384
40
1.778
1
*GATEPIN:= 0 9 6 <>
0
TEXT
8
PKG_INFO
10
0
20
-27.432
40
1.778
1
*GATEPIN:= 0 9 7 <>
0
TEXT
8
PKG_INFO
10
0
20
-30.48
40
1.778
1
*GATEPIN:= 0 9 8 <>
0
TEXT
8
PKG_INFO
10
0
20
-33.528
40
1.778
1
*GATEPIN:= 0 9 9 <>
0
TEXT
8
PKG_INFO
10
0
20
-36.576
40
1.778
1
*GATEPIN:= 0 9 10 <>
0
TEXT
8
PKG_INFO
10
0
20
-39.624
40
1.778
1
*GATEPIN:= 0 9 11 <>
0
TEXT
8
PKG_INFO
10
0
20
-42.672
40
1.778
1
*GATEPIN:= 0 9 12 <>
0
TEXT
8
PKG_INFO
10
0
20
-45.72
40
1.778
1
*GATEPIN:= 0 9 13 <>
0
TEXT
8
PKG_INFO
10
0
20
-48.768
40
1.778
1
*GATEPIN:= 0 9 14 <>
0
ENDBLK
0
BLOCK
2
SYM_TOP_39
8
0
10
0
20
0
3
SYM_TOP_39
70
64
0
TEXT
8
SYM_NAME
10
0
20
0
40
1.0668
1
TSSOP16-0.65-6.4(TLC5916IPWR)
41
0.75
0
TEXT
8
SYM_PART_NAME_01
10
0
20
0
40
0.875
1
 
72
1
73
1
11
0
21
0
41
0.75
7
W0$125R1
0
TEXT
8
SYM_PART_TYPE_01
10
0
20
0
40
0.875
1
 
72
1
73
1
11
0
21
0
41
0.75
7
W0$125R1
0
INSERT
2
PART_BODY_TOP_157
8
0
10
0
20
0
0
INSERT
2
STK_TOP_38
8
0
10
-2.275
20
-2.825
0
TEXT
8
SYM_TERMINAL
10
0
20
-3.048
40
1.778
1
1
0
INSERT
2
STK_TOP_38
8
0
10
-1.625
20
-2.825
0
TEXT
8
SYM_TERMINAL
10
0
20
-6.096
40
1.778
1
2
0
INSERT
2
STK_TOP_38
8
0
10
-0.975
20
-2.825
0
TEXT
8
SYM_TERMINAL
10
0
20
-9.144
40
1.778
1
3
0
INSERT
2
STK_TOP_38
8
0
10
-0.325
20
-2.825
0
TEXT
8
SYM_TERMINAL
10
0
20
-12.192
40
1.778
1
4
0
INSERT
2
STK_TOP_38
8
0
10
0.325
20
-2.825
0
TEXT
8
SYM_TERMINAL
10
0
20
-15.24
40
1.778
1
5
0
INSERT
2
STK_TOP_38
8
0
10
0.975
20
-2.825
0
TEXT
8
SYM_TERMINAL
10
0
20
-18.288
40
1.778
1
6
0
INSERT
2
STK_TOP_38
8
0
10
1.625
20
-2.825
0
TEXT
8
SYM_TERMINAL
10
0
20
-21.336
40
1.778
1
7
0
INSERT
2
STK_TOP_38
8
0
10
2.275
20
-2.825
0
TEXT
8
SYM_TERMINAL
10
0
20
-24.384
40
1.778
1
8
0
INSERT
2
STK_TOP_38
8
0
10
2.275
20
2.825
0
TEXT
8
SYM_TERMINAL
10
0
20
-27.432
40
1.778
1
9
0
INSERT
2
STK_TOP_38
8
0
10
1.625
20
2.825
0
TEXT
8
SYM_TERMINAL
10
0
20
-30.48
40
1.778
1
10
0
INSERT
2
STK_TOP_38
8
0
10
0.975
20
2.825
0
TEXT
8
SYM_TERMINAL
10
0
20
-33.528
40
1.778
1
11
0
INSERT
2
STK_TOP_38
8
0
10
0.325
20
2.825
0
TEXT
8
SYM_TERMINAL
10
0
20
-36.576
40
1.778
1
12
0
INSERT
2
STK_TOP_38
8
0
10
-0.325
20
2.825
0
TEXT
8
SYM_TERMINAL
10
0
20
-39.624
40
1.778
1
13
0
INSERT
2
STK_TOP_38
8
0
10
-0.975
20
2.825
0
TEXT
8
SYM_TERMINAL
10
0
20
-42.672
40
1.778
1
14
0
INSERT
2
STK_TOP_38
8
0
10
-1.625
20
2.825
0
TEXT
8
SYM_TERMINAL
10
0
20
-45.72
40
1.778
1
15
0
INSERT
2
STK_TOP_38
8
0
10
-2.275
20
2.825
0
TEXT
8
SYM_TERMINAL
10
0
20
-48.768
40
1.778
1
16
0
ENDBLK
0
BLOCK
2
PKG_34
8
0
10
0
20
0
3
PKG_34
70
64
0
TEXT
8
PKG_INFO
10
0
20
0
40
1.778
1
*SYM:= 39
0
TEXT
8
PKG_INFO
10
0
20
-3.048
40
1.778
1
*PKG:= 0 TSSOP16-0.65-6.4(TLC5916IPWR) UND
0
TEXT
8
PKG_INFO
10
0
20
-6.096
40
1.778
1
*GATE:=0
0
TEXT
8
PKG_INFO
10
0
20
-9.144
40
1.778
1
*GATEPIN:= 0 9 1 <>
0
TEXT
8
PKG_INFO
10
0
20
-12.192
40
1.778
1
*GATEPIN:= 0 9 2 <>
0
TEXT
8
PKG_INFO
10
0
20
-15.24
40
1.778
1
*GATEPIN:= 0 9 3 <>
0
TEXT
8
PKG_INFO
10
0
20
-18.288
40
1.778
1
*GATEPIN:= 0 9 4 <>
0
TEXT
8
PKG_INFO
10
0
20
-21.336
40
1.778
1
*GATEPIN:= 0 9 5 <>
0
TEXT
8
PKG_INFO
10
0
20
-24.384
40
1.778
1
*GATEPIN:= 0 9 6 <>
0
TEXT
8
PKG_INFO
10
0
20
-27.432
40
1.778
1
*GATEPIN:= 0 9 7 <>
0
TEXT
8
PKG_INFO
10
0
20
-30.48
40
1.778
1
*GATEPIN:= 0 9 8 <>
0
TEXT
8
PKG_INFO
10
0
20
-33.528
40
1.778
1
*GATEPIN:= 0 9 9 <>
0
TEXT
8
PKG_INFO
10
0
20
-36.576
40
1.778
1
*GATEPIN:= 0 9 10 <>
0
TEXT
8
PKG_INFO
10
0
20
-39.624
40
1.778
1
*GATEPIN:= 0 9 11 <>
0
TEXT
8
PKG_INFO
10
0
20
-42.672
40
1.778
1
*GATEPIN:= 0 9 12 <>
0
TEXT
8
PKG_INFO
10
0
20
-45.72
40
1.778
1
*GATEPIN:= 0 9 13 <>
0
TEXT
8
PKG_INFO
10
0
20
-48.768
40
1.778
1
*GATEPIN:= 0 9 14 <>
0
TEXT
8
PKG_INFO
10
0
20
-51.816
40
1.778
1
*GATEPIN:= 0 9 15 <>
0
TEXT
8
PKG_INFO
10
0
20
-54.864
40
1.778
1
*GATEPIN:= 0 9 16 <>
0
ENDBLK
0
BLOCK
2
SYM_TOP_40
8
0
10
0
20
0
3
SYM_TOP_40
70
64
0
TEXT
8
SYM_NAME
10
0
20
0
40
1.0668
1
VEMD2503
41
0.75
0
TEXT
8
SYM_PART_NAME_01
10
0
20
0
40
0.889
1
 
41
0.75
7
W0$127R0
0
TEXT
8
SYM_PART_TYPE_01
10
0
20
0
40
0.889
1
 
73
2
11
0
21
0
41
0.75
7
W0$127R0
0
INSERT
2
PART_BODY_TOP_158
8
0
10
0
20
0
0
INSERT
2
STK_TOP_42
8
0
10
-2.5
20
0
0
TEXT
8
SYM_TERMINAL
10
0
20
-3.048
40
1.778
1
1
0
INSERT
2
STK_TOP_42
8
0
10
2.5
20
0
0
TEXT
8
SYM_TERMINAL
10
0
20
-6.096
40
1.778
1
2
0
INSERT
2
STK_TOP_55
8
0
10
0
20
0
0
TEXT
8
SYM_TERMINAL
10
0
20
-9.144
40
1.778
1
3
0
ENDBLK
0
BLOCK
2
PKG_35
8
0
10
0
20
0
3
PKG_35
70
64
0
TEXT
8
PKG_INFO
10
0
20
0
40
1.778
1
*SYM:= 40
0
TEXT
8
PKG_INFO
10
0
20
-3.048
40
1.778
1
*PKG:= 0 VEMD2503 UND
0
TEXT
8
PKG_INFO
10
0
20
-6.096
40
1.778
1
*GATE:=0
0
TEXT
8
PKG_INFO
10
0
20
-9.144
40
1.778
1
*GATEPIN:= 0 9 1 <>
0
TEXT
8
PKG_INFO
10
0
20
-12.192
40
1.778
1
*GATEPIN:= 0 9 2 <>
0
TEXT
8
PKG_INFO
10
0
20
-15.24
40
1.778
1
*GATEPIN:= 0 9 3 <>
0
ENDBLK
0
BLOCK
2
SYM_TOP_41
8
0
10
0
20
0
3
SYM_TOP_41
70
64
0
TEXT
8
SYM_NAME
10
0
20
0
40
1.0668
1
ECO-HOLE2.0_NTH
41
0.75
0
TEXT
8
SYM_PART_NAME_01
10
0
20
0
40
0.889
1
 
41
0.75
7
W0$127R0
0
TEXT
8
SYM_PART_TYPE_01
10
0
20
0
40
0.889
1
 
73
2
11
0
21
0
41
0.75
7
W0$127R0
0
INSERT
2
PART_BODY_TOP_159
8
0
10
0
20
0
0
INSERT
2
STK_TOP_55
8
0
10
0
20
0
0
TEXT
8
SYM_TERMINAL
10
0
20
-3.048
40
1.778
1
1
0
ENDBLK
0
BLOCK
2
PKG_36
8
0
10
0
20
0
3
PKG_36
70
64
0
TEXT
8
PKG_INFO
10
0
20
0
40
1.778
1
*SYM:= 41
0
TEXT
8
PKG_INFO
10
0
20
-3.048
40
1.778
1
*PKG:= 4 ECO-HOLE2.0_NTH ECO
0
TEXT
8
PKG_INFO
10
0
20
-6.096
40
1.778
1
*GATE:=0
0
TEXT
8
PKG_INFO
10
0
20
-9.144
40
1.778
1
*GATEPIN:= 0 9 1 <>
0
ENDBLK
0
BLOCK
2
SYM_BOT_42
8
0
10
0
20
0
3
SYM_BOT_42
70
64
0
TEXT
8
SYM_NAME
10
0
20
0
40
1.0668
1
VLMU1610-365
41
0.75
0
TEXT
8
SYM_PART_TYPE_01
10
0
20
0
40
0.875
1
 
72
1
73
1
11
0
21
0
41
0.75
7
W0$125R1
0
TEXT
8
SYM_PART_NAME_01
10
0
20
0
40
0.875
1
 
72
1
73
1
11
0
21
0
41
0.75
7
W0$125R1
0
INSERT
2
PART_BODY_BOT_160
8
0
10
0
20
0
0
INSERT
2
STK_BOT_44
8
0
10
0
20
0.575
0
TEXT
8
SYM_TERMINAL
10
0
20
-3.048
40
1.778
1
1
0
INSERT
2
STK_BOT_44
8
0
10
0
20
-0.575
0
TEXT
8
SYM_TERMINAL
10
0
20
-6.096
40
1.778
1
2
0
ENDBLK
0
BLOCK
2
PKG_37
8
0
10
0
20
0
3
PKG_37
70
64
0
TEXT
8
PKG_INFO
10
0
20
0
40
1.778
1
*SYM:= 42
0
TEXT
8
PKG_INFO
10
0
20
-3.048
40
1.778
1
*PKG:= 0 VLMU1610-365 UND
0
TEXT
8
PKG_INFO
10
0
20
-6.096
40
1.778
1
*GATE:=0
0
TEXT
8
PKG_INFO
10
0
20
-9.144
40
1.778
1
*GATEPIN:= 0 9 1 <>
0
TEXT
8
PKG_INFO
10
0
20
-12.192
40
1.778
1
*GATEPIN:= 0 9 2 <>
0
ENDBLK
0
BLOCK
2
SYM_TOP_43
8
0
10
0
20
0
3
SYM_TOP_43
70
64
0
TEXT
8
SYM_NAME
10
0
20
0
40
1.0668
1
ECO-HOLE3.5_NTH
41
0.75
0
TEXT
8
SYM_PART_NAME_01
10
0
20
0
40
0.889
1
 
41
0.75
7
W0$127R0
0
TEXT
8
SYM_PART_TYPE_01
10
0
20
0
40
0.889
1
 
73
2
11
0
21
0
41
0.75
7
W0$127R0
0
INSERT
2
PART_BODY_TOP_163
8
0
10
0
20
0
0
INSERT
2
STK_TOP_80
8
0
10
0
20
0
0
TEXT
8
SYM_TERMINAL
10
0
20
-3.048
40
1.778
1
1
0
ENDBLK
0
BLOCK
2
PKG_38
8
0
10
0
20
0
3
PKG_38
70
64
0
TEXT
8
PKG_INFO
10
0
20
0
40
1.778
1
*SYM:= 43
0
TEXT
8
PKG_INFO
10
0
20
-3.048
40
1.778
1
*PKG:= 4 ECO-HOLE3.5_NTH ECO
0
TEXT
8
PKG_INFO
10
0
20
-6.096
40
1.778
1
*GATE:=0
0
TEXT
8
PKG_INFO
10
0
20
-9.144
40
1.778
1
*GATEPIN:= 0 9 1 <>
0
ENDBLK
0
BLOCK
2
SYM_TOP_44
8
0
10
0
20
0
3
SYM_TOP_44
70
64
0
TEXT
8
SYM_NAME
10
0
20
0
40
1.0668
1
EMA4012S
41
0.75
0
TEXT
8
SYM_PART_NAME_01
10
0
20
0
40
0.875
1
 
73
1
11
0
21
0
41
0.75
7
W0$125R1
0
TEXT
8
SYM_PART_TYPE_01
10
0
20
0
40
0.889
1
 
73
2
11
0
21
0
41
0.75
7
W0$127R0
0
INSERT
2
PART_BODY_TOP_164
8
0
10
0
20
0
0
INSERT
2
STK_TOP_82
8
0
10
0
20
-1.85
0
TEXT
8
SYM_TERMINAL
10
0
20
-3.048
40
1.778
1
1
0
INSERT
2
STK_TOP_82
8
0
10
0
20
1.85
0
TEXT
8
SYM_TERMINAL
10
0
20
-6.096
40
1.778
1
2
0
ENDBLK
0
BLOCK
2
PKG_39
8
0
10
0
20
0
3
PKG_39
70
64
0
TEXT
8
PKG_INFO
10
0
20
0
40
1.778
1
*SYM:= 44
0
TEXT
8
PKG_INFO
10
0
20
-3.048
40
1.778
1
*PKG:= 0 EMA4012S UND
0
TEXT
8
PKG_INFO
10
0
20
-6.096
40
1.778
1
*GATE:=0
0
TEXT
8
PKG_INFO
10
0
20
-9.144
40
1.778
1
*GATEPIN:= 0 9 1 <>
0
TEXT
8
PKG_INFO
10
0
20
-12.192
40
1.778
1
*GATEPIN:= 0 9 2 <>
0
ENDBLK
0
BLOCK
2
SYM_TOP_45
8
0
10
0
20
0
3
SYM_TOP_45
70
64
0
TEXT
8
SYM_NAME
10
0
20
0
40
1.0668
1
B3U-1000P
41
0.75
0
TEXT
8
SYM_PART_TYPE_01
10
0
20
0
40
0.889
1
 
73
2
11
0
21
0
41
0.75
7
W0$127R0
0
TEXT
8
SYM_PART_NAME_01
10
0
20
0
40
0.889
1
 
41
0.75
7
W0$127R0
0
INSERT
2
PART_BODY_TOP_165
8
0
10
0
20
0
0
INSERT
2
STK_TOP_83
8
0
10
-1.7
20
0
0
TEXT
8
SYM_TERMINAL
10
0
20
-3.048
40
1.778
1
1
0
INSERT
2
STK_TOP_83
8
0
10
1.7
20
0
0
TEXT
8
SYM_TERMINAL
10
0
20
-6.096
40
1.778
1
2
0
ENDBLK
0
BLOCK
2
PKG_40
8
0
10
0
20
0
3
PKG_40
70
64
0
TEXT
8
PKG_INFO
10
0
20
0
40
1.778
1
*SYM:= 45
0
TEXT
8
PKG_INFO
10
0
20
-3.048
40
1.778
1
*PKG:= 0 B3U-1000P UND
0
TEXT
8
PKG_INFO
10
0
20
-6.096
40
1.778
1
*GATE:=0
0
TEXT
8
PKG_INFO
10
0
20
-9.144
40
1.778
1
*GATEPIN:= 0 9 1 <>
0
TEXT
8
PKG_INFO
10
0
20
-12.192
40
1.778
1
*GATEPIN:= 0 9 2 <>
0
ENDBLK
0
BLOCK
2
SYM_BOT_46
8
0
10
0
20
0
3
SYM_BOT_46
70
64
0
TEXT
8
SYM_NAME
10
0
20
0
40
1.0668
1
53398-02
41
0.75
0
TEXT
8
SYM_PART_TYPE_01
10
3.625
20
-0.05
40
1.05
1
 
73
1
11
3.625
21
-0.05
41
0.75
7
W0$15R1
0
TEXT
8
SYM_PART_NAME_01
10
0
20
0
40
0.875
1
 
73
1
11
0
21
0
41
0.75
7
W0$125R1
0
TEXT
8
SYM_PART_NAME_27
10
5.075
20
0.1
40
1.4
1
 
72
1
73
1
11
5.075
21
0.1
41
0.75
7
W0$2R1
0
INSERT
2
PART_BODY_BOT_167
8
0
10
0
20
0
0
INSERT
2
STK_BOT_87
8
0
10
-0.625
20
2.65
0
TEXT
8
SYM_TERMINAL
10
0
20
-3.048
40
1.778
1
1
0
INSERT
2
STK_BOT_87
8
0
10
0.625
20
2.65
0
TEXT
8
SYM_TERMINAL
10
0
20
-6.096
40
1.778
1
2
0
INSERT
2
STK_BOT_5
8
0
10
-3.175
20
0
0
TEXT
8
SYM_TERMINAL
10
0
20
-9.144
40
1.778
1
3
0
INSERT
2
STK_BOT_5
8
0
10
3.175
20
0
0
TEXT
8
SYM_TERMINAL
10
0
20
-12.192
40
1.778
1
4
0
ENDBLK
0
BLOCK
2
PKG_41
8
0
10
0
20
0
3
PKG_41
70
64
0
TEXT
8
PKG_INFO
10
0
20
0
40
1.778
1
*SYM:= 46
0
TEXT
8
PKG_INFO
10
0
20
-3.048
40
1.778
1
*PKG:= 0 53398-02 UND
0
ENDBLK
0
BLOCK
2
SYM_TOP_46
8
0
10
0
20
0
3
SYM_TOP_46
70
64
0
TEXT
8
SYM_NAME
10
0
20
0
40
1.0668
1
53398-02
41
0.75
0
TEXT
8
SYM_PART_TYPE_01
10
3.625
20
-0.05
40
1.05
1
 
73
1
11
3.625
21
-0.05
41
0.75
7
W0$15R1
0
TEXT
8
SYM_PART_NAME_01
10
0
20
0
40
0.875
1
 
73
1
11
0
21
0
41
0.75
7
W0$125R1
0
TEXT
8
SYM_PART_NAME_27
10
5.075
20
0.1
40
1.4
1
 
72
1
73
1
11
5.075
21
0.1
41
0.75
7
W0$2R1
0
INSERT
2
PART_BODY_TOP_167
8
0
10
0
20
0
0
INSERT
2
STK_TOP_87
8
0
10
-0.625
20
2.65
0
TEXT
8
SYM_TERMINAL
10
0
20
-3.048
40
1.778
1
1
0
INSERT
2
STK_TOP_87
8
0
10
0.625
20
2.65
0
TEXT
8
SYM_TERMINAL
10
0
20
-6.096
40
1.778
1
2
0
INSERT
2
STK_TOP_5
8
0
10
-3.175
20
0
0
TEXT
8
SYM_TERMINAL
10
0
20
-9.144
40
1.778
1
3
0
INSERT
2
STK_TOP_5
8
0
10
3.175
20
0
0
TEXT
8
SYM_TERMINAL
10
0
20
-12.192
40
1.778
1
4
0
ENDBLK
0
BLOCK
2
SYM_TOP_47
8
0
10
0
20
0
3
SYM_TOP_47
70
64
0
TEXT
8
SYM_NAME
10
0
20
0
40
1.0668
1
ECO-HOLE1.7_NTH
41
0.75
0
TEXT
8
SYM_PART_NAME_01
10
0
20
0
40
0.889
1
 
41
0.75
7
W0$127R0
0
TEXT
8
SYM_PART_TYPE_01
10
0
20
0
40
0.889
1
 
73
2
11
0
21
0
41
0.75
7
W0$127R0
0
INSERT
2
PART_BODY_TOP_173
8
0
10
0
20
0
0
INSERT
2
STK_TOP_89
8
0
10
0
20
0
0
TEXT
8
SYM_TERMINAL
10
0
20
-3.048
40
1.778
1
1
0
ENDBLK
0
BLOCK
2
PKG_42
8
0
10
0
20
0
3
PKG_42
70
64
0
TEXT
8
PKG_INFO
10
0
20
0
40
1.778
1
*SYM:= 47
0
TEXT
8
PKG_INFO
10
0
20
-3.048
40
1.778
1
*PKG:= 4 ECO-HOLE1.7_NTH ECO
0
TEXT
8
PKG_INFO
10
0
20
-6.096
40
1.778
1
*GATE:=0
0
TEXT
8
PKG_INFO
10
0
20
-9.144
40
1.778
1
*GATEPIN:= 0 9 1 <>
0
ENDBLK
0
BLOCK
2
PART_BODY_TOP_65
8
0
10
0
20
0
3
PART_BODY_TOP_65
70
64
0
POLYLINE
8
PART_TOP_2DLINE_01
66
1
40
0.125
41
0.125
70
1
0
VERTEX
8
PART_TOP_2DLINE_01
10
-2.125
20
-2.1
0
VERTEX
8
PART_TOP_2DLINE_01
10
2.125
20
-2.1
0
VERTEX
8
PART_TOP_2DLINE_01
10
2.125
20
4.1
0
VERTEX
8
PART_TOP_2DLINE_01
10
-2.125
20
4.1
0
SEQEND
0
INSERT
2
SMOOTH_0$125
8
PART_TOP_2DLINE_01
10
-2.125
20
-2.1
0
INSERT
2
SMOOTH_0$125
8
PART_TOP_2DLINE_01
10
2.125
20
-2.1
0
INSERT
2
SMOOTH_0$125
8
PART_TOP_2DLINE_01
10
2.125
20
4.1
0
INSERT
2
SMOOTH_0$125
8
PART_TOP_2DLINE_01
10
-2.125
20
4.1
0
POLYLINE
8
PART_TOP_2DLINE_01
66
1
40
0.125
41
0.125
0
VERTEX
8
PART_TOP_2DLINE_01
10
-2.125
20
2.1
0
VERTEX
8
PART_TOP_2DLINE_01
10
-4.55
20
2.1
0
VERTEX
8
PART_TOP_2DLINE_01
10
-4.55
20
-1.7
0
VERTEX
8
PART_TOP_2DLINE_01
10
-2.125
20
-1.7
0
SEQEND
0
INSERT
2
SMOOTH_0$125
8
PART_TOP_2DLINE_01
10
-2.125
20
2.1
0
INSERT
2
SMOOTH_0$125
8
PART_TOP_2DLINE_01
10
-4.55
20
2.1
0
INSERT
2
SMOOTH_0$125
8
PART_TOP_2DLINE_01
10
-4.55
20
-1.7
0
INSERT
2
SMOOTH_0$125
8
PART_TOP_2DLINE_01
10
-2.125
20
-1.7
0
POLYLINE
8
PART_TOP_2DLINE_01
66
1
40
0.125
41
0.125
0
VERTEX
8
PART_TOP_2DLINE_01
10
2.125
20
2.1
0
VERTEX
8
PART_TOP_2DLINE_01
10
4.55
20
2.1
0
VERTEX
8
PART_TOP_2DLINE_01
10
4.55
20
-1.7
0
VERTEX
8
PART_TOP_2DLINE_01
10
2.125
20
-1.7
0
SEQEND
0
INSERT
2
SMOOTH_0$125
8
PART_TOP_2DLINE_01
10
2.125
20
2.1
0
INSERT
2
SMOOTH_0$125
8
PART_TOP_2DLINE_01
10
4.55
20
2.1
0
INSERT
2
SMOOTH_0$125
8
PART_TOP_2DLINE_01
10
4.55
20
-1.7
0
INSERT
2
SMOOTH_0$125
8
PART_TOP_2DLINE_01
10
2.125
20
-1.7
0
POLYLINE
8
PART_TOP_2DLINE_01
66
1
40
0.125
41
0.125
70
1
0
VERTEX
8
PART_TOP_2DLINE_01
10
-0.725
20
4.65
42
1
0
VERTEX
8
PART_TOP_2DLINE_01
10
-0.475
20
4.65
42
1
0
SEQEND
0
POLYLINE
8
PART_TOP_2DLINE_27
66
1
40
0.125
41
0.125
70
1
0
VERTEX
8
PART_TOP_2DLINE_27
10
-0.725
20
4.65
42
1
0
VERTEX
8
PART_TOP_2DLINE_27
10
-0.475
20
4.65
42
1
0
SEQEND
0
POLYLINE
8
KEEPOUT_01
6
KEEPOUT_00011100$0
66
1
70
1
0
VERTEX
8
KEEPOUT_01
10
-2.125
20
2.5
0
VERTEX
8
KEEPOUT_01
10
-1.125
20
2.5
0
VERTEX
8
KEEPOUT_01
10
-1.125
20
0.7
0
VERTEX
8
KEEPOUT_01
10
-2.125
20
0.7
0
SEQEND
0
POLYLINE
8
KEEPOUT_01
6
KEEPOUT_00011100$0
66
1
70
1
0
VERTEX
8
KEEPOUT_01
10
-2.125
20
-0.7
0
VERTEX
8
KEEPOUT_01
10
-1.125
20
-0.7
0
VERTEX
8
KEEPOUT_01
10
-1.125
20
-2.5
0
VERTEX
8
KEEPOUT_01
10
-2.125
20
-2.5
0
SEQEND
0
POLYLINE
8
KEEPOUT_01
6
KEEPOUT_00011100$0
66
1
70
1
0
VERTEX
8
KEEPOUT_01
10
1.125
20
2.5
0
VERTEX
8
KEEPOUT_01
10
2.125
20
2.5
0
VERTEX
8
KEEPOUT_01
10
2.125
20
0.7
0
VERTEX
8
KEEPOUT_01
10
1.125
20
0.7
0
SEQEND
0
POLYLINE
8
KEEPOUT_01
6
KEEPOUT_00011100$0
66
1
70
1
0
VERTEX
8
KEEPOUT_01
10
1.125
20
-0.7
0
VERTEX
8
KEEPOUT_01
10
2.125
20
-0.7
0
VERTEX
8
KEEPOUT_01
10
2.125
20
-2.5
0
VERTEX
8
KEEPOUT_01
10
1.125
20
-2.5
0
SEQEND
0
ENDBLK
0
BLOCK
2
STK_TOP_6
8
0
10
0
20
0
3
STK_TOP_6
70
64
0
INSERT
2
DRIL_HOLE_0
8
DRIL_NPLTE_THRU_01
10
0
20
0
0
INSERT
2
DRIL_HOLE_0
8
DRIL_NPLTE_THRU_02
10
0
20
0
0
INSERT
2
DRIL_HOLE_0
8
DRIL_NPLTE_THRU_03
10
0
20
0
0
INSERT
2
DRIL_HOLE_0
8
DRIL_NPLTE_THRU_04
10
0
20
0
0
INSERT
2
PAD_0
8
PADS_INNER
10
0
20
0
0
INSERT
2
PAD_0
8
PADS_BOT
10
0
20
0
0
INSERT
2
PAD_1
8
PADS_TOP
10
0
20
0
50
90
0
ENDBLK
0
BLOCK
2
STK_TOP_5
8
0
10
0
20
0
3
STK_TOP_5
70
64
0
INSERT
2
DRIL_HOLE_0
8
DRIL_NPLTE_THRU_01
10
0
20
0
0
INSERT
2
DRIL_HOLE_0
8
DRIL_NPLTE_THRU_02
10
0
20
0
0
INSERT
2
DRIL_HOLE_0
8
DRIL_NPLTE_THRU_03
10
0
20
0
0
INSERT
2
DRIL_HOLE_0
8
DRIL_NPLTE_THRU_04
10
0
20
0
0
INSERT
2
PAD_0
8
PADS_INNER
10
0
20
0
0
INSERT
2
PAD_0
8
PADS_BOT
10
0
20
0
0
INSERT
2
PAD_2
8
PADS_TOP
10
0
20
0
50
90
0
ENDBLK
0
BLOCK
2
SYM_TOP_4
8
0
10
0
20
0
3
SYM_TOP_4
70
64
0
TEXT
8
SYM_NAME
10
0
20
0
40
1.0668
1
53261-02_B
41
0.75
0
TEXT
8
SYM_PART_TYPE_01
10
0
20
0
40
0.875
1
 
72
1
73
1
11
0
21
0
41
0.75
7
W0$125R1
0
TEXT
8
SYM_PART_NAME_01
10
0
20
0
40
0.875
1
 
72
1
73
1
11
0
21
0
41
0.75
7
W0$125R1
0
INSERT
2
PART_BODY_TOP_66
8
0
10
0
20
0
0
INSERT
2
STK_TOP_6
8
0
10
0.625
20
2.9
0
TEXT
8
SYM_TERMINAL
10
0
20
-3.048
40
1.778
1
1
0
INSERT
2
STK_TOP_6
8
0
10
-0.625
20
2.9
0
TEXT
8
SYM_TERMINAL
10
0
20
-6.096
40
1.778
1
2
0
INSERT
2
STK_TOP_5
8
0
10
3.175
20
0
0
TEXT
8
SYM_TERMINAL
10
0
20
-9.144
40
1.778
1
3
0
INSERT
2
STK_TOP_5
8
0
10
-3.175
20
0
0
TEXT
8
SYM_TERMINAL
10
0
20
-12.192
40
1.778
1
4
0
ENDBLK
0
BLOCK
2
PART_BODY_TOP_67
8
0
10
0
20
0
3
PART_BODY_TOP_67
70
64
0
POLYLINE
8
PART_TOP_2DLINE_01
66
1
40
0.125
41
0.125
70
1
0
VERTEX
8
PART_TOP_2DLINE_01
10
-2.15
20
-1.9
0
VERTEX
8
PART_TOP_2DLINE_01
10
2.15
20
-1.9
0
VERTEX
8
PART_TOP_2DLINE_01
10
2.15
20
4.1
0
VERTEX
8
PART_TOP_2DLINE_01
10
-2.15
20
4.1
0
SEQEND
0
INSERT
2
SMOOTH_0$125
8
PART_TOP_2DLINE_01
10
-2.15
20
-1.9
0
INSERT
2
SMOOTH_0$125
8
PART_TOP_2DLINE_01
10
2.15
20
-1.9
0
INSERT
2
SMOOTH_0$125
8
PART_TOP_2DLINE_01
10
2.15
20
4.1
0
INSERT
2
SMOOTH_0$125
8
PART_TOP_2DLINE_01
10
-2.15
20
4.1
0
POLYLINE
8
PART_TOP_2DLINE_01
66
1
40
0.125
41
0.125
0
VERTEX
8
PART_TOP_2DLINE_01
10
-2.15
20
1.9
0
VERTEX
8
PART_TOP_2DLINE_01
10
-5.35
20
1.9
0
VERTEX
8
PART_TOP_2DLINE_01
10
-5.35
20
-1.9
0
VERTEX
8
PART_TOP_2DLINE_01
10
-2.15
20
-1.9
0
SEQEND
0
INSERT
2
SMOOTH_0$125
8
PART_TOP_2DLINE_01
10
-2.15
20
1.9
0
INSERT
2
SMOOTH_0$125
8
PART_TOP_2DLINE_01
10
-5.35
20
1.9
0
INSERT
2
SMOOTH_0$125
8
PART_TOP_2DLINE_01
10
-5.35
20
-1.9
0
INSERT
2
SMOOTH_0$125
8
PART_TOP_2DLINE_01
10
-2.15
20
-1.9
0
POLYLINE
8
PART_TOP_2DLINE_01
66
1
40
0.125
41
0.125
0
VERTEX
8
PART_TOP_2DLINE_01
10
2.15
20
1.9
0
VERTEX
8
PART_TOP_2DLINE_01
10
5.35
20
1.9
0
VERTEX
8
PART_TOP_2DLINE_01
10
5.35
20
-1.9
0
VERTEX
8
PART_TOP_2DLINE_01
10
2.15
20
-1.9
0
SEQEND
0
INSERT
2
SMOOTH_0$125
8
PART_TOP_2DLINE_01
10
2.15
20
1.9
0
INSERT
2
SMOOTH_0$125
8
PART_TOP_2DLINE_01
10
5.35
20
1.9
0
INSERT
2
SMOOTH_0$125
8
PART_TOP_2DLINE_01
10
5.35
20
-1.9
0
INSERT
2
SMOOTH_0$125
8
PART_TOP_2DLINE_01
10
2.15
20
-1.9
0
POLYLINE
8
PART_TOP_2DLINE_20
66
1
40
0.125
41
0.125
0
VERTEX
8
PART_TOP_2DLINE_20
10
4.35
20
0.5
0
VERTEX
8
PART_TOP_2DLINE_20
10
4.35
20
-0.5
0
SEQEND
0
INSERT
2
SMOOTH_0$125
8
PART_TOP_2DLINE_20
10
4.35
20
0.5
0
INSERT
2
SMOOTH_0$125
8
PART_TOP_2DLINE_20
10
4.35
20
-0.5
0
POLYLINE
8
PART_TOP_2DLINE_20
66
1
40
0.125
41
0.125
0
VERTEX
8
PART_TOP_2DLINE_20
10
3.85
20
0
0
VERTEX
8
PART_TOP_2DLINE_20
10
4.85
20
0
0
SEQEND
0
INSERT
2
SMOOTH_0$125
8
PART_TOP_2DLINE_20
10
3.85
20
0
0
INSERT
2
SMOOTH_0$125
8
PART_TOP_2DLINE_20
10
4.85
20
0
0
POLYLINE
8
PART_TOP_2DLINE_00
66
1
40
0.125
41
0.125
70
1
0
VERTEX
8
PART_TOP_2DLINE_00
10
-1.25
20
4.25
0
VERTEX
8
PART_TOP_2DLINE_00
10
-1.75
20
4.75
0
VERTEX
8
PART_TOP_2DLINE_00
10
-0.75
20
4.75
0
SEQEND
0
INSERT
2
SMOOTH_0$125
8
PART_TOP_2DLINE_00
10
-1.25
20
4.25
0
INSERT
2
SMOOTH_0$125
8
PART_TOP_2DLINE_00
10
-1.75
20
4.75
0
INSERT
2
SMOOTH_0$125
8
PART_TOP_2DLINE_00
10
-0.75
20
4.75
0
ENDBLK
0
BLOCK
2
PART_BODY_TOP_68
8
0
10
0
20
0
3
PART_BODY_TOP_68
70
64
0
POLYLINE
8
PART_TOP_2DLINE_01
66
1
40
0.125
41
0.125
70
1
0
VERTEX
8
PART_TOP_2DLINE_01
10
-2.775
20
-1.9
0
VERTEX
8
PART_TOP_2DLINE_01
10
2.775
20
-1.9
0
VERTEX
8
PART_TOP_2DLINE_01
10
2.775
20
4.1
0
VERTEX
8
PART_TOP_2DLINE_01
10
-2.775
20
4.1
0
SEQEND
0
INSERT
2
SMOOTH_0$125
8
PART_TOP_2DLINE_01
10
-2.775
20
-1.9
0
INSERT
2
SMOOTH_0$125
8
PART_TOP_2DLINE_01
10
2.775
20
-1.9
0
INSERT
2
SMOOTH_0$125
8
PART_TOP_2DLINE_01
10
2.775
20
4.1
0
INSERT
2
SMOOTH_0$125
8
PART_TOP_2DLINE_01
10
-2.775
20
4.1
0
POLYLINE
8
PART_TOP_2DLINE_01
66
1
40
0.125
41
0.125
0
VERTEX
8
PART_TOP_2DLINE_01
10
-2.775
20
1.9
0
VERTEX
8
PART_TOP_2DLINE_01
10
-5.975
20
1.9
0
VERTEX
8
PART_TOP_2DLINE_01
10
-5.975
20
-1.9
0
VERTEX
8
PART_TOP_2DLINE_01
10
-2.775
20
-1.9
0
SEQEND
0
INSERT
2
SMOOTH_0$125
8
PART_TOP_2DLINE_01
10
-2.775
20
1.9
0
INSERT
2
SMOOTH_0$125
8
PART_TOP_2DLINE_01
10
-5.975
20
1.9
0
INSERT
2
SMOOTH_0$125
8
PART_TOP_2DLINE_01
10
-5.975
20
-1.9
0
INSERT
2
SMOOTH_0$125
8
PART_TOP_2DLINE_01
10
-2.775
20
-1.9
0
POLYLINE
8
PART_TOP_2DLINE_01
66
1
40
0.125
41
0.125
0
VERTEX
8
PART_TOP_2DLINE_01
10
2.75
20
1.9
0
VERTEX
8
PART_TOP_2DLINE_01
10
5.95
20
1.9
0
VERTEX
8
PART_TOP_2DLINE_01
10
5.95
20
-1.9
0
VERTEX
8
PART_TOP_2DLINE_01
10
2.75
20
-1.9
0
SEQEND
0
INSERT
2
SMOOTH_0$125
8
PART_TOP_2DLINE_01
10
2.75
20
1.9
0
INSERT
2
SMOOTH_0$125
8
PART_TOP_2DLINE_01
10
5.95
20
1.9
0
INSERT
2
SMOOTH_0$125
8
PART_TOP_2DLINE_01
10
5.95
20
-1.9
0
INSERT
2
SMOOTH_0$125
8
PART_TOP_2DLINE_01
10
2.75
20
-1.9
0
POLYLINE
8
PART_TOP_2DLINE_20
66
1
40
0.125
41
0.125
0
VERTEX
8
PART_TOP_2DLINE_20
10
3.725
20
0.5
0
VERTEX
8
PART_TOP_2DLINE_20
10
3.725
20
-0.5
0
SEQEND
0
INSERT
2
SMOOTH_0$125
8
PART_TOP_2DLINE_20
10
3.725
20
0.5
0
INSERT
2
SMOOTH_0$125
8
PART_TOP_2DLINE_20
10
3.725
20
-0.5
0
POLYLINE
8
PART_TOP_2DLINE_20
66
1
40
0.125
41
0.125
0
VERTEX
8
PART_TOP_2DLINE_20
10
3.225
20
0
0
VERTEX
8
PART_TOP_2DLINE_20
10
4.225
20
0
0
SEQEND
0
INSERT
2
SMOOTH_0$125
8
PART_TOP_2DLINE_20
10
3.225
20
0
0
INSERT
2
SMOOTH_0$125
8
PART_TOP_2DLINE_20
10
4.225
20
0
0
POLYLINE
8
PART_TOP_2DLINE_00
66
1
40
0.125
41
0.125
70
1
0
VERTEX
8
PART_TOP_2DLINE_00
10
-1.875
20
4.25
0
VERTEX
8
PART_TOP_2DLINE_00
10
-2.375
20
4.75
0
VERTEX
8
PART_TOP_2DLINE_00
10
-1.375
20
4.75
0
SEQEND
0
INSERT
2
SMOOTH_0$125
8
PART_TOP_2DLINE_00
10
-1.875
20
4.25
0
INSERT
2
SMOOTH_0$125
8
PART_TOP_2DLINE_00
10
-2.375
20
4.75
0
INSERT
2
SMOOTH_0$125
8
PART_TOP_2DLINE_00
10
-1.375
20
4.75
0
ENDBLK
0
BLOCK
2
PART_BODY_TOP_69
8
0
10
0
20
0
3
PART_BODY_TOP_69
70
64
0
POLYLINE
8
PART_TOP_2DLINE_01
66
1
40
0.125
41
0.125
70
1
0
VERTEX
8
PART_TOP_2DLINE_01
10
-3.4
20
-1.9
0
VERTEX
8
PART_TOP_2DLINE_01
10
3.4
20
-1.9
0
VERTEX
8
PART_TOP_2DLINE_01
10
3.4
20
4.1
0
VERTEX
8
PART_TOP_2DLINE_01
10
-3.4
20
4.1
0
SEQEND
0
INSERT
2
SMOOTH_0$125
8
PART_TOP_2DLINE_01
10
-3.4
20
-1.9
0
INSERT
2
SMOOTH_0$125
8
PART_TOP_2DLINE_01
10
3.4
20
-1.9
0
INSERT
2
SMOOTH_0$125
8
PART_TOP_2DLINE_01
10
3.4
20
4.1
0
INSERT
2
SMOOTH_0$125
8
PART_TOP_2DLINE_01
10
-3.4
20
4.1
0
POLYLINE
8
PART_TOP_2DLINE_01
66
1
40
0.125
41
0.125
0
VERTEX
8
PART_TOP_2DLINE_01
10
-3.4
20
1.9
0
VERTEX
8
PART_TOP_2DLINE_01
10
-6.6
20
1.9
0
VERTEX
8
PART_TOP_2DLINE_01
10
-6.6
20
-1.9
0
VERTEX
8
PART_TOP_2DLINE_01
10
-3.4
20
-1.9
0
SEQEND
0
INSERT
2
SMOOTH_0$125
8
PART_TOP_2DLINE_01
10
-3.4
20
1.9
0
INSERT
2
SMOOTH_0$125
8
PART_TOP_2DLINE_01
10
-6.6
20
1.9
0
INSERT
2
SMOOTH_0$125
8
PART_TOP_2DLINE_01
10
-6.6
20
-1.9
0
INSERT
2
SMOOTH_0$125
8
PART_TOP_2DLINE_01
10
-3.4
20
-1.9
0
POLYLINE
8
PART_TOP_2DLINE_01
66
1
40
0.125
41
0.125
0
VERTEX
8
PART_TOP_2DLINE_01
10
3.4
20
1.9
0
VERTEX
8
PART_TOP_2DLINE_01
10
6.6
20
1.9
0
VERTEX
8
PART_TOP_2DLINE_01
10
6.6
20
-1.9
0
VERTEX
8
PART_TOP_2DLINE_01
10
2.125
20
-1.9
0
SEQEND
0
INSERT
2
SMOOTH_0$125
8
PART_TOP_2DLINE_01
10
3.4
20
1.9
0
INSERT
2
SMOOTH_0$125
8
PART_TOP_2DLINE_01
10
6.6
20
1.9
0
INSERT
2
SMOOTH_0$125
8
PART_TOP_2DLINE_01
10
6.6
20
-1.9
0
INSERT
2
SMOOTH_0$125
8
PART_TOP_2DLINE_01
10
2.125
20
-1.9
0
POLYLINE
8
PART_TOP_2DLINE_20
66
1
40
0.125
41
0.125
0
VERTEX
8
PART_TOP_2DLINE_20
10
3.1
20
0.5
0
VERTEX
8
PART_TOP_2DLINE_20
10
3.1
20
-0.5
0
SEQEND
0
INSERT
2
SMOOTH_0$125
8
PART_TOP_2DLINE_20
10
3.1
20
0.5
0
INSERT
2
SMOOTH_0$125
8
PART_TOP_2DLINE_20
10
3.1
20
-0.5
0
POLYLINE
8
PART_TOP_2DLINE_20
66
1
40
0.125
41
0.125
0
VERTEX
8
PART_TOP_2DLINE_20
10
2.6
20
0
0
VERTEX
8
PART_TOP_2DLINE_20
10
3.6
20
0
0
SEQEND
0
INSERT
2
SMOOTH_0$125
8
PART_TOP_2DLINE_20
10
2.6
20
0
0
INSERT
2
SMOOTH_0$125
8
PART_TOP_2DLINE_20
10
3.6
20
0
0
POLYLINE
8
PART_TOP_2DLINE_00
66
1
40
0.125
41
0.125
70
1
0
VERTEX
8
PART_TOP_2DLINE_00
10
-2.5
20
4.25
0
VERTEX
8
PART_TOP_2DLINE_00
10
-3
20
4.75
0
VERTEX
8
PART_TOP_2DLINE_00
10
-2
20
4.75
0
SEQEND
0
INSERT
2
SMOOTH_0$125
8
PART_TOP_2DLINE_00
10
-2.5
20
4.25
0
INSERT
2
SMOOTH_0$125
8
PART_TOP_2DLINE_00
10
-3
20
4.75
0
INSERT
2
SMOOTH_0$125
8
PART_TOP_2DLINE_00
10
-2
20
4.75
0
ENDBLK
0
BLOCK
2
PART_BODY_BOT_70
8
0
10
0
20
0
3
PART_BODY_BOT_70
70
64
0
POLYLINE
8
PART_BOT_2DLINE_00
66
1
40
0.125
41
0.125
39
-0.127
0
VERTEX
8
PART_BOT_2DLINE_00
10
0
20
-3.25
0
VERTEX
8
PART_BOT_2DLINE_00
10
0
20
0
0
VERTEX
8
PART_BOT_2DLINE_00
10
8
20
0
0
VERTEX
8
PART_BOT_2DLINE_00
10
8
20
-3.25
0
SEQEND
0
INSERT
2
SMOOTH_0$125
8
PART_BOT_2DLINE_00
10
0
20
-3.25
0
INSERT
2
SMOOTH_0$125
8
PART_BOT_2DLINE_00
10
0
20
0
0
INSERT
2
SMOOTH_0$125
8
PART_BOT_2DLINE_00
10
8
20
0
0
INSERT
2
SMOOTH_0$125
8
PART_BOT_2DLINE_00
10
8
20
-3.25
0
POLYLINE
8
PART_BOT_2DLINE_00
66
1
40
0.125
41
0.125
39
-0.127
70
1
0
VERTEX
8
PART_BOT_2DLINE_00
10
-1.0828426667
20
-3.6
42
1
0
VERTEX
8
PART_BOT_2DLINE_00
10
-0.5171573333
20
-3.6
42
1
0
SEQEND
0
POLYLINE
8
PART_BOT_2DLINE_00
66
1
40
0.125
41
0.125
39
-0.127
0
VERTEX
8
PART_BOT_2DLINE_00
10
0
20
-3.3
0
VERTEX
8
PART_BOT_2DLINE_00
10
8
20
-3.3
0
SEQEND
0
INSERT
2
SMOOTH_0$125
8
PART_BOT_2DLINE_00
10
0
20
-3.3
0
INSERT
2
SMOOTH_0$125
8
PART_BOT_2DLINE_00
10
8
20
-3.3
0
POLYLINE
8
PART_BOT_2DLINE_00
66
1
40
0.125
41
0.125
39
-0.127
0
VERTEX
8
PART_BOT_2DLINE_00
10
0.2
20
-3.2
0
VERTEX
8
PART_BOT_2DLINE_00
10
0.2
20
-0.2
0
VERTEX
8
PART_BOT_2DLINE_00
10
7.8
20
-0.2
0
VERTEX
8
PART_BOT_2DLINE_00
10
7.8
20
-3.2
0
SEQEND
0
INSERT
2
SMOOTH_0$125
8
PART_BOT_2DLINE_00
10
0.2
20
-3.2
0
INSERT
2
SMOOTH_0$125
8
PART_BOT_2DLINE_00
10
0.2
20
-0.2
0
INSERT
2
SMOOTH_0$125
8
PART_BOT_2DLINE_00
10
7.8
20
-0.2
0
INSERT
2
SMOOTH_0$125
8
PART_BOT_2DLINE_00
10
7.8
20
-3.2
0
POLYLINE
8
PART_BOT_2DLINE_00
66
1
40
0.125
41
0.125
39
-0.127
0
VERTEX
8
PART_BOT_2DLINE_00
10
0
20
-3.9
0
VERTEX
8
PART_BOT_2DLINE_00
10
0
20
-4.5
0
SEQEND
0
INSERT
2
SMOOTH_0$125
8
PART_BOT_2DLINE_00
10
0
20
-3.9
0
INSERT
2
SMOOTH_0$125
8
PART_BOT_2DLINE_00
10
0
20
-4.5
0
POLYLINE
8
PART_BOT_2DLINE_00
66
1
40
0.125
41
0.125
39
-0.127
0
VERTEX
8
PART_BOT_2DLINE_00
10
0
20
-13.75
0
VERTEX
8
PART_BOT_2DLINE_00
10
0
20
-15
0
VERTEX
8
PART_BOT_2DLINE_00
10
0.15
20
-15
0
SEQEND
0
INSERT
2
SMOOTH_0$125
8
PART_BOT_2DLINE_00
10
0
20
-13.75
0
INSERT
2
SMOOTH_0$125
8
PART_BOT_2DLINE_00
10
0
20
-15
0
INSERT
2
SMOOTH_0$125
8
PART_BOT_2DLINE_00
10
0.15
20
-15
0
POLYLINE
8
PART_BOT_2DLINE_00
66
1
40
0.125
41
0.125
39
-0.127
0
VERTEX
8
PART_BOT_2DLINE_00
10
8
20
-13.75
0
VERTEX
8
PART_BOT_2DLINE_00
10
8
20
-15
0
VERTEX
8
PART_BOT_2DLINE_00
10
7.85
20
-15
0
SEQEND
0
INSERT
2
SMOOTH_0$125
8
PART_BOT_2DLINE_00
10
8
20
-13.75
0
INSERT
2
SMOOTH_0$125
8
PART_BOT_2DLINE_00
10
8
20
-15
0
INSERT
2
SMOOTH_0$125
8
PART_BOT_2DLINE_00
10
7.85
20
-15
0
POLYLINE
8
PART_BOT_2DLINE_00
66
1
40
0.125
41
0.125
39
-0.127
0
VERTEX
8
PART_BOT_2DLINE_00
10
0
20
-5
0
VERTEX
8
PART_BOT_2DLINE_00
10
0
20
-5.6
0
SEQEND
0
INSERT
2
SMOOTH_0$125
8
PART_BOT_2DLINE_00
10
0
20
-5
0
INSERT
2
SMOOTH_0$125
8
PART_BOT_2DLINE_00
10
0
20
-5.6
0
POLYLINE
8
PART_BOT_2DLINE_00
66
1
40
0.125
41
0.125
39
-0.127
0
VERTEX
8
PART_BOT_2DLINE_00
10
0
20
-6.1
0
VERTEX
8
PART_BOT_2DLINE_00
10
0
20
-6.7
0
SEQEND
0
INSERT
2
SMOOTH_0$125
8
PART_BOT_2DLINE_00
10
0
20
-6.1
0
INSERT
2
SMOOTH_0$125
8
PART_BOT_2DLINE_00
10
0
20
-6.7
0
POLYLINE
8
PART_BOT_2DLINE_00
66
1
40
0.125
41
0.125
39
-0.127
0
VERTEX
8
PART_BOT_2DLINE_00
10
0
20
-7.2
0
VERTEX
8
PART_BOT_2DLINE_00
10
0
20
-7.8
0
SEQEND
0
INSERT
2
SMOOTH_0$125
8
PART_BOT_2DLINE_00
10
0
20
-7.2
0
INSERT
2
SMOOTH_0$125
8
PART_BOT_2DLINE_00
10
0
20
-7.8
0
POLYLINE
8
PART_BOT_2DLINE_00
66
1
40
0.125
41
0.125
39
-0.127
0
VERTEX
8
PART_BOT_2DLINE_00
10
0
20
-8.3
0
VERTEX
8
PART_BOT_2DLINE_00
10
0
20
-8.9
0
SEQEND
0
INSERT
2
SMOOTH_0$125
8
PART_BOT_2DLINE_00
10
0
20
-8.3
0
INSERT
2
SMOOTH_0$125
8
PART_BOT_2DLINE_00
10
0
20
-8.9
0
POLYLINE
8
PART_BOT_2DLINE_00
66
1
40
0.125
41
0.125
39
-0.127
0
VERTEX
8
PART_BOT_2DLINE_00
10
0
20
-9.4
0
VERTEX
8
PART_BOT_2DLINE_00
10
0
20
-10
0
SEQEND
0
INSERT
2
SMOOTH_0$125
8
PART_BOT_2DLINE_00
10
0
20
-9.4
0
INSERT
2
SMOOTH_0$125
8
PART_BOT_2DLINE_00
10
0
20
-10
0
POLYLINE
8
PART_BOT_2DLINE_00
66
1
40
0.125
41
0.125
39
-0.127
0
VERTEX
8
PART_BOT_2DLINE_00
10
0
20
-10.5
0
VERTEX
8
PART_BOT_2DLINE_00
10
0
20
-11.1
0
SEQEND
0
INSERT
2
SMOOTH_0$125
8
PART_BOT_2DLINE_00
10
0
20
-10.5
0
INSERT
2
SMOOTH_0$125
8
PART_BOT_2DLINE_00
10
0
20
-11.1
0
POLYLINE
8
PART_BOT_2DLINE_00
66
1
40
0.125
41
0.125
39
-0.127
0
VERTEX
8
PART_BOT_2DLINE_00
10
0
20
-11.6
0
VERTEX
8
PART_BOT_2DLINE_00
10
0
20
-12.2
0
SEQEND
0
INSERT
2
SMOOTH_0$125
8
PART_BOT_2DLINE_00
10
0
20
-11.6
0
INSERT
2
SMOOTH_0$125
8
PART_BOT_2DLINE_00
10
0
20
-12.2
0
POLYLINE
8
PART_BOT_2DLINE_00
66
1
40
0.125
41
0.125
39
-0.127
0
VERTEX
8
PART_BOT_2DLINE_00
10
0
20
-12.7
0
VERTEX
8
PART_BOT_2DLINE_00
10
0
20
-13.3
0
SEQEND
0
INSERT
2
SMOOTH_0$125
8
PART_BOT_2DLINE_00
10
0
20
-12.7
0
INSERT
2
SMOOTH_0$125
8
PART_BOT_2DLINE_00
10
0
20
-13.3
0
POLYLINE
8
PART_BOT_2DLINE_00
66
1
40
0.125
41
0.125
39
-0.127
0
VERTEX
8
PART_BOT_2DLINE_00
10
0.2
20
-5
0
VERTEX
8
PART_BOT_2DLINE_00
10
0.2
20
-5.6
0
SEQEND
0
INSERT
2
SMOOTH_0$125
8
PART_BOT_2DLINE_00
10
0.2
20
-5
0
INSERT
2
SMOOTH_0$125
8
PART_BOT_2DLINE_00
10
0.2
20
-5.6
0
POLYLINE
8
PART_BOT_2DLINE_00
66
1
40
0.125
41
0.125
39
-0.127
0
VERTEX
8
PART_BOT_2DLINE_00
10
0.2
20
-6.1
0
VERTEX
8
PART_BOT_2DLINE_00
10
0.2
20
-6.7
0
SEQEND
0
INSERT
2
SMOOTH_0$125
8
PART_BOT_2DLINE_00
10
0.2
20
-6.1
0
INSERT
2
SMOOTH_0$125
8
PART_BOT_2DLINE_00
10
0.2
20
-6.7
0
POLYLINE
8
PART_BOT_2DLINE_00
66
1
40
0.125
41
0.125
39
-0.127
0
VERTEX
8
PART_BOT_2DLINE_00
10
0.2
20
-7.2
0
VERTEX
8
PART_BOT_2DLINE_00
10
0.2
20
-7.8
0
SEQEND
0
INSERT
2
SMOOTH_0$125
8
PART_BOT_2DLINE_00
10
0.2
20
-7.2
0
INSERT
2
SMOOTH_0$125
8
PART_BOT_2DLINE_00
10
0.2
20
-7.8
0
POLYLINE
8
PART_BOT_2DLINE_00
66
1
40
0.125
41
0.125
39
-0.127
0
VERTEX
8
PART_BOT_2DLINE_00
10
0.2
20
-8.3
0
VERTEX
8
PART_BOT_2DLINE_00
10
0.2
20
-8.9
0
SEQEND
0
INSERT
2
SMOOTH_0$125
8
PART_BOT_2DLINE_00
10
0.2
20
-8.3
0
INSERT
2
SMOOTH_0$125
8
PART_BOT_2DLINE_00
10
0.2
20
-8.9
0
POLYLINE
8
PART_BOT_2DLINE_00
66
1
40
0.125
41
0.125
39
-0.127
0
VERTEX
8
PART_BOT_2DLINE_00
10
0.2
20
-9.4
0
VERTEX
8
PART_BOT_2DLINE_00
10
0.2
20
-10
0
SEQEND
0
INSERT
2
SMOOTH_0$125
8
PART_BOT_2DLINE_00
10
0.2
20
-9.4
0
INSERT
2
SMOOTH_0$125
8
PART_BOT_2DLINE_00
10
0.2
20
-10
0
POLYLINE
8
PART_BOT_2DLINE_00
66
1
40
0.125
41
0.125
39
-0.127
0
VERTEX
8
PART_BOT_2DLINE_00
10
0.2
20
-10.5
0
VERTEX
8
PART_BOT_2DLINE_00
10
0.2
20
-11.1
0
SEQEND
0
INSERT
2
SMOOTH_0$125
8
PART_BOT_2DLINE_00
10
0.2
20
-10.5
0
INSERT
2
SMOOTH_0$125
8
PART_BOT_2DLINE_00
10
0.2
20
-11.1
0
POLYLINE
8
PART_BOT_2DLINE_00
66
1
40
0.125
41
0.125
39
-0.127
0
VERTEX
8
PART_BOT_2DLINE_00
10
0.2
20
-11.6
0
VERTEX
8
PART_BOT_2DLINE_00
10
0.2
20
-12.2
0
SEQEND
0
INSERT
2
SMOOTH_0$125
8
PART_BOT_2DLINE_00
10
0.2
20
-11.6
0
INSERT
2
SMOOTH_0$125
8
PART_BOT_2DLINE_00
10
0.2
20
-12.2
0
POLYLINE
8
PART_BOT_2DLINE_00
66
1
40
0.125
41
0.125
39
-0.127
0
VERTEX
8
PART_BOT_2DLINE_00
10
0.2
20
-12.7
0
VERTEX
8
PART_BOT_2DLINE_00
10
0.2
20
-13.3
0
SEQEND
0
INSERT
2
SMOOTH_0$125
8
PART_BOT_2DLINE_00
10
0.2
20
-12.7
0
INSERT
2
SMOOTH_0$125
8
PART_BOT_2DLINE_00
10
0.2
20
-13.3
0
POLYLINE
8
PART_BOT_2DLINE_00
66
1
40
0.125
41
0.125
39
-0.127
0
VERTEX
8
PART_BOT_2DLINE_00
10
0.2
20
-3.9
0
VERTEX
8
PART_BOT_2DLINE_00
10
0.2
20
-4.5
0
SEQEND
0
INSERT
2
SMOOTH_0$125
8
PART_BOT_2DLINE_00
10
0.2
20
-3.9
0
INSERT
2
SMOOTH_0$125
8
PART_BOT_2DLINE_00
10
0.2
20
-4.5
0
POLYLINE
8
PART_BOT_2DLINE_00
66
1
40
0.125
41
0.125
39
-0.127
0
VERTEX
8
PART_BOT_2DLINE_00
10
7.8
20
-3.9
0
VERTEX
8
PART_BOT_2DLINE_00
10
7.8
20
-4.5
0
SEQEND
0
INSERT
2
SMOOTH_0$125
8
PART_BOT_2DLINE_00
10
7.8
20
-3.9
0
INSERT
2
SMOOTH_0$125
8
PART_BOT_2DLINE_00
10
7.8
20
-4.5
0
POLYLINE
8
PART_BOT_2DLINE_00
66
1
40
0.125
41
0.125
39
-0.127
0
VERTEX
8
PART_BOT_2DLINE_00
10
8
20
-3.9
0
VERTEX
8
PART_BOT_2DLINE_00
10
8
20
-4.5
0
SEQEND
0
INSERT
2
SMOOTH_0$125
8
PART_BOT_2DLINE_00
10
8
20
-3.9
0
INSERT
2
SMOOTH_0$125
8
PART_BOT_2DLINE_00
10
8
20
-4.5
0
POLYLINE
8
PART_BOT_2DLINE_00
66
1
40
0.125
41
0.125
39
-0.127
0
VERTEX
8
PART_BOT_2DLINE_00
10
7.8
20
-5
0
VERTEX
8
PART_BOT_2DLINE_00
10
7.8
20
-5.6
0
SEQEND
0
INSERT
2
SMOOTH_0$125
8
PART_BOT_2DLINE_00
10
7.8
20
-5
0
INSERT
2
SMOOTH_0$125
8
PART_BOT_2DLINE_00
10
7.8
20
-5.6
0
POLYLINE
8
PART_BOT_2DLINE_00
66
1
40
0.125
41
0.125
39
-0.127
0
VERTEX
8
PART_BOT_2DLINE_00
10
8
20
-5
0
VERTEX
8
PART_BOT_2DLINE_00
10
8
20
-5.6
0
SEQEND
0
INSERT
2
SMOOTH_0$125
8
PART_BOT_2DLINE_00
10
8
20
-5
0
INSERT
2
SMOOTH_0$125
8
PART_BOT_2DLINE_00
10
8
20
-5.6
0
POLYLINE
8
PART_BOT_2DLINE_00
66
1
40
0.125
41
0.125
39
-0.127
0
VERTEX
8
PART_BOT_2DLINE_00
10
7.8
20
-6.1
0
VERTEX
8
PART_BOT_2DLINE_00
10
7.8
20
-6.7
0
SEQEND
0
INSERT
2
SMOOTH_0$125
8
PART_BOT_2DLINE_00
10
7.8
20
-6.1
0
INSERT
2
SMOOTH_0$125
8
PART_BOT_2DLINE_00
10
7.8
20
-6.7
0
POLYLINE
8
PART_BOT_2DLINE_00
66
1
40
0.125
41
0.125
39
-0.127
0
VERTEX
8
PART_BOT_2DLINE_00
10
8
20
-6.1
0
VERTEX
8
PART_BOT_2DLINE_00
10
8
20
-6.7
0
SEQEND
0
INSERT
2
SMOOTH_0$125
8
PART_BOT_2DLINE_00
10
8
20
-6.1
0
INSERT
2
SMOOTH_0$125
8
PART_BOT_2DLINE_00
10
8
20
-6.7
0
POLYLINE
8
PART_BOT_2DLINE_00
66
1
40
0.125
41
0.125
39
-0.127
0
VERTEX
8
PART_BOT_2DLINE_00
10
7.8
20
-7.2
0
VERTEX
8
PART_BOT_2DLINE_00
10
7.8
20
-7.8
0
SEQEND
0
INSERT
2
SMOOTH_0$125
8
PART_BOT_2DLINE_00
10
7.8
20
-7.2
0
INSERT
2
SMOOTH_0$125
8
PART_BOT_2DLINE_00
10
7.8
20
-7.8
0
POLYLINE
8
PART_BOT_2DLINE_00
66
1
40
0.125
41
0.125
39
-0.127
0
VERTEX
8
PART_BOT_2DLINE_00
10
8
20
-7.2
0
VERTEX
8
PART_BOT_2DLINE_00
10
8
20
-7.8
0
SEQEND
0
INSERT
2
SMOOTH_0$125
8
PART_BOT_2DLINE_00
10
8
20
-7.2
0
INSERT
2
SMOOTH_0$125
8
PART_BOT_2DLINE_00
10
8
20
-7.8
0
POLYLINE
8
PART_BOT_2DLINE_00
66
1
40
0.125
41
0.125
39
-0.127
0
VERTEX
8
PART_BOT_2DLINE_00
10
7.8
20
-8.3
0
VERTEX
8
PART_BOT_2DLINE_00
10
7.8
20
-8.9
0
SEQEND
0
INSERT
2
SMOOTH_0$125
8
PART_BOT_2DLINE_00
10
7.8
20
-8.3
0
INSERT
2
SMOOTH_0$125
8
PART_BOT_2DLINE_00
10
7.8
20
-8.9
0
POLYLINE
8
PART_BOT_2DLINE_00
66
1
40
0.125
41
0.125
39
-0.127
0
VERTEX
8
PART_BOT_2DLINE_00
10
8
20
-8.3
0
VERTEX
8
PART_BOT_2DLINE_00
10
8
20
-8.9
0
SEQEND
0
INSERT
2
SMOOTH_0$125
8
PART_BOT_2DLINE_00
10
8
20
-8.3
0
INSERT
2
SMOOTH_0$125
8
PART_BOT_2DLINE_00
10
8
20
-8.9
0
POLYLINE
8
PART_BOT_2DLINE_00
66
1
40
0.125
41
0.125
39
-0.127
0
VERTEX
8
PART_BOT_2DLINE_00
10
7.8
20
-9.4
0
VERTEX
8
PART_BOT_2DLINE_00
10
7.8
20
-10
0
SEQEND
0
INSERT
2
SMOOTH_0$125
8
PART_BOT_2DLINE_00
10
7.8
20
-9.4
0
INSERT
2
SMOOTH_0$125
8
PART_BOT_2DLINE_00
10
7.8
20
-10
0
POLYLINE
8
PART_BOT_2DLINE_00
66
1
40
0.125
41
0.125
39
-0.127
0
VERTEX
8
PART_BOT_2DLINE_00
10
8
20
-9.4
0
VERTEX
8
PART_BOT_2DLINE_00
10
8
20
-10
0
SEQEND
0
INSERT
2
SMOOTH_0$125
8
PART_BOT_2DLINE_00
10
8
20
-9.4
0
INSERT
2
SMOOTH_0$125
8
PART_BOT_2DLINE_00
10
8
20
-10
0
POLYLINE
8
PART_BOT_2DLINE_00
66
1
40
0.125
41
0.125
39
-0.127
0
VERTEX
8
PART_BOT_2DLINE_00
10
7.8
20
-10.5
0
VERTEX
8
PART_BOT_2DLINE_00
10
7.8
20
-11.1
0
SEQEND
0
INSERT
2
SMOOTH_0$125
8
PART_BOT_2DLINE_00
10
7.8
20
-10.5
0
INSERT
2
SMOOTH_0$125
8
PART_BOT_2DLINE_00
10
7.8
20
-11.1
0
POLYLINE
8
PART_BOT_2DLINE_00
66
1
40
0.125
41
0.125
39
-0.127
0
VERTEX
8
PART_BOT_2DLINE_00
10
8
20
-10.5
0
VERTEX
8
PART_BOT_2DLINE_00
10
8
20
-11.1
0
SEQEND
0
INSERT
2
SMOOTH_0$125
8
PART_BOT_2DLINE_00
10
8
20
-10.5
0
INSERT
2
SMOOTH_0$125
8
PART_BOT_2DLINE_00
10
8
20
-11.1
0
POLYLINE
8
PART_BOT_2DLINE_00
66
1
40
0.125
41
0.125
39
-0.127
0
VERTEX
8
PART_BOT_2DLINE_00
10
7.8
20
-11.6
0
VERTEX
8
PART_BOT_2DLINE_00
10
7.8
20
-12.2
0
SEQEND
0
INSERT
2
SMOOTH_0$125
8
PART_BOT_2DLINE_00
10
7.8
20
-11.6
0
INSERT
2
SMOOTH_0$125
8
PART_BOT_2DLINE_00
10
7.8
20
-12.2
0
POLYLINE
8
PART_BOT_2DLINE_00
66
1
40
0.125
41
0.125
39
-0.127
0
VERTEX
8
PART_BOT_2DLINE_00
10
8
20
-11.6
0
VERTEX
8
PART_BOT_2DLINE_00
10
8
20
-12.2
0
SEQEND
0
INSERT
2
SMOOTH_0$125
8
PART_BOT_2DLINE_00
10
8
20
-11.6
0
INSERT
2
SMOOTH_0$125
8
PART_BOT_2DLINE_00
10
8
20
-12.2
0
POLYLINE
8
PART_BOT_2DLINE_00
66
1
40
0.125
41
0.125
39
-0.127
0
VERTEX
8
PART_BOT_2DLINE_00
10
7.8
20
-12.7
0
VERTEX
8
PART_BOT_2DLINE_00
10
7.8
20
-13.3
0
SEQEND
0
INSERT
2
SMOOTH_0$125
8
PART_BOT_2DLINE_00
10
7.8
20
-12.7
0
INSERT
2
SMOOTH_0$125
8
PART_BOT_2DLINE_00
10
7.8
20
-13.3
0
POLYLINE
8
PART_BOT_2DLINE_00
66
1
40
0.125
41
0.125
39
-0.127
0
VERTEX
8
PART_BOT_2DLINE_00
10
8
20
-12.7
0
VERTEX
8
PART_BOT_2DLINE_00
10
8
20
-13.3
0
SEQEND
0
INSERT
2
SMOOTH_0$125
8
PART_BOT_2DLINE_00
10
8
20
-12.7
0
INSERT
2
SMOOTH_0$125
8
PART_BOT_2DLINE_00
10
8
20
-13.3
0
POLYLINE
8
PART_BOT_2DLINE_00
66
1
40
0.125
41
0.125
39
-0.127
0
VERTEX
8
PART_BOT_2DLINE_00
10
0.6
20
-15
0
VERTEX
8
PART_BOT_2DLINE_00
10
1
20
-15
0
SEQEND
0
INSERT
2
SMOOTH_0$125
8
PART_BOT_2DLINE_00
10
0.6
20
-15
0
INSERT
2
SMOOTH_0$125
8
PART_BOT_2DLINE_00
10
1
20
-15
0
POLYLINE
8
PART_BOT_2DLINE_00
66
1
40
0.125
41
0.125
39
-0.127
0
VERTEX
8
PART_BOT_2DLINE_00
10
0.6
20
-14.8
0
VERTEX
8
PART_BOT_2DLINE_00
10
1
20
-14.8
0
SEQEND
0
INSERT
2
SMOOTH_0$125
8
PART_BOT_2DLINE_00
10
0.6
20
-14.8
0
INSERT
2
SMOOTH_0$125
8
PART_BOT_2DLINE_00
10
1
20
-14.8
0
POLYLINE
8
PART_BOT_2DLINE_00
66
1
40
0.125
41
0.125
39
-0.127
0
VERTEX
8
PART_BOT_2DLINE_00
10
1.4
20
-15
0
VERTEX
8
PART_BOT_2DLINE_00
10
1.8
20
-15
0
SEQEND
0
INSERT
2
SMOOTH_0$125
8
PART_BOT_2DLINE_00
10
1.4
20
-15
0
INSERT
2
SMOOTH_0$125
8
PART_BOT_2DLINE_00
10
1.8
20
-15
0
POLYLINE
8
PART_BOT_2DLINE_00
66
1
40
0.125
41
0.125
39
-0.127
0
VERTEX
8
PART_BOT_2DLINE_00
10
1.4
20
-14.8
0
VERTEX
8
PART_BOT_2DLINE_00
10
1.8
20
-14.8
0
SEQEND
0
INSERT
2
SMOOTH_0$125
8
PART_BOT_2DLINE_00
10
1.4
20
-14.8
0
INSERT
2
SMOOTH_0$125
8
PART_BOT_2DLINE_00
10
1.8
20
-14.8
0
POLYLINE
8
PART_BOT_2DLINE_00
66
1
40
0.125
41
0.125
39
-0.127
0
VERTEX
8
PART_BOT_2DLINE_00
10
2.2
20
-15
0
VERTEX
8
PART_BOT_2DLINE_00
10
2.6
20
-15
0
SEQEND
0
INSERT
2
SMOOTH_0$125
8
PART_BOT_2DLINE_00
10
2.2
20
-15
0
INSERT
2
SMOOTH_0$125
8
PART_BOT_2DLINE_00
10
2.6
20
-15
0
POLYLINE
8
PART_BOT_2DLINE_00
66
1
40
0.125
41
0.125
39
-0.127
0
VERTEX
8
PART_BOT_2DLINE_00
10
2.2
20
-14.8
0
VERTEX
8
PART_BOT_2DLINE_00
10
2.6
20
-14.8
0
SEQEND
0
INSERT
2
SMOOTH_0$125
8
PART_BOT_2DLINE_00
10
2.2
20
-14.8
0
INSERT
2
SMOOTH_0$125
8
PART_BOT_2DLINE_00
10
2.6
20
-14.8
0
POLYLINE
8
PART_BOT_2DLINE_00
66
1
40
0.125
41
0.125
39
-0.127
0
VERTEX
8
PART_BOT_2DLINE_00
10
3
20
-15
0
VERTEX
8
PART_BOT_2DLINE_00
10
3.4
20
-15
0
SEQEND
0
INSERT
2
SMOOTH_0$125
8
PART_BOT_2DLINE_00
10
3
20
-15
0
INSERT
2
SMOOTH_0$125
8
PART_BOT_2DLINE_00
10
3.4
20
-15
0
POLYLINE
8
PART_BOT_2DLINE_00
66
1
40
0.125
41
0.125
39
-0.127
0
VERTEX
8
PART_BOT_2DLINE_00
10
3
20
-14.8
0
VERTEX
8
PART_BOT_2DLINE_00
10
3.4
20
-14.8
0
SEQEND
0
INSERT
2
SMOOTH_0$125
8
PART_BOT_2DLINE_00
10
3
20
-14.8
0
INSERT
2
SMOOTH_0$125
8
PART_BOT_2DLINE_00
10
3.4
20
-14.8
0
POLYLINE
8
PART_BOT_2DLINE_00
66
1
40
0.125
41
0.125
39
-0.127
0
VERTEX
8
PART_BOT_2DLINE_00
10
3.8
20
-15
0
VERTEX
8
PART_BOT_2DLINE_00
10
4.2
20
-15
0
SEQEND
0
INSERT
2
SMOOTH_0$125
8
PART_BOT_2DLINE_00
10
3.8
20
-15
0
INSERT
2
SMOOTH_0$125
8
PART_BOT_2DLINE_00
10
4.2
20
-15
0
POLYLINE
8
PART_BOT_2DLINE_00
66
1
40
0.125
41
0.125
39
-0.127
0
VERTEX
8
PART_BOT_2DLINE_00
10
3.8
20
-14.8
0
VERTEX
8
PART_BOT_2DLINE_00
10
4.2
20
-14.8
0
SEQEND
0
INSERT
2
SMOOTH_0$125
8
PART_BOT_2DLINE_00
10
3.8
20
-14.8
0
INSERT
2
SMOOTH_0$125
8
PART_BOT_2DLINE_00
10
4.2
20
-14.8
0
POLYLINE
8
PART_BOT_2DLINE_00
66
1
40
0.125
41
0.125
39
-0.127
0
VERTEX
8
PART_BOT_2DLINE_00
10
4.6
20
-15
0
VERTEX
8
PART_BOT_2DLINE_00
10
5
20
-15
0
SEQEND
0
INSERT
2
SMOOTH_0$125
8
PART_BOT_2DLINE_00
10
4.6
20
-15
0
INSERT
2
SMOOTH_0$125
8
PART_BOT_2DLINE_00
10
5
20
-15
0
POLYLINE
8
PART_BOT_2DLINE_00
66
1
40
0.125
41
0.125
39
-0.127
0
VERTEX
8
PART_BOT_2DLINE_00
10
4.6
20
-14.8
0
VERTEX
8
PART_BOT_2DLINE_00
10
5
20
-14.8
0
SEQEND
0
INSERT
2
SMOOTH_0$125
8
PART_BOT_2DLINE_00
10
4.6
20
-14.8
0
INSERT
2
SMOOTH_0$125
8
PART_BOT_2DLINE_00
10
5
20
-14.8
0
POLYLINE
8
PART_BOT_2DLINE_00
66
1
40
0.125
41
0.125
39
-0.127
0
VERTEX
8
PART_BOT_2DLINE_00
10
5.4
20
-15
0
VERTEX
8
PART_BOT_2DLINE_00
10
5.8
20
-15
0
SEQEND
0
INSERT
2
SMOOTH_0$125
8
PART_BOT_2DLINE_00
10
5.4
20
-15
0
INSERT
2
SMOOTH_0$125
8
PART_BOT_2DLINE_00
10
5.8
20
-15
0
POLYLINE
8
PART_BOT_2DLINE_00
66
1
40
0.125
41
0.125
39
-0.127
0
VERTEX
8
PART_BOT_2DLINE_00
10
5.4
20
-14.8
0
VERTEX
8
PART_BOT_2DLINE_00
10
5.8
20
-14.8
0
SEQEND
0
INSERT
2
SMOOTH_0$125
8
PART_BOT_2DLINE_00
10
5.4
20
-14.8
0
INSERT
2
SMOOTH_0$125
8
PART_BOT_2DLINE_00
10
5.8
20
-14.8
0
POLYLINE
8
PART_BOT_2DLINE_00
66
1
40
0.125
41
0.125
39
-0.127
0
VERTEX
8
PART_BOT_2DLINE_00
10
6.2
20
-15
0
VERTEX
8
PART_BOT_2DLINE_00
10
6.6
20
-15
0
SEQEND
0
INSERT
2
SMOOTH_0$125
8
PART_BOT_2DLINE_00
10
6.2
20
-15
0
INSERT
2
SMOOTH_0$125
8
PART_BOT_2DLINE_00
10
6.6
20
-15
0
POLYLINE
8
PART_BOT_2DLINE_00
66
1
40
0.125
41
0.125
39
-0.127
0
VERTEX
8
PART_BOT_2DLINE_00
10
6.2
20
-14.8
0
VERTEX
8
PART_BOT_2DLINE_00
10
6.6
20
-14.8
0
SEQEND
0
INSERT
2
SMOOTH_0$125
8
PART_BOT_2DLINE_00
10
6.2
20
-14.8
0
INSERT
2
SMOOTH_0$125
8
PART_BOT_2DLINE_00
10
6.6
20
-14.8
0
POLYLINE
8
PART_BOT_2DLINE_00
66
1
40
0.125
41
0.125
39
-0.127
0
VERTEX
8
PART_BOT_2DLINE_00
10
7
20
-15
0
VERTEX
8
PART_BOT_2DLINE_00
10
7.4
20
-15
0
SEQEND
0
INSERT
2
SMOOTH_0$125
8
PART_BOT_2DLINE_00
10
7
20
-15
0
INSERT
2
SMOOTH_0$125
8
PART_BOT_2DLINE_00
10
7.4
20
-15
0
POLYLINE
8
PART_BOT_2DLINE_00
66
1
40
0.125
41
0.125
39
-0.127
0
VERTEX
8
PART_BOT_2DLINE_00
10
7
20
-14.8
0
VERTEX
8
PART_BOT_2DLINE_00
10
7.4
20
-14.8
0
SEQEND
0
INSERT
2
SMOOTH_0$125
8
PART_BOT_2DLINE_00
10
7
20
-14.8
0
INSERT
2
SMOOTH_0$125
8
PART_BOT_2DLINE_00
10
7.4
20
-14.8
0
POLYLINE
8
PART_BOT_2DLINE_00
66
1
40
0.125
41
0.125
39
-0.127
0
VERTEX
8
PART_BOT_2DLINE_00
10
7.8
20
-13.75
0
VERTEX
8
PART_BOT_2DLINE_00
10
7.8
20
-14.35
0
SEQEND
0
INSERT
2
SMOOTH_0$125
8
PART_BOT_2DLINE_00
10
7.8
20
-13.75
0
INSERT
2
SMOOTH_0$125
8
PART_BOT_2DLINE_00
10
7.8
20
-14.35
0
POLYLINE
8
PART_BOT_2DLINE_00
66
1
40
0.125
41
0.125
39
-0.127
0
VERTEX
8
PART_BOT_2DLINE_00
10
0.2
20
-13.75
0
VERTEX
8
PART_BOT_2DLINE_00
10
0.2
20
-14.35
0
SEQEND
0
INSERT
2
SMOOTH_0$125
8
PART_BOT_2DLINE_00
10
0.2
20
-13.75
0
INSERT
2
SMOOTH_0$125
8
PART_BOT_2DLINE_00
10
0.2
20
-14.35
0
POLYLINE
8
KEEPOUT_00
6
KEEPOUT_00001000$0
66
1
39
-0.127
70
1
0
VERTEX
8
KEEPOUT_00
10
-5
20
0
0
VERTEX
8
KEEPOUT_00
10
13
20
0
0
VERTEX
8
KEEPOUT_00
10
13
20
-3.3
0
VERTEX
8
KEEPOUT_00
10
-5
20
-3.3
0
SEQEND
0
ENDBLK
0
BLOCK
2
STK_BOT_8
8
0
10
0
20
0
3
STK_BOT_8
70
64
0
INSERT
2
DRIL_HOLE_0
8
DRIL_NPLTE_THRU_01
10
0
20
0
0
INSERT
2
DRIL_HOLE_0
8
DRIL_NPLTE_THRU_02
10
0
20
0
0
INSERT
2
DRIL_HOLE_0
8
DRIL_NPLTE_THRU_03
10
0
20
0
0
INSERT
2
DRIL_HOLE_0
8
DRIL_NPLTE_THRU_04
10
0
20
0
0
INSERT
2
PAD_0
8
PADS_INNER
10
0
20
0
0
INSERT
2
PAD_3
8
PADS_BOT
10
0
20
0
0
INSERT
2
PAD_0
8
PADS_TOP
10
0
20
0
0
ENDBLK
0
BLOCK
2
STK_BOT_7
8
0
10
0
20
0
3
STK_BOT_7
70
64
0
INSERT
2
DRIL_HOLE_0
8
DRIL_NPLTE_THRU_01
10
0
20
0
0
INSERT
2
DRIL_HOLE_0
8
DRIL_NPLTE_THRU_02
10
0
20
0
0
INSERT
2
DRIL_HOLE_0
8
DRIL_NPLTE_THRU_03
10
0
20
0
0
INSERT
2
DRIL_HOLE_0
8
DRIL_NPLTE_THRU_04
10
0
20
0
0
INSERT
2
PAD_0
8
PADS_INNER
10
0
20
0
0
INSERT
2
PAD_4
8
PADS_BOT
10
0
20
0
0
INSERT
2
PAD_0
8
PADS_TOP
10
0
20
0
0
ENDBLK
0
BLOCK
2
STK_BOT_9
8
0
10
0
20
0
3
STK_BOT_9
70
64
0
INSERT
2
DRIL_HOLE_0
8
DRIL_NPLTE_THRU_01
10
0
20
0
0
INSERT
2
DRIL_HOLE_0
8
DRIL_NPLTE_THRU_02
10
0
20
0
0
INSERT
2
DRIL_HOLE_0
8
DRIL_NPLTE_THRU_03
10
0
20
0
0
INSERT
2
DRIL_HOLE_0
8
DRIL_NPLTE_THRU_04
10
0
20
0
0
INSERT
2
PAD_0
8
PADS_INNER
10
0
20
0
0
INSERT
2
PAD_5
8
PADS_BOT
10
0
20
0
50
90
0
INSERT
2
PAD_0
8
PADS_TOP
10
0
20
0
0
ENDBLK
0
BLOCK
2
STK_BOT_10
8
0
10
0
20
0
3
STK_BOT_10
70
64
0
INSERT
2
DRIL_HOLE_0
8
DRIL_NPLTE_THRU_01
10
0
20
0
0
INSERT
2
DRIL_HOLE_0
8
DRIL_NPLTE_THRU_02
10
0
20
0
0
INSERT
2
DRIL_HOLE_0
8
DRIL_NPLTE_THRU_03
10
0
20
0
0
INSERT
2
DRIL_HOLE_0
8
DRIL_NPLTE_THRU_04
10
0
20
0
0
INSERT
2
PAD_0
8
PADS_INNER
10
0
20
0
0
INSERT
2
PAD_4
8
PADS_BOT
10
0
20
0
50
90
0
INSERT
2
PAD_0
8
PADS_TOP
10
0
20
0
0
ENDBLK
0
BLOCK
2
STK_BOT_11
8
0
10
0
20
0
3
STK_BOT_11
70
64
0
INSERT
2
DRIL_HOLE_0
8
DRIL_NPLTE_THRU_01
10
0
20
0
0
INSERT
2
DRIL_HOLE_0
8
DRIL_NPLTE_THRU_02
10
0
20
0
0
INSERT
2
DRIL_HOLE_0
8
DRIL_NPLTE_THRU_03
10
0
20
0
0
INSERT
2
DRIL_HOLE_0
8
DRIL_NPLTE_THRU_04
10
0
20
0
0
INSERT
2
PAD_0
8
PADS_INNER
10
0
20
0
0
INSERT
2
PAD_6
8
PADS_BOT
10
0
20
0
50
90
0
INSERT
2
PAD_0
8
PADS_TOP
10
0
20
0
0
ENDBLK
0
BLOCK
2
STK_BOT_12
8
0
10
0
20
0
3
STK_BOT_12
70
64
0
INSERT
2
DRIL_HOLE_0
8
DRIL_NPLTE_THRU_01
10
0
20
0
0
INSERT
2
DRIL_HOLE_0
8
DRIL_NPLTE_THRU_02
10
0
20
0
0
INSERT
2
DRIL_HOLE_0
8
DRIL_NPLTE_THRU_03
10
0
20
0
0
INSERT
2
DRIL_HOLE_0
8
DRIL_NPLTE_THRU_04
10
0
20
0
0
INSERT
2
PAD_0
8
PADS_INNER
10
0
20
0
0
INSERT
2
PAD_7
8
PADS_BOT
10
0
20
0
0
INSERT
2
PAD_0
8
PADS_TOP
10
0
20
0
0
ENDBLK
0
BLOCK
2
STK_BOT_13
8
0
10
0
20
0
3
STK_BOT_13
70
64
0
INSERT
2
DRIL_HOLE_0$3
8
DRIL_PLTE_THRU_01
10
0
20
0
0
INSERT
2
DRIL_HOLE_0$3
8
DRIL_PLTE_THRU_02
10
0
20
0
0
INSERT
2
DRIL_HOLE_0$3
8
DRIL_PLTE_THRU_03
10
0
20
0
0
INSERT
2
DRIL_HOLE_0$3
8
DRIL_PLTE_THRU_04
10
0
20
0
0
INSERT
2
PAD_8
8
PADS_INNER
10
0
20
0
0
INSERT
2
PAD_8
8
PADS_BOT
10
0
20
0
0
INSERT
2
PAD_8
8
PADS_TOP
10
0
20
0
0
ENDBLK
0
BLOCK
2
PART_BODY_BOT_71
8
0
10
0
20
0
3
PART_BODY_BOT_71
70
64
0
POLYLINE
8
PART_BOT_2DLINE_00
66
1
40
0.125
41
0.125
70
1
0
VERTEX
8
PART_BOT_2DLINE_00
10
-1.4
20
0.6
0
VERTEX
8
PART_BOT_2DLINE_00
10
1.4
20
0.6
0
VERTEX
8
PART_BOT_2DLINE_00
10
1.4
20
-0.6
0
VERTEX
8
PART_BOT_2DLINE_00
10
-1.4
20
-0.6
0
SEQEND
0
INSERT
2
SMOOTH_0$125
8
PART_BOT_2DLINE_00
10
-1.4
20
0.6
0
INSERT
2
SMOOTH_0$125
8
PART_BOT_2DLINE_00
10
1.4
20
0.6
0
INSERT
2
SMOOTH_0$125
8
PART_BOT_2DLINE_00
10
1.4
20
-0.6
0
INSERT
2
SMOOTH_0$125
8
PART_BOT_2DLINE_00
10
-1.4
20
-0.6
0
POLYLINE
8
PART_BOT_2DLINE_00
66
1
40
0.125
41
0.125
0
VERTEX
8
PART_BOT_2DLINE_00
10
0
20
0.6
0
VERTEX
8
PART_BOT_2DLINE_00
10
0
20
0.2
0
SEQEND
0
INSERT
2
SMOOTH_0$125
8
PART_BOT_2DLINE_00
10
0
20
0.6
0
INSERT
2
SMOOTH_0$125
8
PART_BOT_2DLINE_00
10
0
20
0.2
0
POLYLINE
8
PART_BOT_2DLINE_00
66
1
40
0.125
41
0.125
0
VERTEX
8
PART_BOT_2DLINE_00
10
-0.2
20
0.2
0
VERTEX
8
PART_BOT_2DLINE_00
10
0.2
20
0.2
0
SEQEND
0
INSERT
2
SMOOTH_0$125
8
PART_BOT_2DLINE_00
10
-0.2
20
0.2
0
INSERT
2
SMOOTH_0$125
8
PART_BOT_2DLINE_00
10
0.2
20
0.2
0
POLYLINE
8
PART_BOT_2DLINE_00
66
1
40
0.125
41
0.125
0
VERTEX
8
PART_BOT_2DLINE_00
10
-0.2
20
-0.2
0
VERTEX
8
PART_BOT_2DLINE_00
10
0.2
20
-0.2
0
SEQEND
0
INSERT
2
SMOOTH_0$125
8
PART_BOT_2DLINE_00
10
-0.2
20
-0.2
0
INSERT
2
SMOOTH_0$125
8
PART_BOT_2DLINE_00
10
0.2
20
-0.2
0
POLYLINE
8
PART_BOT_2DLINE_00
66
1
40
0.125
41
0.125
0
VERTEX
8
PART_BOT_2DLINE_00
10
0
20
-0.2
0
VERTEX
8
PART_BOT_2DLINE_00
10
0
20
-0.6
0
SEQEND
0
INSERT
2
SMOOTH_0$125
8
PART_BOT_2DLINE_00
10
0
20
-0.2
0
INSERT
2
SMOOTH_0$125
8
PART_BOT_2DLINE_00
10
0
20
-0.6
0
ENDBLK
0
BLOCK
2
STK_BOT_14
8
0
10
0
20
0
3
STK_BOT_14
70
64
0
INSERT
2
DRIL_HOLE_0
8
DRIL_PLTE_THRU_01
10
0
20
0
0
INSERT
2
DRIL_HOLE_0
8
DRIL_PLTE_THRU_02
10
0
20
0
0
INSERT
2
DRIL_HOLE_0
8
DRIL_PLTE_THRU_03
10
0
20
0
0
INSERT
2
DRIL_HOLE_0
8
DRIL_PLTE_THRU_04
10
0
20
0
0
INSERT
2
PAD_0
8
PADS_INNER
10
0
20
0
0
INSERT
2
PAD_9
8
PADS_BOT
10
0
20
0
0
INSERT
2
PAD_0
8
PADS_TOP
10
0
20
0
0
ENDBLK
0
BLOCK
2
PART_BODY_TOP_71
8
0
10
0
20
0
3
PART_BODY_TOP_71
70
64
0
POLYLINE
8
PART_TOP_2DLINE_00
66
1
40
0.125
41
0.125
70
1
0
VERTEX
8
PART_TOP_2DLINE_00
10
-1.4
20
0.6
0
VERTEX
8
PART_TOP_2DLINE_00
10
1.4
20
0.6
0
VERTEX
8
PART_TOP_2DLINE_00
10
1.4
20
-0.6
0
VERTEX
8
PART_TOP_2DLINE_00
10
-1.4
20
-0.6
0
SEQEND
0
INSERT
2
SMOOTH_0$125
8
PART_TOP_2DLINE_00
10
-1.4
20
0.6
0
INSERT
2
SMOOTH_0$125
8
PART_TOP_2DLINE_00
10
1.4
20
0.6
0
INSERT
2
SMOOTH_0$125
8
PART_TOP_2DLINE_00
10
1.4
20
-0.6
0
INSERT
2
SMOOTH_0$125
8
PART_TOP_2DLINE_00
10
-1.4
20
-0.6
0
POLYLINE
8
PART_TOP_2DLINE_00
66
1
40
0.125
41
0.125
0
VERTEX
8
PART_TOP_2DLINE_00
10
0
20
0.6
0
VERTEX
8
PART_TOP_2DLINE_00
10
0
20
0.2
0
SEQEND
0
INSERT
2
SMOOTH_0$125
8
PART_TOP_2DLINE_00
10
0
20
0.6
0
INSERT
2
SMOOTH_0$125
8
PART_TOP_2DLINE_00
10
0
20
0.2
0
POLYLINE
8
PART_TOP_2DLINE_00
66
1
40
0.125
41
0.125
0
VERTEX
8
PART_TOP_2DLINE_00
10
-0.2
20
0.2
0
VERTEX
8
PART_TOP_2DLINE_00
10
0.2
20
0.2
0
SEQEND
0
INSERT
2
SMOOTH_0$125
8
PART_TOP_2DLINE_00
10
-0.2
20
0.2
0
INSERT
2
SMOOTH_0$125
8
PART_TOP_2DLINE_00
10
0.2
20
0.2
0
POLYLINE
8
PART_TOP_2DLINE_00
66
1
40
0.125
41
0.125
0
VERTEX
8
PART_TOP_2DLINE_00
10
-0.2
20
-0.2
0
VERTEX
8
PART_TOP_2DLINE_00
10
0.2
20
-0.2
0
SEQEND
0
INSERT
2
SMOOTH_0$125
8
PART_TOP_2DLINE_00
10
-0.2
20
-0.2
0
INSERT
2
SMOOTH_0$125
8
PART_TOP_2DLINE_00
10
0.2
20
-0.2
0
POLYLINE
8
PART_TOP_2DLINE_00
66
1
40
0.125
41
0.125
0
VERTEX
8
PART_TOP_2DLINE_00
10
0
20
-0.2
0
VERTEX
8
PART_TOP_2DLINE_00
10
0
20
-0.6
0
SEQEND
0
INSERT
2
SMOOTH_0$125
8
PART_TOP_2DLINE_00
10
0
20
-0.2
0
INSERT
2
SMOOTH_0$125
8
PART_TOP_2DLINE_00
10
0
20
-0.6
0
ENDBLK
0
BLOCK
2
STK_TOP_14
8
0
10
0
20
0
3
STK_TOP_14
70
64
0
INSERT
2
DRIL_HOLE_0
8
DRIL_PLTE_THRU_01
10
0
20
0
0
INSERT
2
DRIL_HOLE_0
8
DRIL_PLTE_THRU_02
10
0
20
0
0
INSERT
2
DRIL_HOLE_0
8
DRIL_PLTE_THRU_03
10
0
20
0
0
INSERT
2
DRIL_HOLE_0
8
DRIL_PLTE_THRU_04
10
0
20
0
0
INSERT
2
PAD_0
8
PADS_INNER
10
0
20
0
0
INSERT
2
PAD_0
8
PADS_BOT
10
0
20
0
0
INSERT
2
PAD_9
8
PADS_TOP
10
0
20
0
0
ENDBLK
0
BLOCK
2
PART_BODY_TOP_72
8
0
10
0
20
0
3
PART_BODY_TOP_72
70
64
0
POLYLINE
8
PART_TOP_2DLINE_00
66
1
40
0.125
41
0.125
70
1
0
VERTEX
8
PART_TOP_2DLINE_00
10
-2.2
20
1
0
VERTEX
8
PART_TOP_2DLINE_00
10
2.2
20
1
0
VERTEX
8
PART_TOP_2DLINE_00
10
2.2
20
-1
0
VERTEX
8
PART_TOP_2DLINE_00
10
-2.2
20
-1
0
SEQEND
0
INSERT
2
SMOOTH_0$125
8
PART_TOP_2DLINE_00
10
-2.2
20
1
0
INSERT
2
SMOOTH_0$125
8
PART_TOP_2DLINE_00
10
2.2
20
1
0
INSERT
2
SMOOTH_0$125
8
PART_TOP_2DLINE_00
10
2.2
20
-1
0
INSERT
2
SMOOTH_0$125
8
PART_TOP_2DLINE_00
10
-2.2
20
-1
0
POLYLINE
8
PART_TOP_2DLINE_00
66
1
40
0.125
41
0.125
0
VERTEX
8
PART_TOP_2DLINE_00
10
-0.4
20
0.3
0
VERTEX
8
PART_TOP_2DLINE_00
10
0.4
20
0.3
0
SEQEND
0
INSERT
2
SMOOTH_0$125
8
PART_TOP_2DLINE_00
10
-0.4
20
0.3
0
INSERT
2
SMOOTH_0$125
8
PART_TOP_2DLINE_00
10
0.4
20
0.3
0
POLYLINE
8
PART_TOP_2DLINE_00
66
1
40
0.125
41
0.125
0
VERTEX
8
PART_TOP_2DLINE_00
10
0.4
20
-0.3
0
VERTEX
8
PART_TOP_2DLINE_00
10
-0.4
20
-0.3
0
SEQEND
0
INSERT
2
SMOOTH_0$125
8
PART_TOP_2DLINE_00
10
0.4
20
-0.3
0
INSERT
2
SMOOTH_0$125
8
PART_TOP_2DLINE_00
10
-0.4
20
-0.3
0
POLYLINE
8
PART_TOP_2DLINE_00
66
1
40
0.125
41
0.125
0
VERTEX
8
PART_TOP_2DLINE_00
10
0
20
-0.3
0
VERTEX
8
PART_TOP_2DLINE_00
10
0
20
-1
0
SEQEND
0
INSERT
2
SMOOTH_0$125
8
PART_TOP_2DLINE_00
10
0
20
-0.3
0
INSERT
2
SMOOTH_0$125
8
PART_TOP_2DLINE_00
10
0
20
-1
0
POLYLINE
8
PART_TOP_2DLINE_00
66
1
40
0.125
41
0.125
0
VERTEX
8
PART_TOP_2DLINE_00
10
0
20
0.3
0
VERTEX
8
PART_TOP_2DLINE_00
10
0
20
1
0
SEQEND
0
INSERT
2
SMOOTH_0$125
8
PART_TOP_2DLINE_00
10
0
20
0.3
0
INSERT
2
SMOOTH_0$125
8
PART_TOP_2DLINE_00
10
0
20
1
0
ENDBLK
0
BLOCK
2
STK_TOP_15
8
0
10
0
20
0
3
STK_TOP_15
70
64
0
INSERT
2
DRIL_HOLE_0
8
DRIL_NPLTE_THRU_01
10
0
20
0
0
INSERT
2
DRIL_HOLE_0
8
DRIL_NPLTE_THRU_02
10
0
20
0
0
INSERT
2
DRIL_HOLE_0
8
DRIL_NPLTE_THRU_03
10
0
20
0
0
INSERT
2
DRIL_HOLE_0
8
DRIL_NPLTE_THRU_04
10
0
20
0
0
INSERT
2
PAD_0
8
PADS_INNER
10
0
20
0
0
INSERT
2
PAD_0
8
PADS_BOT
10
0
20
0
0
INSERT
2
PAD_10
8
PADS_TOP
10
0
20
0
50
90
0
ENDBLK
0
BLOCK
2
PART_BODY_TOP_73
8
0
10
0
20
0
3
PART_BODY_TOP_73
70
64
0
POLYLINE
8
PART_TOP_2DLINE_00
66
1
40
0.125
41
0.125
0
VERTEX
8
PART_TOP_2DLINE_00
10
-0.6
20
0.75
0
VERTEX
8
PART_TOP_2DLINE_00
10
0.6
20
0.75
0
SEQEND
0
INSERT
2
SMOOTH_0$125
8
PART_TOP_2DLINE_00
10
-0.6
20
0.75
0
INSERT
2
SMOOTH_0$125
8
PART_TOP_2DLINE_00
10
0.6
20
0.75
0
POLYLINE
8
PART_TOP_2DLINE_00
66
1
40
0.125
41
0.125
0
VERTEX
8
PART_TOP_2DLINE_00
10
0.6
20
-0.75
0
VERTEX
8
PART_TOP_2DLINE_00
10
-0.6
20
-0.75
0
SEQEND
0
INSERT
2
SMOOTH_0$125
8
PART_TOP_2DLINE_00
10
0.6
20
-0.75
0
INSERT
2
SMOOTH_0$125
8
PART_TOP_2DLINE_00
10
-0.6
20
-0.75
0
POLYLINE
8
TAG_01
66
1
0
VERTEX
8
TAG_01
10
0
20
0
0
VERTEX
8
TAG_01
10
0
20
0
0
SEQEND
0
POLYLINE
8
PART_TOP_2DLINE_00
66
1
40
0.125
41
0.125
70
1
0
VERTEX
8
PART_TOP_2DLINE_00
10
-0.1
20
0.3
0
VERTEX
8
PART_TOP_2DLINE_00
10
0.1
20
0.3
0
VERTEX
8
PART_TOP_2DLINE_00
10
0.1
20
-0.3
0
VERTEX
8
PART_TOP_2DLINE_00
10
-0.1
20
-0.3
0
SEQEND
0
INSERT
2
SMOOTH_0$125
8
PART_TOP_2DLINE_00
10
-0.1
20
0.3
0
INSERT
2
SMOOTH_0$125
8
PART_TOP_2DLINE_00
10
0.1
20
0.3
0
INSERT
2
SMOOTH_0$125
8
PART_TOP_2DLINE_00
10
0.1
20
-0.3
0
INSERT
2
SMOOTH_0$125
8
PART_TOP_2DLINE_00
10
-0.1
20
-0.3
0
POLYLINE
8
PART_TOP_2DLINE_00
66
1
40
0.125
41
0.125
0
VERTEX
8
PART_TOP_2DLINE_00
10
0.25
20
0.35
0
VERTEX
8
PART_TOP_2DLINE_00
10
0.25
20
-0.35
0
SEQEND
0
INSERT
2
SMOOTH_0$125
8
PART_TOP_2DLINE_00
10
0.25
20
0.35
0
INSERT
2
SMOOTH_0$125
8
PART_TOP_2DLINE_00
10
0.25
20
-0.35
0
POLYLINE
8
PART_TOP_2DLINE_00
66
1
40
0.125
41
0.125
0
VERTEX
8
PART_TOP_2DLINE_00
10
0.25
20
0
0
VERTEX
8
PART_TOP_2DLINE_00
10
0.35
20
0
0
SEQEND
0
INSERT
2
SMOOTH_0$125
8
PART_TOP_2DLINE_00
10
0.25
20
0
0
INSERT
2
SMOOTH_0$125
8
PART_TOP_2DLINE_00
10
0.35
20
0
0
POLYLINE
8
PART_TOP_2DLINE_00
66
1
40
0.125
41
0.125
0
VERTEX
8
PART_TOP_2DLINE_00
10
-0.25
20
0.35
0
VERTEX
8
PART_TOP_2DLINE_00
10
-0.25
20
-0.35
0
SEQEND
0
INSERT
2
SMOOTH_0$125
8
PART_TOP_2DLINE_00
10
-0.25
20
0.35
0
INSERT
2
SMOOTH_0$125
8
PART_TOP_2DLINE_00
10
-0.25
20
-0.35
0
POLYLINE
8
PART_TOP_2DLINE_00
66
1
40
0.125
41
0.125
0
VERTEX
8
PART_TOP_2DLINE_00
10
-0.25
20
0
0
VERTEX
8
PART_TOP_2DLINE_00
10
-0.35
20
0
0
SEQEND
0
INSERT
2
SMOOTH_0$125
8
PART_TOP_2DLINE_00
10
-0.25
20
0
0
INSERT
2
SMOOTH_0$125
8
PART_TOP_2DLINE_00
10
-0.35
20
0
0
POLYLINE
8
TAG_00
66
1
0
VERTEX
8
TAG_00
10
0
20
0
0
VERTEX
8
TAG_00
10
0
20
0
0
SEQEND
0
ENDBLK
0
BLOCK
2
STK_TOP_16
8
0
10
0
20
0
3
STK_TOP_16
70
64
0
INSERT
2
DRIL_HOLE_0
8
DRIL_PLTE_THRU_01
10
0
20
0
0
INSERT
2
DRIL_HOLE_0
8
DRIL_PLTE_THRU_02
10
0
20
0
0
INSERT
2
DRIL_HOLE_0
8
DRIL_PLTE_THRU_03
10
0
20
0
0
INSERT
2
DRIL_HOLE_0
8
DRIL_PLTE_THRU_04
10
0
20
0
0
INSERT
2
PAD_0
8
PADS_INNER
10
0
20
0
0
INSERT
2
PAD_0
8
PADS_BOT
10
0
20
0
0
INSERT
2
PAD_11
8
PADS_TOP
10
0
20
0
50
90
0
ENDBLK
0
BLOCK
2
PART_BODY_BOT_74
8
0
10
0
20
0
3
PART_BODY_BOT_74
70
64
0
POLYLINE
8
PART_BOT_2DLINE_01
66
1
40
0.125
41
0.125
70
1
0
VERTEX
8
PART_BOT_2DLINE_01
10
-0.25
20
0.25
0
VERTEX
8
PART_BOT_2DLINE_01
10
0.25
20
0.25
0
VERTEX
8
PART_BOT_2DLINE_01
10
0
20
0
0
SEQEND
0
INSERT
2
SMOOTH_0$125
8
PART_BOT_2DLINE_01
10
-0.25
20
0.25
0
INSERT
2
SMOOTH_0$125
8
PART_BOT_2DLINE_01
10
0.25
20
0.25
0
INSERT
2
SMOOTH_0$125
8
PART_BOT_2DLINE_01
10
0
20
0
0
POLYLINE
8
PART_BOT_2DLINE_01
66
1
40
0.125
41
0.125
70
1
0
VERTEX
8
PART_BOT_2DLINE_01
10
0
20
0
0
VERTEX
8
PART_BOT_2DLINE_01
10
-0.25
20
-0.25
0
VERTEX
8
PART_BOT_2DLINE_01
10
0.25
20
-0.25
0
SEQEND
0
INSERT
2
SMOOTH_0$125
8
PART_BOT_2DLINE_01
10
0
20
0
0
INSERT
2
SMOOTH_0$125
8
PART_BOT_2DLINE_01
10
-0.25
20
-0.25
0
INSERT
2
SMOOTH_0$125
8
PART_BOT_2DLINE_01
10
0.25
20
-0.25
0
POLYLINE
8
PART_BOT_2DLINE_01
66
1
40
0.125
41
0.125
0
VERTEX
8
PART_BOT_2DLINE_01
10
-0.375
20
0.125
0
VERTEX
8
PART_BOT_2DLINE_01
10
-0.25
20
0
0
VERTEX
8
PART_BOT_2DLINE_01
10
0.25
20
0
0
VERTEX
8
PART_BOT_2DLINE_01
10
0.375
20
-0.125
0
SEQEND
0
INSERT
2
SMOOTH_0$125
8
PART_BOT_2DLINE_01
10
-0.375
20
0.125
0
INSERT
2
SMOOTH_0$125
8
PART_BOT_2DLINE_01
10
-0.25
20
0
0
INSERT
2
SMOOTH_0$125
8
PART_BOT_2DLINE_01
10
0.25
20
0
0
INSERT
2
SMOOTH_0$125
8
PART_BOT_2DLINE_01
10
0.375
20
-0.125
0
POLYLINE
8
PART_BOT_2DLINE_01
66
1
40
0.125
41
0.125
0
VERTEX
8
PART_BOT_2DLINE_01
10
0
20
0.25
0
VERTEX
8
PART_BOT_2DLINE_01
10
0
20
0.375
0
SEQEND
0
INSERT
2
SMOOTH_0$125
8
PART_BOT_2DLINE_01
10
0
20
0.25
0
INSERT
2
SMOOTH_0$125
8
PART_BOT_2DLINE_01
10
0
20
0.375
0
POLYLINE
8
PART_BOT_2DLINE_01
66
1
40
0.125
41
0.125
0
VERTEX
8
PART_BOT_2DLINE_01
10
0
20
-0.25
0
VERTEX
8
PART_BOT_2DLINE_01
10
0
20
-0.375
0
SEQEND
0
INSERT
2
SMOOTH_0$125
8
PART_BOT_2DLINE_01
10
0
20
-0.25
0
INSERT
2
SMOOTH_0$125
8
PART_BOT_2DLINE_01
10
0
20
-0.375
0
POLYLINE
8
PART_BOT_2DLINE_01
66
1
40
0.125
41
0.125
70
1
0
VERTEX
8
PART_BOT_2DLINE_01
10
-0.5
20
1.3
0
VERTEX
8
PART_BOT_2DLINE_01
10
0.5
20
1.3
0
VERTEX
8
PART_BOT_2DLINE_01
10
0.5
20
-1.3
0
VERTEX
8
PART_BOT_2DLINE_01
10
-0.5
20
-1.3
0
SEQEND
0
INSERT
2
SMOOTH_0$125
8
PART_BOT_2DLINE_01
10
-0.5
20
1.3
0
INSERT
2
SMOOTH_0$125
8
PART_BOT_2DLINE_01
10
0.5
20
1.3
0
INSERT
2
SMOOTH_0$125
8
PART_BOT_2DLINE_01
10
0.5
20
-1.3
0
INSERT
2
SMOOTH_0$125
8
PART_BOT_2DLINE_01
10
-0.5
20
-1.3
0
ENDBLK
0
BLOCK
2
STK_BOT_17
8
0
10
0
20
0
3
STK_BOT_17
70
64
0
INSERT
2
DRIL_HOLE_0
8
DRIL_NPLTE_THRU_01
10
0
20
0
0
INSERT
2
DRIL_HOLE_0
8
DRIL_NPLTE_THRU_02
10
0
20
0
0
INSERT
2
DRIL_HOLE_0
8
DRIL_NPLTE_THRU_03
10
0
20
0
0
INSERT
2
DRIL_HOLE_0
8
DRIL_NPLTE_THRU_04
10
0
20
0
0
INSERT
2
PAD_0
8
PADS_INNER
10
0
20
0
0
INSERT
2
PAD_12
8
PADS_BOT
10
0
20
0
0
INSERT
2
PAD_0
8
PADS_TOP
10
0
20
0
0
ENDBLK
0
BLOCK
2
PART_BODY_TOP_74
8
0
10
0
20
0
3
PART_BODY_TOP_74
70
64
0
POLYLINE
8
PART_TOP_2DLINE_01
66
1
40
0.125
41
0.125
70
1
0
VERTEX
8
PART_TOP_2DLINE_01
10
-0.25
20
0.25
0
VERTEX
8
PART_TOP_2DLINE_01
10
0.25
20
0.25
0
VERTEX
8
PART_TOP_2DLINE_01
10
0
20
0
0
SEQEND
0
INSERT
2
SMOOTH_0$125
8
PART_TOP_2DLINE_01
10
-0.25
20
0.25
0
INSERT
2
SMOOTH_0$125
8
PART_TOP_2DLINE_01
10
0.25
20
0.25
0
INSERT
2
SMOOTH_0$125
8
PART_TOP_2DLINE_01
10
0
20
0
0
POLYLINE
8
PART_TOP_2DLINE_01
66
1
40
0.125
41
0.125
70
1
0
VERTEX
8
PART_TOP_2DLINE_01
10
0
20
0
0
VERTEX
8
PART_TOP_2DLINE_01
10
-0.25
20
-0.25
0
VERTEX
8
PART_TOP_2DLINE_01
10
0.25
20
-0.25
0
SEQEND
0
INSERT
2
SMOOTH_0$125
8
PART_TOP_2DLINE_01
10
0
20
0
0
INSERT
2
SMOOTH_0$125
8
PART_TOP_2DLINE_01
10
-0.25
20
-0.25
0
INSERT
2
SMOOTH_0$125
8
PART_TOP_2DLINE_01
10
0.25
20
-0.25
0
POLYLINE
8
PART_TOP_2DLINE_01
66
1
40
0.125
41
0.125
0
VERTEX
8
PART_TOP_2DLINE_01
10
-0.375
20
0.125
0
VERTEX
8
PART_TOP_2DLINE_01
10
-0.25
20
0
0
VERTEX
8
PART_TOP_2DLINE_01
10
0.25
20
0
0
VERTEX
8
PART_TOP_2DLINE_01
10
0.375
20
-0.125
0
SEQEND
0
INSERT
2
SMOOTH_0$125
8
PART_TOP_2DLINE_01
10
-0.375
20
0.125
0
INSERT
2
SMOOTH_0$125
8
PART_TOP_2DLINE_01
10
-0.25
20
0
0
INSERT
2
SMOOTH_0$125
8
PART_TOP_2DLINE_01
10
0.25
20
0
0
INSERT
2
SMOOTH_0$125
8
PART_TOP_2DLINE_01
10
0.375
20
-0.125
0
POLYLINE
8
PART_TOP_2DLINE_01
66
1
40
0.125
41
0.125
0
VERTEX
8
PART_TOP_2DLINE_01
10
0
20
0.25
0
VERTEX
8
PART_TOP_2DLINE_01
10
0
20
0.375
0
SEQEND
0
INSERT
2
SMOOTH_0$125
8
PART_TOP_2DLINE_01
10
0
20
0.25
0
INSERT
2
SMOOTH_0$125
8
PART_TOP_2DLINE_01
10
0
20
0.375
0
POLYLINE
8
PART_TOP_2DLINE_01
66
1
40
0.125
41
0.125
0
VERTEX
8
PART_TOP_2DLINE_01
10
0
20
-0.25
0
VERTEX
8
PART_TOP_2DLINE_01
10
0
20
-0.375
0
SEQEND
0
INSERT
2
SMOOTH_0$125
8
PART_TOP_2DLINE_01
10
0
20
-0.25
0
INSERT
2
SMOOTH_0$125
8
PART_TOP_2DLINE_01
10
0
20
-0.375
0
POLYLINE
8
PART_TOP_2DLINE_01
66
1
40
0.125
41
0.125
70
1
0
VERTEX
8
PART_TOP_2DLINE_01
10
-0.5
20
1.3
0
VERTEX
8
PART_TOP_2DLINE_01
10
0.5
20
1.3
0
VERTEX
8
PART_TOP_2DLINE_01
10
0.5
20
-1.3
0
VERTEX
8
PART_TOP_2DLINE_01
10
-0.5
20
-1.3
0
SEQEND
0
INSERT
2
SMOOTH_0$125
8
PART_TOP_2DLINE_01
10
-0.5
20
1.3
0
INSERT
2
SMOOTH_0$125
8
PART_TOP_2DLINE_01
10
0.5
20
1.3
0
INSERT
2
SMOOTH_0$125
8
PART_TOP_2DLINE_01
10
0.5
20
-1.3
0
INSERT
2
SMOOTH_0$125
8
PART_TOP_2DLINE_01
10
-0.5
20
-1.3
0
ENDBLK
0
BLOCK
2
STK_TOP_17
8
0
10
0
20
0
3
STK_TOP_17
70
64
0
INSERT
2
DRIL_HOLE_0
8
DRIL_NPLTE_THRU_01
10
0
20
0
0
INSERT
2
DRIL_HOLE_0
8
DRIL_NPLTE_THRU_02
10
0
20
0
0
INSERT
2
DRIL_HOLE_0
8
DRIL_NPLTE_THRU_03
10
0
20
0
0
INSERT
2
DRIL_HOLE_0
8
DRIL_NPLTE_THRU_04
10
0
20
0
0
INSERT
2
PAD_0
8
PADS_INNER
10
0
20
0
0
INSERT
2
PAD_0
8
PADS_BOT
10
0
20
0
0
INSERT
2
PAD_12
8
PADS_TOP
10
0
20
0
0
ENDBLK
0
BLOCK
2
PART_BODY_BOT_75
8
0
10
0
20
0
3
PART_BODY_BOT_75
70
64
0
POLYLINE
8
PART_BOT_2DLINE_00
66
1
40
0.125
41
0.125
70
1
0
VERTEX
8
PART_BOT_2DLINE_00
10
-1.4
20
0.6
0
VERTEX
8
PART_BOT_2DLINE_00
10
1.4
20
0.6
0
VERTEX
8
PART_BOT_2DLINE_00
10
1.4
20
-0.6
0
VERTEX
8
PART_BOT_2DLINE_00
10
-1.4
20
-0.6
0
SEQEND
0
INSERT
2
SMOOTH_0$125
8
PART_BOT_2DLINE_00
10
-1.4
20
0.6
0
INSERT
2
SMOOTH_0$125
8
PART_BOT_2DLINE_00
10
1.4
20
0.6
0
INSERT
2
SMOOTH_0$125
8
PART_BOT_2DLINE_00
10
1.4
20
-0.6
0
INSERT
2
SMOOTH_0$125
8
PART_BOT_2DLINE_00
10
-1.4
20
-0.6
0
POLYLINE
8
PART_BOT_2DLINE_00
66
1
40
0.125
41
0.125
0
VERTEX
8
PART_BOT_2DLINE_00
10
0
20
0.6
0
VERTEX
8
PART_BOT_2DLINE_00
10
0
20
0.4
42
1
0
VERTEX
8
PART_BOT_2DLINE_00
10
0
20
0
0
SEQEND
0
INSERT
2
SMOOTH_0$125
8
PART_BOT_2DLINE_00
10
0
20
0.6
0
INSERT
2
SMOOTH_0$125
8
PART_BOT_2DLINE_00
10
0
20
0.4
0
INSERT
2
SMOOTH_0$125
8
PART_BOT_2DLINE_00
10
0
20
0
0
POLYLINE
8
PART_BOT_2DLINE_00
66
1
40
0.125
41
0.125
0
VERTEX
8
PART_BOT_2DLINE_00
10
0
20
-0.4
42
1
0
VERTEX
8
PART_BOT_2DLINE_00
10
0
20
0
0
SEQEND
0
INSERT
2
SMOOTH_0$125
8
PART_BOT_2DLINE_00
10
0
20
-0.4
0
INSERT
2
SMOOTH_0$125
8
PART_BOT_2DLINE_00
10
0
20
0
0
POLYLINE
8
PART_BOT_2DLINE_00
66
1
40
0.125
41
0.125
0
VERTEX
8
PART_BOT_2DLINE_00
10
0
20
-0.4
0
VERTEX
8
PART_BOT_2DLINE_00
10
0
20
-0.6
0
SEQEND
0
INSERT
2
SMOOTH_0$125
8
PART_BOT_2DLINE_00
10
0
20
-0.4
0
INSERT
2
SMOOTH_0$125
8
PART_BOT_2DLINE_00
10
0
20
-0.6
0
ENDBLK
0
BLOCK
2
PART_BODY_TOP_75
8
0
10
0
20
0
3
PART_BODY_TOP_75
70
64
0
POLYLINE
8
PART_TOP_2DLINE_00
66
1
40
0.125
41
0.125
70
1
0
VERTEX
8
PART_TOP_2DLINE_00
10
-1.4
20
0.6
0
VERTEX
8
PART_TOP_2DLINE_00
10
1.4
20
0.6
0
VERTEX
8
PART_TOP_2DLINE_00
10
1.4
20
-0.6
0
VERTEX
8
PART_TOP_2DLINE_00
10
-1.4
20
-0.6
0
SEQEND
0
INSERT
2
SMOOTH_0$125
8
PART_TOP_2DLINE_00
10
-1.4
20
0.6
0
INSERT
2
SMOOTH_0$125
8
PART_TOP_2DLINE_00
10
1.4
20
0.6
0
INSERT
2
SMOOTH_0$125
8
PART_TOP_2DLINE_00
10
1.4
20
-0.6
0
INSERT
2
SMOOTH_0$125
8
PART_TOP_2DLINE_00
10
-1.4
20
-0.6
0
POLYLINE
8
PART_TOP_2DLINE_00
66
1
40
0.125
41
0.125
0
VERTEX
8
PART_TOP_2DLINE_00
10
0
20
0.6
0
VERTEX
8
PART_TOP_2DLINE_00
10
0
20
0.4
42
1
0
VERTEX
8
PART_TOP_2DLINE_00
10
0
20
0
0
SEQEND
0
INSERT
2
SMOOTH_0$125
8
PART_TOP_2DLINE_00
10
0
20
0.6
0
INSERT
2
SMOOTH_0$125
8
PART_TOP_2DLINE_00
10
0
20
0.4
0
INSERT
2
SMOOTH_0$125
8
PART_TOP_2DLINE_00
10
0
20
0
0
POLYLINE
8
PART_TOP_2DLINE_00
66
1
40
0.125
41
0.125
0
VERTEX
8
PART_TOP_2DLINE_00
10
0
20
-0.4
42
1
0
VERTEX
8
PART_TOP_2DLINE_00
10
0
20
0
0
SEQEND
0
INSERT
2
SMOOTH_0$125
8
PART_TOP_2DLINE_00
10
0
20
-0.4
0
INSERT
2
SMOOTH_0$125
8
PART_TOP_2DLINE_00
10
0
20
0
0
POLYLINE
8
PART_TOP_2DLINE_00
66
1
40
0.125
41
0.125
0
VERTEX
8
PART_TOP_2DLINE_00
10
0
20
-0.4
0
VERTEX
8
PART_TOP_2DLINE_00
10
0
20
-0.6
0
SEQEND
0
INSERT
2
SMOOTH_0$125
8
PART_TOP_2DLINE_00
10
0
20
-0.4
0
INSERT
2
SMOOTH_0$125
8
PART_TOP_2DLINE_00
10
0
20
-0.6
0
ENDBLK
0
BLOCK
2
PART_BODY_TOP_76
8
0
10
0
20
0
3
PART_BODY_TOP_76
70
64
0
POLYLINE
8
PART_TOP_2DLINE_00
66
1
40
0.125
41
0.125
0
VERTEX
8
PART_TOP_2DLINE_00
10
-2
20
1.3
0
VERTEX
8
PART_TOP_2DLINE_00
10
-2
20
1.8
0
VERTEX
8
PART_TOP_2DLINE_00
10
-1.8
20
2
0
VERTEX
8
PART_TOP_2DLINE_00
10
2
20
2
0
VERTEX
8
PART_TOP_2DLINE_00
10
2
20
1.3
0
SEQEND
0
INSERT
2
SMOOTH_0$125
8
PART_TOP_2DLINE_00
10
-2
20
1.3
0
INSERT
2
SMOOTH_0$125
8
PART_TOP_2DLINE_00
10
-2
20
1.8
0
INSERT
2
SMOOTH_0$125
8
PART_TOP_2DLINE_00
10
-1.8
20
2
0
INSERT
2
SMOOTH_0$125
8
PART_TOP_2DLINE_00
10
2
20
2
0
INSERT
2
SMOOTH_0$125
8
PART_TOP_2DLINE_00
10
2
20
1.3
0
POLYLINE
8
PART_TOP_2DLINE_00
66
1
40
0.125
41
0.125
0
VERTEX
8
PART_TOP_2DLINE_00
10
-2
20
-1.3
0
VERTEX
8
PART_TOP_2DLINE_00
10
-2
20
-1.8
0
VERTEX
8
PART_TOP_2DLINE_00
10
-1.8
20
-2
0
VERTEX
8
PART_TOP_2DLINE_00
10
2
20
-2
0
VERTEX
8
PART_TOP_2DLINE_00
10
2
20
-1.3
0
SEQEND
0
INSERT
2
SMOOTH_0$125
8
PART_TOP_2DLINE_00
10
-2
20
-1.3
0
INSERT
2
SMOOTH_0$125
8
PART_TOP_2DLINE_00
10
-2
20
-1.8
0
INSERT
2
SMOOTH_0$125
8
PART_TOP_2DLINE_00
10
-1.8
20
-2
0
INSERT
2
SMOOTH_0$125
8
PART_TOP_2DLINE_00
10
2
20
-2
0
INSERT
2
SMOOTH_0$125
8
PART_TOP_2DLINE_00
10
2
20
-1.3
0
ENDBLK
0
BLOCK
2
STK_TOP_19
8
0
10
0
20
0
3
STK_TOP_19
70
64
0
INSERT
2
DRIL_HOLE_0
8
DRIL_NPLTE_THRU_01
10
0
20
0
0
INSERT
2
DRIL_HOLE_0
8
DRIL_NPLTE_THRU_02
10
0
20
0
0
INSERT
2
DRIL_HOLE_0
8
DRIL_NPLTE_THRU_03
10
0
20
0
0
INSERT
2
DRIL_HOLE_0
8
DRIL_NPLTE_THRU_04
10
0
20
0
0
INSERT
2
PAD_0
8
PADS_INNER
10
0
20
0
0
INSERT
2
PAD_0
8
PADS_BOT
10
0
20
0
0
INSERT
2
PAD_13
8
PADS_TOP
10
0
20
0
50
90
0
ENDBLK
0
BLOCK
2
PART_BODY_TOP_77
8
0
10
0
20
0
3
PART_BODY_TOP_77
70
64
0
POLYLINE
8
PART_TOP_2DLINE_00
66
1
40
0.125
41
0.125
0
VERTEX
8
PART_TOP_2DLINE_00
10
-7
20
-6.25
0
VERTEX
8
PART_TOP_2DLINE_00
10
-7
20
-6.5
0
VERTEX
8
PART_TOP_2DLINE_00
10
-6.5
20
-7
0
VERTEX
8
PART_TOP_2DLINE_00
10
-6.25
20
-7
0
SEQEND
0
INSERT
2
SMOOTH_0$125
8
PART_TOP_2DLINE_00
10
-7
20
-6.25
0
INSERT
2
SMOOTH_0$125
8
PART_TOP_2DLINE_00
10
-7
20
-6.5
0
INSERT
2
SMOOTH_0$125
8
PART_TOP_2DLINE_00
10
-6.5
20
-7
0
INSERT
2
SMOOTH_0$125
8
PART_TOP_2DLINE_00
10
-6.25
20
-7
0
POLYLINE
8
PART_TOP_2DLINE_00
66
1
40
0.125
41
0.125
0
VERTEX
8
PART_TOP_2DLINE_00
10
6.25
20
-7
0
VERTEX
8
PART_TOP_2DLINE_00
10
7
20
-7
0
VERTEX
8
PART_TOP_2DLINE_00
10
7
20
-6.25
0
SEQEND
0
INSERT
2
SMOOTH_0$125
8
PART_TOP_2DLINE_00
10
6.25
20
-7
0
INSERT
2
SMOOTH_0$125
8
PART_TOP_2DLINE_00
10
7
20
-7
0
INSERT
2
SMOOTH_0$125
8
PART_TOP_2DLINE_00
10
7
20
-6.25
0
POLYLINE
8
PART_TOP_2DLINE_00
66
1
40
0.125
41
0.125
0
VERTEX
8
PART_TOP_2DLINE_00
10
7
20
6.25
0
VERTEX
8
PART_TOP_2DLINE_00
10
7
20
7
0
VERTEX
8
PART_TOP_2DLINE_00
10
6.25
20
7
0
SEQEND
0
INSERT
2
SMOOTH_0$125
8
PART_TOP_2DLINE_00
10
7
20
6.25
0
INSERT
2
SMOOTH_0$125
8
PART_TOP_2DLINE_00
10
7
20
7
0
INSERT
2
SMOOTH_0$125
8
PART_TOP_2DLINE_00
10
6.25
20
7
0
POLYLINE
8
PART_TOP_2DLINE_00
66
1
40
0.125
41
0.125
0
VERTEX
8
PART_TOP_2DLINE_00
10
-6.25
20
7
0
VERTEX
8
PART_TOP_2DLINE_00
10
-7
20
7
0
VERTEX
8
PART_TOP_2DLINE_00
10
-7
20
6.25
0
SEQEND
0
INSERT
2
SMOOTH_0$125
8
PART_TOP_2DLINE_00
10
-6.25
20
7
0
INSERT
2
SMOOTH_0$125
8
PART_TOP_2DLINE_00
10
-7
20
7
0
INSERT
2
SMOOTH_0$125
8
PART_TOP_2DLINE_00
10
-7
20
6.25
0
POLYLINE
8
PART_TOP_2DLINE_00
66
1
40
0.125
41
0.125
70
1
0
VERTEX
8
PART_TOP_2DLINE_00
10
-6.25
20
-8.75
42
1
0
VERTEX
8
PART_TOP_2DLINE_00
10
-5.75
20
-8.75
42
1
0
SEQEND
0
POLYLINE
8
PART_TOP_2DLINE_00
66
1
40
0.125
41
0.125
0
VERTEX
8
PART_TOP_2DLINE_00
10
-4
20
-8.5
0
VERTEX
8
PART_TOP_2DLINE_00
10
-4
20
-8.75
0
SEQEND
0
INSERT
2
SMOOTH_0$125
8
PART_TOP_2DLINE_00
10
-4
20
-8.5
0
INSERT
2
SMOOTH_0$125
8
PART_TOP_2DLINE_00
10
-4
20
-8.75
0
POLYLINE
8
PART_TOP_2DLINE_00
66
1
40
0.125
41
0.125
0
VERTEX
8
PART_TOP_2DLINE_00
10
-1.5
20
-8.5
0
VERTEX
8
PART_TOP_2DLINE_00
10
-1.5
20
-9
0
SEQEND
0
INSERT
2
SMOOTH_0$125
8
PART_TOP_2DLINE_00
10
-1.5
20
-8.5
0
INSERT
2
SMOOTH_0$125
8
PART_TOP_2DLINE_00
10
-1.5
20
-9
0
POLYLINE
8
PART_TOP_2DLINE_00
66
1
40
0.125
41
0.125
0
VERTEX
8
PART_TOP_2DLINE_00
10
1
20
-8.5
0
VERTEX
8
PART_TOP_2DLINE_00
10
1
20
-8.75
0
SEQEND
0
INSERT
2
SMOOTH_0$125
8
PART_TOP_2DLINE_00
10
1
20
-8.5
0
INSERT
2
SMOOTH_0$125
8
PART_TOP_2DLINE_00
10
1
20
-8.75
0
POLYLINE
8
PART_TOP_2DLINE_00
66
1
40
0.125
41
0.125
0
VERTEX
8
PART_TOP_2DLINE_00
10
3.5
20
-8.5
0
VERTEX
8
PART_TOP_2DLINE_00
10
3.5
20
-9
0
SEQEND
0
INSERT
2
SMOOTH_0$125
8
PART_TOP_2DLINE_00
10
3.5
20
-8.5
0
INSERT
2
SMOOTH_0$125
8
PART_TOP_2DLINE_00
10
3.5
20
-9
0
POLYLINE
8
PART_TOP_2DLINE_00
66
1
40
0.125
41
0.125
0
VERTEX
8
PART_TOP_2DLINE_00
10
6
20
-8.5
0
VERTEX
8
PART_TOP_2DLINE_00
10
6
20
-8.75
0
SEQEND
0
INSERT
2
SMOOTH_0$125
8
PART_TOP_2DLINE_00
10
6
20
-8.5
0
INSERT
2
SMOOTH_0$125
8
PART_TOP_2DLINE_00
10
6
20
-8.75
0
POLYLINE
8
PART_TOP_2DLINE_00
66
1
40
0.125
41
0.125
0
VERTEX
8
PART_TOP_2DLINE_00
10
8.5
20
-4
0
VERTEX
8
PART_TOP_2DLINE_00
10
9
20
-4
0
SEQEND
0
INSERT
2
SMOOTH_0$125
8
PART_TOP_2DLINE_00
10
8.5
20
-4
0
INSERT
2
SMOOTH_0$125
8
PART_TOP_2DLINE_00
10
9
20
-4
0
POLYLINE
8
PART_TOP_2DLINE_00
66
1
40
0.125
41
0.125
0
VERTEX
8
PART_TOP_2DLINE_00
10
8.5
20
-1.5
0
VERTEX
8
PART_TOP_2DLINE_00
10
8.75
20
-1.5
0
SEQEND
0
INSERT
2
SMOOTH_0$125
8
PART_TOP_2DLINE_00
10
8.5
20
-1.5
0
INSERT
2
SMOOTH_0$125
8
PART_TOP_2DLINE_00
10
8.75
20
-1.5
0
POLYLINE
8
PART_TOP_2DLINE_00
66
1
40
0.125
41
0.125
0
VERTEX
8
PART_TOP_2DLINE_00
10
8.5
20
1
0
VERTEX
8
PART_TOP_2DLINE_00
10
9
20
1
0
SEQEND
0
INSERT
2
SMOOTH_0$125
8
PART_TOP_2DLINE_00
10
8.5
20
1
0
INSERT
2
SMOOTH_0$125
8
PART_TOP_2DLINE_00
10
9
20
1
0
POLYLINE
8
PART_TOP_2DLINE_00
66
1
40
0.125
41
0.125
0
VERTEX
8
PART_TOP_2DLINE_00
10
8.5
20
3.5
0
VERTEX
8
PART_TOP_2DLINE_00
10
8.75
20
3.5
0
SEQEND
0
INSERT
2
SMOOTH_0$125
8
PART_TOP_2DLINE_00
10
8.5
20
3.5
0
INSERT
2
SMOOTH_0$125
8
PART_TOP_2DLINE_00
10
8.75
20
3.5
0
POLYLINE
8
PART_TOP_2DLINE_00
66
1
40
0.125
41
0.125
0
VERTEX
8
PART_TOP_2DLINE_00
10
8.5
20
6
0
VERTEX
8
PART_TOP_2DLINE_00
10
9
20
6
0
SEQEND
0
INSERT
2
SMOOTH_0$125
8
PART_TOP_2DLINE_00
10
8.5
20
6
0
INSERT
2
SMOOTH_0$125
8
PART_TOP_2DLINE_00
10
9
20
6
0
POLYLINE
8
PART_TOP_2DLINE_00
66
1
40
0.125
41
0.125
0
VERTEX
8
PART_TOP_2DLINE_00
10
4
20
8.5
0
VERTEX
8
PART_TOP_2DLINE_00
10
4
20
8.75
0
SEQEND
0
INSERT
2
SMOOTH_0$125
8
PART_TOP_2DLINE_00
10
4
20
8.5
0
INSERT
2
SMOOTH_0$125
8
PART_TOP_2DLINE_00
10
4
20
8.75
0
POLYLINE
8
PART_TOP_2DLINE_00
66
1
40
0.125
41
0.125
0
VERTEX
8
PART_TOP_2DLINE_00
10
1.5
20
8.5
0
VERTEX
8
PART_TOP_2DLINE_00
10
1.5
20
9
0
SEQEND
0
INSERT
2
SMOOTH_0$125
8
PART_TOP_2DLINE_00
10
1.5
20
8.5
0
INSERT
2
SMOOTH_0$125
8
PART_TOP_2DLINE_00
10
1.5
20
9
0
POLYLINE
8
PART_TOP_2DLINE_00
66
1
40
0.125
41
0.125
0
VERTEX
8
PART_TOP_2DLINE_00
10
-1
20
8.5
0
VERTEX
8
PART_TOP_2DLINE_00
10
-1
20
8.75
0
SEQEND
0
INSERT
2
SMOOTH_0$125
8
PART_TOP_2DLINE_00
10
-1
20
8.5
0
INSERT
2
SMOOTH_0$125
8
PART_TOP_2DLINE_00
10
-1
20
8.75
0
POLYLINE
8
PART_TOP_2DLINE_00
66
1
40
0.125
41
0.125
0
VERTEX
8
PART_TOP_2DLINE_00
10
-3.5
20
8.5
0
VERTEX
8
PART_TOP_2DLINE_00
10
-3.5
20
9
0
SEQEND
0
INSERT
2
SMOOTH_0$125
8
PART_TOP_2DLINE_00
10
-3.5
20
8.5
0
INSERT
2
SMOOTH_0$125
8
PART_TOP_2DLINE_00
10
-3.5
20
9
0
POLYLINE
8
PART_TOP_2DLINE_00
66
1
40
0.125
41
0.125
0
VERTEX
8
PART_TOP_2DLINE_00
10
-6
20
8.5
0
VERTEX
8
PART_TOP_2DLINE_00
10
-6
20
8.75
0
SEQEND
0
INSERT
2
SMOOTH_0$125
8
PART_TOP_2DLINE_00
10
-6
20
8.5
0
INSERT
2
SMOOTH_0$125
8
PART_TOP_2DLINE_00
10
-6
20
8.75
0
POLYLINE
8
PART_TOP_2DLINE_00
66
1
40
0.125
41
0.125
0
VERTEX
8
PART_TOP_2DLINE_00
10
-8.5
20
4
0
VERTEX
8
PART_TOP_2DLINE_00
10
-9
20
4
0
SEQEND
0
INSERT
2
SMOOTH_0$125
8
PART_TOP_2DLINE_00
10
-8.5
20
4
0
INSERT
2
SMOOTH_0$125
8
PART_TOP_2DLINE_00
10
-9
20
4
0
POLYLINE
8
PART_TOP_2DLINE_00
66
1
40
0.125
41
0.125
0
VERTEX
8
PART_TOP_2DLINE_00
10
-8.5
20
1.5
0
VERTEX
8
PART_TOP_2DLINE_00
10
-8.75
20
1.5
0
SEQEND
0
INSERT
2
SMOOTH_0$125
8
PART_TOP_2DLINE_00
10
-8.5
20
1.5
0
INSERT
2
SMOOTH_0$125
8
PART_TOP_2DLINE_00
10
-8.75
20
1.5
0
POLYLINE
8
PART_TOP_2DLINE_00
66
1
40
0.125
41
0.125
0
VERTEX
8
PART_TOP_2DLINE_00
10
-8.5
20
-1
0
VERTEX
8
PART_TOP_2DLINE_00
10
-9
20
-1
0
SEQEND
0
INSERT
2
SMOOTH_0$125
8
PART_TOP_2DLINE_00
10
-8.5
20
-1
0
INSERT
2
SMOOTH_0$125
8
PART_TOP_2DLINE_00
10
-9
20
-1
0
POLYLINE
8
PART_TOP_2DLINE_00
66
1
40
0.125
41
0.125
0
VERTEX
8
PART_TOP_2DLINE_00
10
-8.5
20
-3.5
0
VERTEX
8
PART_TOP_2DLINE_00
10
-8.75
20
-3.5
0
SEQEND
0
INSERT
2
SMOOTH_0$125
8
PART_TOP_2DLINE_00
10
-8.5
20
-3.5
0
INSERT
2
SMOOTH_0$125
8
PART_TOP_2DLINE_00
10
-8.75
20
-3.5
0
POLYLINE
8
PART_TOP_2DLINE_00
66
1
40
0.125
41
0.125
0
VERTEX
8
PART_TOP_2DLINE_00
10
-8.5
20
-6
0
VERTEX
8
PART_TOP_2DLINE_00
10
-9
20
-6
0
SEQEND
0
INSERT
2
SMOOTH_0$125
8
PART_TOP_2DLINE_00
10
-8.5
20
-6
0
INSERT
2
SMOOTH_0$125
8
PART_TOP_2DLINE_00
10
-9
20
-6
0
POLYLINE
8
PART_TOP_2DLINE_01
66
1
40
0.125
41
0.125
0
VERTEX
8
PART_TOP_2DLINE_01
10
-0.5
20
0
0
VERTEX
8
PART_TOP_2DLINE_01
10
0.5
20
0
0
SEQEND
0
INSERT
2
SMOOTH_0$125
8
PART_TOP_2DLINE_01
10
-0.5
20
0
0
INSERT
2
SMOOTH_0$125
8
PART_TOP_2DLINE_01
10
0.5
20
0
0
POLYLINE
8
PART_TOP_2DLINE_01
66
1
40
0.125
41
0.125
0
VERTEX
8
PART_TOP_2DLINE_01
10
0
20
-0.5
0
VERTEX
8
PART_TOP_2DLINE_01
10
0
20
0.5
0
SEQEND
0
INSERT
2
SMOOTH_0$125
8
PART_TOP_2DLINE_01
10
0
20
-0.5
0
INSERT
2
SMOOTH_0$125
8
PART_TOP_2DLINE_01
10
0
20
0.5
0
ENDBLK
0
BLOCK
2
STK_TOP_21
8
0
10
0
20
0
3
STK_TOP_21
70
64
0
INSERT
2
DRIL_HOLE_0
8
DRIL_NPLTE_THRU_01
10
0
20
0
0
INSERT
2
DRIL_HOLE_0
8
DRIL_NPLTE_THRU_02
10
0
20
0
0
INSERT
2
DRIL_HOLE_0
8
DRIL_NPLTE_THRU_03
10
0
20
0
0
INSERT
2
DRIL_HOLE_0
8
DRIL_NPLTE_THRU_04
10
0
20
0
0
INSERT
2
PAD_0
8
PADS_INNER
10
0
20
0
0
INSERT
2
PAD_0
8
PADS_BOT
10
0
20
0
0
INSERT
2
PAD_14
8
PADS_TOP
10
0
20
0
50
90
0
ENDBLK
0
BLOCK
2
STK_TOP_20
8
0
10
0
20
0
3
STK_TOP_20
70
64
0
INSERT
2
DRIL_HOLE_0
8
DRIL_NPLTE_THRU_01
10
0
20
0
0
INSERT
2
DRIL_HOLE_0
8
DRIL_NPLTE_THRU_02
10
0
20
0
0
INSERT
2
DRIL_HOLE_0
8
DRIL_NPLTE_THRU_03
10
0
20
0
0
INSERT
2
DRIL_HOLE_0
8
DRIL_NPLTE_THRU_04
10
0
20
0
0
INSERT
2
PAD_0
8
PADS_INNER
10
0
20
0
0
INSERT
2
PAD_0
8
PADS_BOT
10
0
20
0
0
INSERT
2
PAD_14
8
PADS_TOP
10
0
20
0
0
ENDBLK
0
BLOCK
2
PART_BODY_BOT_78
8
0
10
0
20
0
3
PART_BODY_BOT_78
70
64
0
POLYLINE
8
PART_BOT_2DLINE_00
66
1
40
0.125
41
0.125
70
1
0
VERTEX
8
PART_BOT_2DLINE_00
10
-8
20
-4
0
VERTEX
8
PART_BOT_2DLINE_00
10
-8
20
4
0
VERTEX
8
PART_BOT_2DLINE_00
10
8
20
4
0
VERTEX
8
PART_BOT_2DLINE_00
10
8
20
-4
0
SEQEND
0
INSERT
2
SMOOTH_0$125
8
PART_BOT_2DLINE_00
10
-8
20
-4
0
INSERT
2
SMOOTH_0$125
8
PART_BOT_2DLINE_00
10
-8
20
4
0
INSERT
2
SMOOTH_0$125
8
PART_BOT_2DLINE_00
10
8
20
4
0
INSERT
2
SMOOTH_0$125
8
PART_BOT_2DLINE_00
10
8
20
-4
0
POLYLINE
8
PART_BOT_2DLINE_00
66
1
40
0.125
41
0.125
70
1
0
VERTEX
8
PART_BOT_2DLINE_00
10
7
20
-4
0
VERTEX
8
PART_BOT_2DLINE_00
10
6
20
-5
0
VERTEX
8
PART_BOT_2DLINE_00
10
8
20
-5
0
SEQEND
0
INSERT
2
SMOOTH_0$125
8
PART_BOT_2DLINE_00
10
7
20
-4
0
INSERT
2
SMOOTH_0$125
8
PART_BOT_2DLINE_00
10
6
20
-5
0
INSERT
2
SMOOTH_0$125
8
PART_BOT_2DLINE_00
10
8
20
-5
0
ENDBLK
0
BLOCK
2
STK_BOT_23
8
0
10
0
20
0
3
STK_BOT_23
70
64
0
INSERT
2
DRIL_HOLE_0
8
DRIL_NPLTE_THRU_01
10
0
20
0
0
INSERT
2
DRIL_HOLE_0
8
DRIL_NPLTE_THRU_02
10
0
20
0
0
INSERT
2
DRIL_HOLE_0
8
DRIL_NPLTE_THRU_03
10
0
20
0
0
INSERT
2
DRIL_HOLE_0
8
DRIL_NPLTE_THRU_04
10
0
20
0
0
INSERT
2
PAD_0
8
PADS_INNER
10
0
20
0
0
INSERT
2
PAD_15
8
PADS_BOT
10
0
20
0
50
90
0
INSERT
2
PAD_0
8
PADS_TOP
10
0
20
0
0
ENDBLK
0
BLOCK
2
STK_BOT_22
8
0
10
0
20
0
3
STK_BOT_22
70
64
0
INSERT
2
DRIL_HOLE_0
8
DRIL_NPLTE_THRU_01
10
0
20
0
0
INSERT
2
DRIL_HOLE_0
8
DRIL_NPLTE_THRU_02
10
0
20
0
0
INSERT
2
DRIL_HOLE_0
8
DRIL_NPLTE_THRU_03
10
0
20
0
0
INSERT
2
DRIL_HOLE_0
8
DRIL_NPLTE_THRU_04
10
0
20
0
0
INSERT
2
PAD_0
8
PADS_INNER
10
0
20
0
0
INSERT
2
PAD_16
8
PADS_BOT
10
0
20
0
50
90
0
INSERT
2
PAD_0
8
PADS_TOP
10
0
20
0
0
ENDBLK
0
BLOCK
2
STK_BOT_24
8
0
10
0
20
0
3
STK_BOT_24
70
64
0
INSERT
2
DRIL_HOLE_1$2
8
DRIL_NPLTE_THRU_01
10
0
20
0
0
INSERT
2
DRIL_HOLE_1$2
8
DRIL_NPLTE_THRU_02
10
0
20
0
0
INSERT
2
DRIL_HOLE_1$2
8
DRIL_NPLTE_THRU_03
10
0
20
0
0
INSERT
2
DRIL_HOLE_1$2
8
DRIL_NPLTE_THRU_04
10
0
20
0
0
INSERT
2
PAD_17
8
PADS_INNER
10
0
20
0
0
INSERT
2
PAD_17
8
PADS_BOT
10
0
20
0
0
INSERT
2
PAD_17
8
PADS_TOP
10
0
20
0
0
ENDBLK
0
BLOCK
2
PART_BODY_BOT_79
8
0
10
0
20
0
3
PART_BODY_BOT_79
70
64
0
POLYLINE
8
PART_BOT_2DLINE_00
66
1
40
0.125
41
0.125
70
1
0
VERTEX
8
PART_BOT_2DLINE_00
10
-1.4
20
0.6
0
VERTEX
8
PART_BOT_2DLINE_00
10
1.4
20
0.6
0
VERTEX
8
PART_BOT_2DLINE_00
10
1.4
20
-0.6
0
VERTEX
8
PART_BOT_2DLINE_00
10
-1.4
20
-0.6
0
SEQEND
0
INSERT
2
SMOOTH_0$125
8
PART_BOT_2DLINE_00
10
-1.4
20
0.6
0
INSERT
2
SMOOTH_0$125
8
PART_BOT_2DLINE_00
10
1.4
20
0.6
0
INSERT
2
SMOOTH_0$125
8
PART_BOT_2DLINE_00
10
1.4
20
-0.6
0
INSERT
2
SMOOTH_0$125
8
PART_BOT_2DLINE_00
10
-1.4
20
-0.6
0
POLYLINE
8
PART_BOT_2DLINE_00
66
1
40
0.125
41
0.125
0
VERTEX
8
PART_BOT_2DLINE_00
10
0
20
0.59
0
VERTEX
8
PART_BOT_2DLINE_00
10
0
20
0.45
0
VERTEX
8
PART_BOT_2DLINE_00
10
-0.15
20
0.3
0
VERTEX
8
PART_BOT_2DLINE_00
10
0.15
20
0
0
VERTEX
8
PART_BOT_2DLINE_00
10
-0.15
20
-0.3
0
VERTEX
8
PART_BOT_2DLINE_00
10
0
20
-0.45
0
VERTEX
8
PART_BOT_2DLINE_00
10
0
20
-0.6
0
SEQEND
0
INSERT
2
SMOOTH_0$125
8
PART_BOT_2DLINE_00
10
0
20
0.59
0
INSERT
2
SMOOTH_0$125
8
PART_BOT_2DLINE_00
10
0
20
0.45
0
INSERT
2
SMOOTH_0$125
8
PART_BOT_2DLINE_00
10
-0.15
20
0.3
0
INSERT
2
SMOOTH_0$125
8
PART_BOT_2DLINE_00
10
0.15
20
0
0
INSERT
2
SMOOTH_0$125
8
PART_BOT_2DLINE_00
10
-0.15
20
-0.3
0
INSERT
2
SMOOTH_0$125
8
PART_BOT_2DLINE_00
10
0
20
-0.45
0
INSERT
2
SMOOTH_0$125
8
PART_BOT_2DLINE_00
10
0
20
-0.6
0
ENDBLK
0
BLOCK
2
SYM_TOP_18
8
0
10
0
20
0
3
SYM_TOP_18
70
64
0
TEXT
8
SYM_NAME
10
0
20
0
40
1.0668
1
R1608_S
41
0.75
0
TEXT
8
SYM_PART_TYPE_01
10
0
20
0
40
0.875
1
 
72
1
73
1
11
0
21
0
41
0.75
7
W0$125R1
0
TEXT
8
SYM_PART_NAME_01
10
0
20
0
40
0.875
1
 
72
1
73
1
11
0
21
0
41
0.75
7
W0$125R1
0
INSERT
2
PART_BODY_TOP_80
8
0
10
0
20
0
0
INSERT
2
STK_TOP_25
8
0
10
-0.65
20
0
0
TEXT
8
SYM_TERMINAL
10
0
20
-3.048
40
1.778
1
1
0
INSERT
2
STK_TOP_25
8
0
10
0.65
20
0
0
TEXT
8
SYM_TERMINAL
10
0
20
-6.096
40
1.778
1
2
0
ENDBLK
0
BLOCK
2
PART_BODY_TOP_79
8
0
10
0
20
0
3
PART_BODY_TOP_79
70
64
0
POLYLINE
8
PART_TOP_2DLINE_00
66
1
40
0.125
41
0.125
70
1
0
VERTEX
8
PART_TOP_2DLINE_00
10
-1.4
20
0.6
0
VERTEX
8
PART_TOP_2DLINE_00
10
1.4
20
0.6
0
VERTEX
8
PART_TOP_2DLINE_00
10
1.4
20
-0.6
0
VERTEX
8
PART_TOP_2DLINE_00
10
-1.4
20
-0.6
0
SEQEND
0
INSERT
2
SMOOTH_0$125
8
PART_TOP_2DLINE_00
10
-1.4
20
0.6
0
INSERT
2
SMOOTH_0$125
8
PART_TOP_2DLINE_00
10
1.4
20
0.6
0
INSERT
2
SMOOTH_0$125
8
PART_TOP_2DLINE_00
10
1.4
20
-0.6
0
INSERT
2
SMOOTH_0$125
8
PART_TOP_2DLINE_00
10
-1.4
20
-0.6
0
POLYLINE
8
PART_TOP_2DLINE_00
66
1
40
0.125
41
0.125
0
VERTEX
8
PART_TOP_2DLINE_00
10
0
20
0.59
0
VERTEX
8
PART_TOP_2DLINE_00
10
0
20
0.45
0
VERTEX
8
PART_TOP_2DLINE_00
10
-0.15
20
0.3
0
VERTEX
8
PART_TOP_2DLINE_00
10
0.15
20
0
0
VERTEX
8
PART_TOP_2DLINE_00
10
-0.15
20
-0.3
0
VERTEX
8
PART_TOP_2DLINE_00
10
0
20
-0.45
0
VERTEX
8
PART_TOP_2DLINE_00
10
0
20
-0.6
0
SEQEND
0
INSERT
2
SMOOTH_0$125
8
PART_TOP_2DLINE_00
10
0
20
0.59
0
INSERT
2
SMOOTH_0$125
8
PART_TOP_2DLINE_00
10
0
20
0.45
0
INSERT
2
SMOOTH_0$125
8
PART_TOP_2DLINE_00
10
-0.15
20
0.3
0
INSERT
2
SMOOTH_0$125
8
PART_TOP_2DLINE_00
10
0.15
20
0
0
INSERT
2
SMOOTH_0$125
8
PART_TOP_2DLINE_00
10
-0.15
20
-0.3
0
INSERT
2
SMOOTH_0$125
8
PART_TOP_2DLINE_00
10
0
20
-0.45
0
INSERT
2
SMOOTH_0$125
8
PART_TOP_2DLINE_00
10
0
20
-0.6
0
ENDBLK
0
BLOCK
2
PART_BODY_BOT_81
8
0
10
0
20
0
3
PART_BODY_BOT_81
70
64
0
POLYLINE
8
PART_BOT_COPPER_01
6
TRMIDX_10
66
1
40
0.127
41
0.127
39
-0.127
70
1
0
VERTEX
8
PART_BOT_COPPER_01
10
-2.7
20
-0.1
0
VERTEX
8
PART_BOT_COPPER_01
10
-4.65
20
-0.1
0
VERTEX
8
PART_BOT_COPPER_01
10
-4.65
20
-0.6
0
VERTEX
8
PART_BOT_COPPER_01
10
-5.35
20
-0.6
0
VERTEX
8
PART_BOT_COPPER_01
10
-5.35
20
-1.7
0
VERTEX
8
PART_BOT_COPPER_01
10
-3.95
20
-1.7
0
VERTEX
8
PART_BOT_COPPER_01
10
-3.95
20
-2.4
0
VERTEX
8
PART_BOT_COPPER_01
10
-2.7
20
-2.4
0
SEQEND
0
INSERT
2
SMOOTH_0$127
8
PART_BOT_COPPER_01
10
-2.7
20
-0.1
0
INSERT
2
SMOOTH_0$127
8
PART_BOT_COPPER_01
10
-4.65
20
-0.1
0
INSERT
2
SMOOTH_0$127
8
PART_BOT_COPPER_01
10
-4.65
20
-0.6
0
INSERT
2
SMOOTH_0$127
8
PART_BOT_COPPER_01
10
-5.35
20
-0.6
0
INSERT
2
SMOOTH_0$127
8
PART_BOT_COPPER_01
10
-5.35
20
-1.7
0
INSERT
2
SMOOTH_0$127
8
PART_BOT_COPPER_01
10
-3.95
20
-1.7
0
INSERT
2
SMOOTH_0$127
8
PART_BOT_COPPER_01
10
-3.95
20
-2.4
0
INSERT
2
SMOOTH_0$127
8
PART_BOT_COPPER_01
10
-2.7
20
-2.4
0
POLYLINE
8
PART_BOT_COPPER_01
6
TRMIDX_11
66
1
40
0.127
41
0.127
39
-0.127
70
1
0
VERTEX
8
PART_BOT_COPPER_01
10
2.7
20
-0.1
0
VERTEX
8
PART_BOT_COPPER_01
10
4.65
20
-0.1
0
VERTEX
8
PART_BOT_COPPER_01
10
4.65
20
-0.6
0
VERTEX
8
PART_BOT_COPPER_01
10
5.35
20
-0.6
0
VERTEX
8
PART_BOT_COPPER_01
10
5.35
20
-1.7
0
VERTEX
8
PART_BOT_COPPER_01
10
3.95
20
-1.7
0
VERTEX
8
PART_BOT_COPPER_01
10
3.95
20
-2.4
0
VERTEX
8
PART_BOT_COPPER_01
10
2.7
20
-2.4
0
SEQEND
0
INSERT
2
SMOOTH_0$127
8
PART_BOT_COPPER_01
10
2.7
20
-0.1
0
INSERT
2
SMOOTH_0$127
8
PART_BOT_COPPER_01
10
4.65
20
-0.1
0
INSERT
2
SMOOTH_0$127
8
PART_BOT_COPPER_01
10
4.65
20
-0.6
0
INSERT
2
SMOOTH_0$127
8
PART_BOT_COPPER_01
10
5.35
20
-0.6
0
INSERT
2
SMOOTH_0$127
8
PART_BOT_COPPER_01
10
5.35
20
-1.7
0
INSERT
2
SMOOTH_0$127
8
PART_BOT_COPPER_01
10
3.95
20
-1.7
0
INSERT
2
SMOOTH_0$127
8
PART_BOT_COPPER_01
10
3.95
20
-2.4
0
INSERT
2
SMOOTH_0$127
8
PART_BOT_COPPER_01
10
2.7
20
-2.4
0
POLYLINE
8
PART_BOT_2DLINE_00
66
1
40
0.125
41
0.125
39
-0.127
0
VERTEX
8
PART_BOT_2DLINE_00
10
-2.4
20
-0.3
0
VERTEX
8
PART_BOT_2DLINE_00
10
-2.7
20
-0.3
0
SEQEND
0
INSERT
2
SMOOTH_0$125
8
PART_BOT_2DLINE_00
10
-2.4
20
-0.3
0
INSERT
2
SMOOTH_0$125
8
PART_BOT_2DLINE_00
10
-2.7
20
-0.3
0
POLYLINE
8
PART_BOT_2DLINE_00
66
1
40
0.125
41
0.125
39
-0.127
0
VERTEX
8
PART_BOT_2DLINE_00
10
2.4
20
-0.3
0
VERTEX
8
PART_BOT_2DLINE_00
10
2.7
20
-0.3
0
SEQEND
0
INSERT
2
SMOOTH_0$125
8
PART_BOT_2DLINE_00
10
2.4
20
-0.3
0
INSERT
2
SMOOTH_0$125
8
PART_BOT_2DLINE_00
10
2.7
20
-0.3
0
POLYLINE
8
PART_BOT_2DLINE_00
66
1
40
0.125
41
0.125
39
-0.127
0
VERTEX
8
PART_BOT_2DLINE_00
10
-4.45
20
-1.8
0
VERTEX
8
PART_BOT_2DLINE_00
10
-4.45
20
-2.9
0
VERTEX
8
PART_BOT_2DLINE_00
10
-5.25
20
-2.9
0
VERTEX
8
PART_BOT_2DLINE_00
10
-5.25
20
-4.3
0
VERTEX
8
PART_BOT_2DLINE_00
10
5.25
20
-4.3
0
VERTEX
8
PART_BOT_2DLINE_00
10
5.25
20
-2.9
0
VERTEX
8
PART_BOT_2DLINE_00
10
4.45
20
-2.9
0
VERTEX
8
PART_BOT_2DLINE_00
10
4.45
20
-1.8
0
SEQEND
0
INSERT
2
SMOOTH_0$125
8
PART_BOT_2DLINE_00
10
-4.45
20
-1.8
0
INSERT
2
SMOOTH_0$125
8
PART_BOT_2DLINE_00
10
-4.45
20
-2.9
0
INSERT
2
SMOOTH_0$125
8
PART_BOT_2DLINE_00
10
-5.25
20
-2.9
0
INSERT
2
SMOOTH_0$125
8
PART_BOT_2DLINE_00
10
-5.25
20
-4.3
0
INSERT
2
SMOOTH_0$125
8
PART_BOT_2DLINE_00
10
5.25
20
-4.3
0
INSERT
2
SMOOTH_0$125
8
PART_BOT_2DLINE_00
10
5.25
20
-2.9
0
INSERT
2
SMOOTH_0$125
8
PART_BOT_2DLINE_00
10
4.45
20
-2.9
0
INSERT
2
SMOOTH_0$125
8
PART_BOT_2DLINE_00
10
4.45
20
-1.8
0
POLYLINE
8
PART_BOT_2DLINE_00
66
1
40
0.125
41
0.125
39
-0.127
70
1
0
VERTEX
8
PART_BOT_2DLINE_00
10
-2.25
20
1
0
VERTEX
8
PART_BOT_2DLINE_00
10
-2.75
20
1.5
0
VERTEX
8
PART_BOT_2DLINE_00
10
-1.75
20
1.5
0
SEQEND
0
INSERT
2
SMOOTH_0$125
8
PART_BOT_2DLINE_00
10
-2.25
20
1
0
INSERT
2
SMOOTH_0$125
8
PART_BOT_2DLINE_00
10
-2.75
20
1.5
0
INSERT
2
SMOOTH_0$125
8
PART_BOT_2DLINE_00
10
-1.75
20
1.5
0
ENDBLK
0
BLOCK
2
STK_BOT_26
8
0
10
0
20
0
3
STK_BOT_26
70
64
0
INSERT
2
DRIL_HOLE_0
8
DRIL_NPLTE_THRU_01
10
0
20
0
0
INSERT
2
DRIL_HOLE_0
8
DRIL_NPLTE_THRU_02
10
0
20
0
0
INSERT
2
DRIL_HOLE_0
8
DRIL_NPLTE_THRU_03
10
0
20
0
0
INSERT
2
DRIL_HOLE_0
8
DRIL_NPLTE_THRU_04
10
0
20
0
0
INSERT
2
PAD_0
8
PADS_INNER
10
0
20
0
0
INSERT
2
PAD_18
8
PADS_BOT
10
0
20
0
50
90
0
INSERT
2
PAD_0
8
PADS_TOP
10
0
20
0
0
ENDBLK
0
BLOCK
2
STK_BOT_27
8
0
10
0
20
0
3
STK_BOT_27
70
64
0
INSERT
2
DRIL_HOLE_0
8
DRIL_NPLTE_THRU_01
10
0
20
0
0
INSERT
2
DRIL_HOLE_0
8
DRIL_NPLTE_THRU_02
10
0
20
0
0
INSERT
2
DRIL_HOLE_0
8
DRIL_NPLTE_THRU_03
10
0
20
0
0
INSERT
2
DRIL_HOLE_0
8
DRIL_NPLTE_THRU_04
10
0
20
0
0
INSERT
2
PAD_0
8
PADS_INNER
10
0
20
0
0
INSERT
2
PAD_19
8
PADS_BOT
10
0
20
0
0
INSERT
2
PAD_0
8
PADS_TOP
10
0
20
0
0
ENDBLK
0
BLOCK
2
PART_BODY_BOT_82
8
0
10
0
20
0
3
PART_BODY_BOT_82
70
64
0
POLYLINE
8
PART_BOT_COPPER_01
6
TRMIDX_16
66
1
40
0.127
41
0.127
39
-0.127
70
1
0
VERTEX
8
PART_BOT_COPPER_01
10
-4.2
20
-0.1
0
VERTEX
8
PART_BOT_COPPER_01
10
-6.15
20
-0.1
0
VERTEX
8
PART_BOT_COPPER_01
10
-6.15
20
-0.6
0
VERTEX
8
PART_BOT_COPPER_01
10
-6.85
20
-0.6
0
VERTEX
8
PART_BOT_COPPER_01
10
-6.85
20
-1.7
0
VERTEX
8
PART_BOT_COPPER_01
10
-5.45
20
-1.7
0
VERTEX
8
PART_BOT_COPPER_01
10
-5.45
20
-2.4
0
VERTEX
8
PART_BOT_COPPER_01
10
-4.2
20
-2.4
0
SEQEND
0
INSERT
2
SMOOTH_0$127
8
PART_BOT_COPPER_01
10
-4.2
20
-0.1
0
INSERT
2
SMOOTH_0$127
8
PART_BOT_COPPER_01
10
-6.15
20
-0.1
0
INSERT
2
SMOOTH_0$127
8
PART_BOT_COPPER_01
10
-6.15
20
-0.6
0
INSERT
2
SMOOTH_0$127
8
PART_BOT_COPPER_01
10
-6.85
20
-0.6
0
INSERT
2
SMOOTH_0$127
8
PART_BOT_COPPER_01
10
-6.85
20
-1.7
0
INSERT
2
SMOOTH_0$127
8
PART_BOT_COPPER_01
10
-5.45
20
-1.7
0
INSERT
2
SMOOTH_0$127
8
PART_BOT_COPPER_01
10
-5.45
20
-2.4
0
INSERT
2
SMOOTH_0$127
8
PART_BOT_COPPER_01
10
-4.2
20
-2.4
0
POLYLINE
8
PART_BOT_COPPER_01
6
TRMIDX_17
66
1
40
0.127
41
0.127
39
-0.127
70
1
0
VERTEX
8
PART_BOT_COPPER_01
10
4.2
20
-0.1
0
VERTEX
8
PART_BOT_COPPER_01
10
6.15
20
-0.1
0
VERTEX
8
PART_BOT_COPPER_01
10
6.15
20
-0.6
0
VERTEX
8
PART_BOT_COPPER_01
10
6.85
20
-0.6
0
VERTEX
8
PART_BOT_COPPER_01
10
6.85
20
-1.7
0
VERTEX
8
PART_BOT_COPPER_01
10
5.45
20
-1.7
0
VERTEX
8
PART_BOT_COPPER_01
10
5.45
20
-2.4
0
VERTEX
8
PART_BOT_COPPER_01
10
4.2
20
-2.4
0
SEQEND
0
INSERT
2
SMOOTH_0$127
8
PART_BOT_COPPER_01
10
4.2
20
-0.1
0
INSERT
2
SMOOTH_0$127
8
PART_BOT_COPPER_01
10
6.15
20
-0.1
0
INSERT
2
SMOOTH_0$127
8
PART_BOT_COPPER_01
10
6.15
20
-0.6
0
INSERT
2
SMOOTH_0$127
8
PART_BOT_COPPER_01
10
6.85
20
-0.6
0
INSERT
2
SMOOTH_0$127
8
PART_BOT_COPPER_01
10
6.85
20
-1.7
0
INSERT
2
SMOOTH_0$127
8
PART_BOT_COPPER_01
10
5.45
20
-1.7
0
INSERT
2
SMOOTH_0$127
8
PART_BOT_COPPER_01
10
5.45
20
-2.4
0
INSERT
2
SMOOTH_0$127
8
PART_BOT_COPPER_01
10
4.2
20
-2.4
0
POLYLINE
8
PART_BOT_2DLINE_00
66
1
40
0.125
41
0.125
39
-0.127
0
VERTEX
8
PART_BOT_2DLINE_00
10
-3.9
20
-0.3
0
VERTEX
8
PART_BOT_2DLINE_00
10
-4.2
20
-0.3
0
SEQEND
0
INSERT
2
SMOOTH_0$125
8
PART_BOT_2DLINE_00
10
-3.9
20
-0.3
0
INSERT
2
SMOOTH_0$125
8
PART_BOT_2DLINE_00
10
-4.2
20
-0.3
0
POLYLINE
8
PART_BOT_2DLINE_00
66
1
40
0.125
41
0.125
39
-0.127
0
VERTEX
8
PART_BOT_2DLINE_00
10
3.9
20
-0.3
0
VERTEX
8
PART_BOT_2DLINE_00
10
4.2
20
-0.3
0
SEQEND
0
INSERT
2
SMOOTH_0$125
8
PART_BOT_2DLINE_00
10
3.9
20
-0.3
0
INSERT
2
SMOOTH_0$125
8
PART_BOT_2DLINE_00
10
4.2
20
-0.3
0
POLYLINE
8
PART_BOT_2DLINE_00
66
1
40
0.125
41
0.125
39
-0.127
0
VERTEX
8
PART_BOT_2DLINE_00
10
-5.95
20
-1.8
0
VERTEX
8
PART_BOT_2DLINE_00
10
-5.95
20
-2.9
0
VERTEX
8
PART_BOT_2DLINE_00
10
-6.75
20
-2.9
0
VERTEX
8
PART_BOT_2DLINE_00
10
-6.75
20
-4.3
0
VERTEX
8
PART_BOT_2DLINE_00
10
6.75
20
-4.3
0
VERTEX
8
PART_BOT_2DLINE_00
10
6.75
20
-2.9
0
VERTEX
8
PART_BOT_2DLINE_00
10
5.95
20
-2.9
0
VERTEX
8
PART_BOT_2DLINE_00
10
5.95
20
-1.8
0
SEQEND
0
INSERT
2
SMOOTH_0$125
8
PART_BOT_2DLINE_00
10
-5.95
20
-1.8
0
INSERT
2
SMOOTH_0$125
8
PART_BOT_2DLINE_00
10
-5.95
20
-2.9
0
INSERT
2
SMOOTH_0$125
8
PART_BOT_2DLINE_00
10
-6.75
20
-2.9
0
INSERT
2
SMOOTH_0$125
8
PART_BOT_2DLINE_00
10
-6.75
20
-4.3
0
INSERT
2
SMOOTH_0$125
8
PART_BOT_2DLINE_00
10
6.75
20
-4.3
0
INSERT
2
SMOOTH_0$125
8
PART_BOT_2DLINE_00
10
6.75
20
-2.9
0
INSERT
2
SMOOTH_0$125
8
PART_BOT_2DLINE_00
10
5.95
20
-2.9
0
INSERT
2
SMOOTH_0$125
8
PART_BOT_2DLINE_00
10
5.95
20
-1.8
0
POLYLINE
8
PART_BOT_2DLINE_00
66
1
40
0.125
41
0.125
39
-0.127
70
1
0
VERTEX
8
PART_BOT_2DLINE_00
10
-3.75
20
1
0
VERTEX
8
PART_BOT_2DLINE_00
10
-4.25
20
1.5
0
VERTEX
8
PART_BOT_2DLINE_00
10
-3.25
20
1.5
0
SEQEND
0
INSERT
2
SMOOTH_0$125
8
PART_BOT_2DLINE_00
10
-3.75
20
1
0
INSERT
2
SMOOTH_0$125
8
PART_BOT_2DLINE_00
10
-4.25
20
1.5
0
INSERT
2
SMOOTH_0$125
8
PART_BOT_2DLINE_00
10
-3.25
20
1.5
0
ENDBLK
0
BLOCK
2
PART_BODY_TOP_82
8
0
10
0
20
0
3
PART_BODY_TOP_82
70
64
0
POLYLINE
8
PART_TOP_COPPER_01
6
TRMIDX_16
66
1
40
0.127
41
0.127
39
0.127
70
1
0
VERTEX
8
PART_TOP_COPPER_01
10
-4.2
20
-0.1
0
VERTEX
8
PART_TOP_COPPER_01
10
-6.15
20
-0.1
0
VERTEX
8
PART_TOP_COPPER_01
10
-6.15
20
-0.6
0
VERTEX
8
PART_TOP_COPPER_01
10
-6.85
20
-0.6
0
VERTEX
8
PART_TOP_COPPER_01
10
-6.85
20
-1.7
0
VERTEX
8
PART_TOP_COPPER_01
10
-5.45
20
-1.7
0
VERTEX
8
PART_TOP_COPPER_01
10
-5.45
20
-2.4
0
VERTEX
8
PART_TOP_COPPER_01
10
-4.2
20
-2.4
0
SEQEND
0
INSERT
2
SMOOTH_0$127
8
PART_TOP_COPPER_01
10
-4.2
20
-0.1
0
INSERT
2
SMOOTH_0$127
8
PART_TOP_COPPER_01
10
-6.15
20
-0.1
0
INSERT
2
SMOOTH_0$127
8
PART_TOP_COPPER_01
10
-6.15
20
-0.6
0
INSERT
2
SMOOTH_0$127
8
PART_TOP_COPPER_01
10
-6.85
20
-0.6
0
INSERT
2
SMOOTH_0$127
8
PART_TOP_COPPER_01
10
-6.85
20
-1.7
0
INSERT
2
SMOOTH_0$127
8
PART_TOP_COPPER_01
10
-5.45
20
-1.7
0
INSERT
2
SMOOTH_0$127
8
PART_TOP_COPPER_01
10
-5.45
20
-2.4
0
INSERT
2
SMOOTH_0$127
8
PART_TOP_COPPER_01
10
-4.2
20
-2.4
0
POLYLINE
8
PART_TOP_COPPER_01
6
TRMIDX_17
66
1
40
0.127
41
0.127
39
0.127
70
1
0
VERTEX
8
PART_TOP_COPPER_01
10
4.2
20
-0.1
0
VERTEX
8
PART_TOP_COPPER_01
10
6.15
20
-0.1
0
VERTEX
8
PART_TOP_COPPER_01
10
6.15
20
-0.6
0
VERTEX
8
PART_TOP_COPPER_01
10
6.85
20
-0.6
0
VERTEX
8
PART_TOP_COPPER_01
10
6.85
20
-1.7
0
VERTEX
8
PART_TOP_COPPER_01
10
5.45
20
-1.7
0
VERTEX
8
PART_TOP_COPPER_01
10
5.45
20
-2.4
0
VERTEX
8
PART_TOP_COPPER_01
10
4.2
20
-2.4
0
SEQEND
0
INSERT
2
SMOOTH_0$127
8
PART_TOP_COPPER_01
10
4.2
20
-0.1
0
INSERT
2
SMOOTH_0$127
8
PART_TOP_COPPER_01
10
6.15
20
-0.1
0
INSERT
2
SMOOTH_0$127
8
PART_TOP_COPPER_01
10
6.15
20
-0.6
0
INSERT
2
SMOOTH_0$127
8
PART_TOP_COPPER_01
10
6.85
20
-0.6
0
INSERT
2
SMOOTH_0$127
8
PART_TOP_COPPER_01
10
6.85
20
-1.7
0
INSERT
2
SMOOTH_0$127
8
PART_TOP_COPPER_01
10
5.45
20
-1.7
0
INSERT
2
SMOOTH_0$127
8
PART_TOP_COPPER_01
10
5.45
20
-2.4
0
INSERT
2
SMOOTH_0$127
8
PART_TOP_COPPER_01
10
4.2
20
-2.4
0
POLYLINE
8
PART_TOP_2DLINE_00
66
1
40
0.125
41
0.125
39
0.127
0
VERTEX
8
PART_TOP_2DLINE_00
10
-3.9
20
-0.3
0
VERTEX
8
PART_TOP_2DLINE_00
10
-4.2
20
-0.3
0
SEQEND
0
INSERT
2
SMOOTH_0$125
8
PART_TOP_2DLINE_00
10
-3.9
20
-0.3
0
INSERT
2
SMOOTH_0$125
8
PART_TOP_2DLINE_00
10
-4.2
20
-0.3
0
POLYLINE
8
PART_TOP_2DLINE_00
66
1
40
0.125
41
0.125
39
0.127
0
VERTEX
8
PART_TOP_2DLINE_00
10
3.9
20
-0.3
0
VERTEX
8
PART_TOP_2DLINE_00
10
4.2
20
-0.3
0
SEQEND
0
INSERT
2
SMOOTH_0$125
8
PART_TOP_2DLINE_00
10
3.9
20
-0.3
0
INSERT
2
SMOOTH_0$125
8
PART_TOP_2DLINE_00
10
4.2
20
-0.3
0
POLYLINE
8
PART_TOP_2DLINE_00
66
1
40
0.125
41
0.125
39
0.127
0
VERTEX
8
PART_TOP_2DLINE_00
10
-5.95
20
-1.8
0
VERTEX
8
PART_TOP_2DLINE_00
10
-5.95
20
-2.9
0
VERTEX
8
PART_TOP_2DLINE_00
10
-6.75
20
-2.9
0
VERTEX
8
PART_TOP_2DLINE_00
10
-6.75
20
-4.3
0
VERTEX
8
PART_TOP_2DLINE_00
10
6.75
20
-4.3
0
VERTEX
8
PART_TOP_2DLINE_00
10
6.75
20
-2.9
0
VERTEX
8
PART_TOP_2DLINE_00
10
5.95
20
-2.9
0
VERTEX
8
PART_TOP_2DLINE_00
10
5.95
20
-1.8
0
SEQEND
0
INSERT
2
SMOOTH_0$125
8
PART_TOP_2DLINE_00
10
-5.95
20
-1.8
0
INSERT
2
SMOOTH_0$125
8
PART_TOP_2DLINE_00
10
-5.95
20
-2.9
0
INSERT
2
SMOOTH_0$125
8
PART_TOP_2DLINE_00
10
-6.75
20
-2.9
0
INSERT
2
SMOOTH_0$125
8
PART_TOP_2DLINE_00
10
-6.75
20
-4.3
0
INSERT
2
SMOOTH_0$125
8
PART_TOP_2DLINE_00
10
6.75
20
-4.3
0
INSERT
2
SMOOTH_0$125
8
PART_TOP_2DLINE_00
10
6.75
20
-2.9
0
INSERT
2
SMOOTH_0$125
8
PART_TOP_2DLINE_00
10
5.95
20
-2.9
0
INSERT
2
SMOOTH_0$125
8
PART_TOP_2DLINE_00
10
5.95
20
-1.8
0
POLYLINE
8
PART_TOP_2DLINE_00
66
1
40
0.125
41
0.125
39
0.127
70
1
0
VERTEX
8
PART_TOP_2DLINE_00
10
-3.75
20
1
0
VERTEX
8
PART_TOP_2DLINE_00
10
-4.25
20
1.5
0
VERTEX
8
PART_TOP_2DLINE_00
10
-3.25
20
1.5
0
SEQEND
0
INSERT
2
SMOOTH_0$125
8
PART_TOP_2DLINE_00
10
-3.75
20
1
0
INSERT
2
SMOOTH_0$125
8
PART_TOP_2DLINE_00
10
-4.25
20
1.5
0
INSERT
2
SMOOTH_0$125
8
PART_TOP_2DLINE_00
10
-3.25
20
1.5
0
ENDBLK
0
BLOCK
2
STK_TOP_26
8
0
10
0
20
0
3
STK_TOP_26
70
64
0
INSERT
2
DRIL_HOLE_0
8
DRIL_NPLTE_THRU_01
10
0
20
0
0
INSERT
2
DRIL_HOLE_0
8
DRIL_NPLTE_THRU_02
10
0
20
0
0
INSERT
2
DRIL_HOLE_0
8
DRIL_NPLTE_THRU_03
10
0
20
0
0
INSERT
2
DRIL_HOLE_0
8
DRIL_NPLTE_THRU_04
10
0
20
0
0
INSERT
2
PAD_0
8
PADS_INNER
10
0
20
0
0
INSERT
2
PAD_0
8
PADS_BOT
10
0
20
0
0
INSERT
2
PAD_18
8
PADS_TOP
10
0
20
0
50
90
0
ENDBLK
0
BLOCK
2
STK_TOP_27
8
0
10
0
20
0
3
STK_TOP_27
70
64
0
INSERT
2
DRIL_HOLE_0
8
DRIL_NPLTE_THRU_01
10
0
20
0
0
INSERT
2
DRIL_HOLE_0
8
DRIL_NPLTE_THRU_02
10
0
20
0
0
INSERT
2
DRIL_HOLE_0
8
DRIL_NPLTE_THRU_03
10
0
20
0
0
INSERT
2
DRIL_HOLE_0
8
DRIL_NPLTE_THRU_04
10
0
20
0
0
INSERT
2
PAD_0
8
PADS_INNER
10
0
20
0
0
INSERT
2
PAD_0
8
PADS_BOT
10
0
20
0
0
INSERT
2
PAD_19
8
PADS_TOP
10
0
20
0
0
ENDBLK
0
BLOCK
2
PART_BODY_BOT_83
8
0
10
0
20
0
3
PART_BODY_BOT_83
70
64
0
POLYLINE
8
PART_BOT_COPPER_01
6
TRMIDX_20
66
1
40
0.127
41
0.127
39
-0.127
70
1
0
VERTEX
8
PART_BOT_COPPER_01
10
-5.2
20
-0.1
0
VERTEX
8
PART_BOT_COPPER_01
10
-7.15
20
-0.1
0
VERTEX
8
PART_BOT_COPPER_01
10
-7.15
20
-0.6
0
VERTEX
8
PART_BOT_COPPER_01
10
-7.85
20
-0.6
0
VERTEX
8
PART_BOT_COPPER_01
10
-7.85
20
-1.7
0
VERTEX
8
PART_BOT_COPPER_01
10
-6.45
20
-1.7
0
VERTEX
8
PART_BOT_COPPER_01
10
-6.45
20
-2.4
0
VERTEX
8
PART_BOT_COPPER_01
10
-5.2
20
-2.4
0
SEQEND
0
INSERT
2
SMOOTH_0$127
8
PART_BOT_COPPER_01
10
-5.2
20
-0.1
0
INSERT
2
SMOOTH_0$127
8
PART_BOT_COPPER_01
10
-7.15
20
-0.1
0
INSERT
2
SMOOTH_0$127
8
PART_BOT_COPPER_01
10
-7.15
20
-0.6
0
INSERT
2
SMOOTH_0$127
8
PART_BOT_COPPER_01
10
-7.85
20
-0.6
0
INSERT
2
SMOOTH_0$127
8
PART_BOT_COPPER_01
10
-7.85
20
-1.7
0
INSERT
2
SMOOTH_0$127
8
PART_BOT_COPPER_01
10
-6.45
20
-1.7
0
INSERT
2
SMOOTH_0$127
8
PART_BOT_COPPER_01
10
-6.45
20
-2.4
0
INSERT
2
SMOOTH_0$127
8
PART_BOT_COPPER_01
10
-5.2
20
-2.4
0
POLYLINE
8
PART_BOT_COPPER_01
6
TRMIDX_21
66
1
40
0.127
41
0.127
39
-0.127
70
1
0
VERTEX
8
PART_BOT_COPPER_01
10
5.2
20
-0.1
0
VERTEX
8
PART_BOT_COPPER_01
10
7.15
20
-0.1
0
VERTEX
8
PART_BOT_COPPER_01
10
7.15
20
-0.6
0
VERTEX
8
PART_BOT_COPPER_01
10
7.85
20
-0.6
0
VERTEX
8
PART_BOT_COPPER_01
10
7.85
20
-1.7
0
VERTEX
8
PART_BOT_COPPER_01
10
6.45
20
-1.7
0
VERTEX
8
PART_BOT_COPPER_01
10
6.45
20
-2.4
0
VERTEX
8
PART_BOT_COPPER_01
10
5.2
20
-2.4
0
SEQEND
0
INSERT
2
SMOOTH_0$127
8
PART_BOT_COPPER_01
10
5.2
20
-0.1
0
INSERT
2
SMOOTH_0$127
8
PART_BOT_COPPER_01
10
7.15
20
-0.1
0
INSERT
2
SMOOTH_0$127
8
PART_BOT_COPPER_01
10
7.15
20
-0.6
0
INSERT
2
SMOOTH_0$127
8
PART_BOT_COPPER_01
10
7.85
20
-0.6
0
INSERT
2
SMOOTH_0$127
8
PART_BOT_COPPER_01
10
7.85
20
-1.7
0
INSERT
2
SMOOTH_0$127
8
PART_BOT_COPPER_01
10
6.45
20
-1.7
0
INSERT
2
SMOOTH_0$127
8
PART_BOT_COPPER_01
10
6.45
20
-2.4
0
INSERT
2
SMOOTH_0$127
8
PART_BOT_COPPER_01
10
5.2
20
-2.4
0
POLYLINE
8
PART_BOT_2DLINE_00
66
1
40
0.125
41
0.125
39
-0.127
0
VERTEX
8
PART_BOT_2DLINE_00
10
-4.9
20
-0.3
0
VERTEX
8
PART_BOT_2DLINE_00
10
-5.2
20
-0.3
0
SEQEND
0
INSERT
2
SMOOTH_0$125
8
PART_BOT_2DLINE_00
10
-4.9
20
-0.3
0
INSERT
2
SMOOTH_0$125
8
PART_BOT_2DLINE_00
10
-5.2
20
-0.3
0
POLYLINE
8
PART_BOT_2DLINE_00
66
1
40
0.125
41
0.125
39
-0.127
0
VERTEX
8
PART_BOT_2DLINE_00
10
4.9
20
-0.3
0
VERTEX
8
PART_BOT_2DLINE_00
10
5.2
20
-0.3
0
SEQEND
0
INSERT
2
SMOOTH_0$125
8
PART_BOT_2DLINE_00
10
4.9
20
-0.3
0
INSERT
2
SMOOTH_0$125
8
PART_BOT_2DLINE_00
10
5.2
20
-0.3
0
POLYLINE
8
PART_BOT_2DLINE_00
66
1
40
0.125
41
0.125
39
-0.127
0
VERTEX
8
PART_BOT_2DLINE_00
10
-6.95
20
-1.8
0
VERTEX
8
PART_BOT_2DLINE_00
10
-6.95
20
-2.9
0
VERTEX
8
PART_BOT_2DLINE_00
10
-7.75
20
-2.9
0
VERTEX
8
PART_BOT_2DLINE_00
10
-7.75
20
-4.3
0
VERTEX
8
PART_BOT_2DLINE_00
10
7.75
20
-4.3
0
VERTEX
8
PART_BOT_2DLINE_00
10
7.75
20
-2.9
0
VERTEX
8
PART_BOT_2DLINE_00
10
6.95
20
-2.9
0
VERTEX
8
PART_BOT_2DLINE_00
10
6.95
20
-1.8
0
SEQEND
0
INSERT
2
SMOOTH_0$125
8
PART_BOT_2DLINE_00
10
-6.95
20
-1.8
0
INSERT
2
SMOOTH_0$125
8
PART_BOT_2DLINE_00
10
-6.95
20
-2.9
0
INSERT
2
SMOOTH_0$125
8
PART_BOT_2DLINE_00
10
-7.75
20
-2.9
0
INSERT
2
SMOOTH_0$125
8
PART_BOT_2DLINE_00
10
-7.75
20
-4.3
0
INSERT
2
SMOOTH_0$125
8
PART_BOT_2DLINE_00
10
7.75
20
-4.3
0
INSERT
2
SMOOTH_0$125
8
PART_BOT_2DLINE_00
10
7.75
20
-2.9
0
INSERT
2
SMOOTH_0$125
8
PART_BOT_2DLINE_00
10
6.95
20
-2.9
0
INSERT
2
SMOOTH_0$125
8
PART_BOT_2DLINE_00
10
6.95
20
-1.8
0
POLYLINE
8
PART_BOT_2DLINE_00
66
1
40
0.125
41
0.125
39
-0.127
70
1
0
VERTEX
8
PART_BOT_2DLINE_00
10
-4.75
20
1
0
VERTEX
8
PART_BOT_2DLINE_00
10
-5.25
20
1.5
0
VERTEX
8
PART_BOT_2DLINE_00
10
-4.25
20
1.5
0
SEQEND
0
INSERT
2
SMOOTH_0$125
8
PART_BOT_2DLINE_00
10
-4.75
20
1
0
INSERT
2
SMOOTH_0$125
8
PART_BOT_2DLINE_00
10
-5.25
20
1.5
0
INSERT
2
SMOOTH_0$125
8
PART_BOT_2DLINE_00
10
-4.25
20
1.5
0
ENDBLK
0
BLOCK
2
PART_BODY_TOP_84
8
0
10
0
20
0
3
PART_BODY_TOP_84
70
64
0
POLYLINE
8
PART_TOP_2DLINE_01
66
1
40
0.125
41
0.125
0
VERTEX
8
PART_TOP_2DLINE_01
10
-0.6
20
0
0
VERTEX
8
PART_TOP_2DLINE_01
10
0.4
20
1
0
VERTEX
8
PART_TOP_2DLINE_01
10
0.4
20
-1
0
VERTEX
8
PART_TOP_2DLINE_01
10
-0.6
20
0
0
SEQEND
0
INSERT
2
SMOOTH_0$125
8
PART_TOP_2DLINE_01
10
-0.6
20
0
0
INSERT
2
SMOOTH_0$125
8
PART_TOP_2DLINE_01
10
0.4
20
1
0
INSERT
2
SMOOTH_0$125
8
PART_TOP_2DLINE_01
10
0.4
20
-1
0
INSERT
2
SMOOTH_0$125
8
PART_TOP_2DLINE_01
10
-0.6
20
0
0
POLYLINE
8
PART_TOP_2DLINE_01
66
1
40
0.125
41
0.125
0
VERTEX
8
PART_TOP_2DLINE_01
10
-0.6
20
1
0
VERTEX
8
PART_TOP_2DLINE_01
10
-0.6
20
-1
0
SEQEND
0
INSERT
2
SMOOTH_0$125
8
PART_TOP_2DLINE_01
10
-0.6
20
1
0
INSERT
2
SMOOTH_0$125
8
PART_TOP_2DLINE_01
10
-0.6
20
-1
0
POLYLINE
8
PART_TOP_2DLINE_00
66
1
40
0.125
41
0.125
0
VERTEX
8
PART_TOP_2DLINE_00
10
-1.5
20
0.7
0
VERTEX
8
PART_TOP_2DLINE_00
10
-1.5
20
1
0
VERTEX
8
PART_TOP_2DLINE_00
10
1.5
20
1
0
VERTEX
8
PART_TOP_2DLINE_00
10
1.5
20
0.7
0
SEQEND
0
INSERT
2
SMOOTH_0$125
8
PART_TOP_2DLINE_00
10
-1.5
20
0.7
0
INSERT
2
SMOOTH_0$125
8
PART_TOP_2DLINE_00
10
-1.5
20
1
0
INSERT
2
SMOOTH_0$125
8
PART_TOP_2DLINE_00
10
1.5
20
1
0
INSERT
2
SMOOTH_0$125
8
PART_TOP_2DLINE_00
10
1.5
20
0.7
0
POLYLINE
8
PART_TOP_2DLINE_00
66
1
40
0.125
41
0.125
0
VERTEX
8
PART_TOP_2DLINE_00
10
1.5
20
-0.7
0
VERTEX
8
PART_TOP_2DLINE_00
10
1.5
20
-1
0
VERTEX
8
PART_TOP_2DLINE_00
10
-1.5
20
-1
0
VERTEX
8
PART_TOP_2DLINE_00
10
-1.5
20
-0.7
0
SEQEND
0
INSERT
2
SMOOTH_0$125
8
PART_TOP_2DLINE_00
10
1.5
20
-0.7
0
INSERT
2
SMOOTH_0$125
8
PART_TOP_2DLINE_00
10
1.5
20
-1
0
INSERT
2
SMOOTH_0$125
8
PART_TOP_2DLINE_00
10
-1.5
20
-1
0
INSERT
2
SMOOTH_0$125
8
PART_TOP_2DLINE_00
10
-1.5
20
-0.7
0
ENDBLK
0
BLOCK
2
STK_TOP_28
8
0
10
0
20
0
3
STK_TOP_28
70
64
0
INSERT
2
DRIL_HOLE_0
8
DRIL_PLTE_THRU_01
10
0
20
0
0
INSERT
2
DRIL_HOLE_0
8
DRIL_PLTE_THRU_02
10
0
20
0
0
INSERT
2
DRIL_HOLE_0
8
DRIL_PLTE_THRU_03
10
0
20
0
0
INSERT
2
DRIL_HOLE_0
8
DRIL_PLTE_THRU_04
10
0
20
0
0
INSERT
2
PAD_0
8
PADS_INNER
10
0
20
0
0
INSERT
2
PAD_0
8
PADS_BOT
10
0
20
0
0
INSERT
2
PAD_20
8
PADS_TOP
10
0
20
0
50
90
0
ENDBLK
0
BLOCK
2
PART_BODY_TOP_85
8
0
10
0
20
0
3
PART_BODY_TOP_85
70
64
0
POLYLINE
8
PART_TOP_2DLINE_01
66
1
40
0.125
41
0.125
0
VERTEX
8
PART_TOP_2DLINE_01
10
0.15
20
-0.3
0
VERTEX
8
PART_TOP_2DLINE_01
10
0.15
20
0.3
0
VERTEX
8
PART_TOP_2DLINE_01
10
-0.15
20
0
0
VERTEX
8
PART_TOP_2DLINE_01
10
0.15
20
-0.3
0
SEQEND
0
INSERT
2
SMOOTH_0$125
8
PART_TOP_2DLINE_01
10
0.15
20
-0.3
0
INSERT
2
SMOOTH_0$125
8
PART_TOP_2DLINE_01
10
0.15
20
0.3
0
INSERT
2
SMOOTH_0$125
8
PART_TOP_2DLINE_01
10
-0.15
20
0
0
INSERT
2
SMOOTH_0$125
8
PART_TOP_2DLINE_01
10
0.15
20
-0.3
0
POLYLINE
8
PART_TOP_2DLINE_01
66
1
40
0.125
41
0.125
0
VERTEX
8
PART_TOP_2DLINE_01
10
-0.15
20
-0.3
0
VERTEX
8
PART_TOP_2DLINE_01
10
-0.15
20
0.3
0
SEQEND
0
INSERT
2
SMOOTH_0$125
8
PART_TOP_2DLINE_01
10
-0.15
20
-0.3
0
INSERT
2
SMOOTH_0$125
8
PART_TOP_2DLINE_01
10
-0.15
20
0.3
0
POLYLINE
8
PART_TOP_2DLINE_01
66
1
40
0.125
41
0.125
0
VERTEX
8
PART_TOP_2DLINE_01
10
-0.15
20
0
0
VERTEX
8
PART_TOP_2DLINE_01
10
-0.4
20
0
0
SEQEND
0
INSERT
2
SMOOTH_0$125
8
PART_TOP_2DLINE_01
10
-0.15
20
0
0
INSERT
2
SMOOTH_0$125
8
PART_TOP_2DLINE_01
10
-0.4
20
0
0
POLYLINE
8
PART_TOP_2DLINE_01
66
1
40
0.125
41
0.125
0
VERTEX
8
PART_TOP_2DLINE_01
10
0.15
20
0
0
VERTEX
8
PART_TOP_2DLINE_01
10
0.4
20
0
0
SEQEND
0
INSERT
2
SMOOTH_0$125
8
PART_TOP_2DLINE_01
10
0.15
20
0
0
INSERT
2
SMOOTH_0$125
8
PART_TOP_2DLINE_01
10
0.4
20
0
0
POLYLINE
8
PART_TOP_2DLINE_01
66
1
40
0.125
41
0.125
0
VERTEX
8
PART_TOP_2DLINE_01
10
0.65
20
-0.35
0
VERTEX
8
PART_TOP_2DLINE_01
10
0.65
20
-0.5
0
VERTEX
8
PART_TOP_2DLINE_01
10
-0.65
20
-0.5
0
VERTEX
8
PART_TOP_2DLINE_01
10
-0.65
20
-0.35
0
SEQEND
0
INSERT
2
SMOOTH_0$125
8
PART_TOP_2DLINE_01
10
0.65
20
-0.35
0
INSERT
2
SMOOTH_0$125
8
PART_TOP_2DLINE_01
10
0.65
20
-0.5
0
INSERT
2
SMOOTH_0$125
8
PART_TOP_2DLINE_01
10
-0.65
20
-0.5
0
INSERT
2
SMOOTH_0$125
8
PART_TOP_2DLINE_01
10
-0.65
20
-0.35
0
POLYLINE
8
PART_TOP_2DLINE_01
66
1
40
0.125
41
0.125
0
VERTEX
8
PART_TOP_2DLINE_01
10
-0.65
20
0.35
0
VERTEX
8
PART_TOP_2DLINE_01
10
-0.65
20
0.5
0
VERTEX
8
PART_TOP_2DLINE_01
10
0.65
20
0.5
0
VERTEX
8
PART_TOP_2DLINE_01
10
0.65
20
0.35
0
SEQEND
0
INSERT
2
SMOOTH_0$125
8
PART_TOP_2DLINE_01
10
-0.65
20
0.35
0
INSERT
2
SMOOTH_0$125
8
PART_TOP_2DLINE_01
10
-0.65
20
0.5
0
INSERT
2
SMOOTH_0$125
8
PART_TOP_2DLINE_01
10
0.65
20
0.5
0
INSERT
2
SMOOTH_0$125
8
PART_TOP_2DLINE_01
10
0.65
20
0.35
0
POLYLINE
8
PART_TOP_2DLINE_19
66
1
40
0.125
41
0.125
0
VERTEX
8
PART_TOP_2DLINE_19
10
-1.2
20
0.5
0
VERTEX
8
PART_TOP_2DLINE_19
10
1.2
20
0.5
0
VERTEX
8
PART_TOP_2DLINE_19
10
1.2
20
-0.5
0
VERTEX
8
PART_TOP_2DLINE_19
10
-1.2
20
-0.5
0
VERTEX
8
PART_TOP_2DLINE_19
10
-1.2
20
0.5
0
SEQEND
0
INSERT
2
SMOOTH_0$125
8
PART_TOP_2DLINE_19
10
-1.2
20
0.5
0
INSERT
2
SMOOTH_0$125
8
PART_TOP_2DLINE_19
10
1.2
20
0.5
0
INSERT
2
SMOOTH_0$125
8
PART_TOP_2DLINE_19
10
1.2
20
-0.5
0
INSERT
2
SMOOTH_0$125
8
PART_TOP_2DLINE_19
10
-1.2
20
-0.5
0
INSERT
2
SMOOTH_0$125
8
PART_TOP_2DLINE_19
10
-1.2
20
0.5
0
ENDBLK
0
BLOCK
2
STK_TOP_29
8
0
10
0
20
0
3
STK_TOP_29
70
64
0
INSERT
2
DRIL_HOLE_0
8
DRIL_PLTE_THRU_01
10
0
20
0
0
INSERT
2
DRIL_HOLE_0
8
DRIL_PLTE_THRU_02
10
0
20
0
0
INSERT
2
DRIL_HOLE_0
8
DRIL_PLTE_THRU_03
10
0
20
0
0
INSERT
2
DRIL_HOLE_0
8
DRIL_PLTE_THRU_04
10
0
20
0
0
INSERT
2
PAD_0
8
PADS_INNER
10
0
20
0
0
INSERT
2
PAD_0
8
PADS_BOT
10
0
20
0
0
INSERT
2
PAD_21
8
PADS_XR_23
10
0
20
0
0
INSERT
2
PAD_21
8
PADS_TOP
10
0
20
0
0
ENDBLK
0
BLOCK
2
PART_BODY_TOP_86
8
0
10
0
20
0
3
PART_BODY_TOP_86
70
64
0
POLYLINE
8
PART_TOP_2DLINE_00
66
1
40
0.125
41
0.125
70
1
0
VERTEX
8
PART_TOP_2DLINE_00
10
-2.5
20
-3.81
0
VERTEX
8
PART_TOP_2DLINE_00
10
-2.5
20
-0.635
0
VERTEX
8
PART_TOP_2DLINE_00
10
-1.905
20
-0.635
0
VERTEX
8
PART_TOP_2DLINE_00
10
-1.905
20
0.635
0
VERTEX
8
PART_TOP_2DLINE_00
10
-2.5
20
0.635
0
VERTEX
8
PART_TOP_2DLINE_00
10
-2.5
20
3.81
0
VERTEX
8
PART_TOP_2DLINE_00
10
2.5
20
3.81
0
VERTEX
8
PART_TOP_2DLINE_00
10
2.5
20
-3.81
0
SEQEND
0
INSERT
2
SMOOTH_0$125
8
PART_TOP_2DLINE_00
10
-2.5
20
-3.81
0
INSERT
2
SMOOTH_0$125
8
PART_TOP_2DLINE_00
10
-2.5
20
-0.635
0
INSERT
2
SMOOTH_0$125
8
PART_TOP_2DLINE_00
10
-1.905
20
-0.635
0
INSERT
2
SMOOTH_0$125
8
PART_TOP_2DLINE_00
10
-1.905
20
0.635
0
INSERT
2
SMOOTH_0$125
8
PART_TOP_2DLINE_00
10
-2.5
20
0.635
0
INSERT
2
SMOOTH_0$125
8
PART_TOP_2DLINE_00
10
-2.5
20
3.81
0
INSERT
2
SMOOTH_0$125
8
PART_TOP_2DLINE_00
10
2.5
20
3.81
0
INSERT
2
SMOOTH_0$125
8
PART_TOP_2DLINE_00
10
2.5
20
-3.81
0
POLYLINE
8
PART_TOP_2DLINE_00
66
1
40
0.125
41
0.125
70
1
0
VERTEX
8
PART_TOP_2DLINE_00
10
-2.36003
20
-4.445
42
1
0
VERTEX
8
PART_TOP_2DLINE_00
10
-1.44997
20
-4.445
42
1
0
SEQEND
0
ENDBLK
0
BLOCK
2
STK_TOP_30
8
0
10
0
20
0
3
STK_TOP_30
70
64
0
INSERT
2
DRIL_HOLE_0
8
DRIL_PLTE_THRU_01
10
0
20
0
0
INSERT
2
DRIL_HOLE_0
8
DRIL_PLTE_THRU_02
10
0
20
0
0
INSERT
2
DRIL_HOLE_0
8
DRIL_PLTE_THRU_03
10
0
20
0
0
INSERT
2
DRIL_HOLE_0
8
DRIL_PLTE_THRU_04
10
0
20
0
0
INSERT
2
PAD_0
8
PADS_INNER
10
0
20
0
0
INSERT
2
PAD_0
8
PADS_BOT
10
0
20
0
0
INSERT
2
PAD_22
8
PADS_TOP
10
0
20
0
50
90
0
ENDBLK
0
BLOCK
2
PART_BODY_TOP_87
8
0
10
0
20
0
3
PART_BODY_TOP_87
70
64
0
POLYLINE
8
PART_TOP_2DLINE_00
66
1
40
0.125
41
0.125
70
1
0
VERTEX
8
PART_TOP_2DLINE_00
10
-2.2543566667
20
-4.895
42
1
0
VERTEX
8
PART_TOP_2DLINE_00
10
-1.5556433333
20
-4.895
42
1
0
SEQEND
0
POLYLINE
8
PART_TOP_2DLINE_00
66
1
40
0.125
41
0.125
70
1
0
VERTEX
8
PART_TOP_2DLINE_00
10
-2.65
20
-4.5
0
VERTEX
8
PART_TOP_2DLINE_00
10
-2.65
20
-0.635
0
VERTEX
8
PART_TOP_2DLINE_00
10
-1.905
20
-0.635
0
VERTEX
8
PART_TOP_2DLINE_00
10
-1.905
20
0.635
0
VERTEX
8
PART_TOP_2DLINE_00
10
-2.65
20
0.635
0
VERTEX
8
PART_TOP_2DLINE_00
10
-2.65
20
4.5
0
VERTEX
8
PART_TOP_2DLINE_00
10
2.65
20
4.5
0
VERTEX
8
PART_TOP_2DLINE_00
10
2.65
20
-4.5
0
SEQEND
0
INSERT
2
SMOOTH_0$125
8
PART_TOP_2DLINE_00
10
-2.65
20
-4.5
0
INSERT
2
SMOOTH_0$125
8
PART_TOP_2DLINE_00
10
-2.65
20
-0.635
0
INSERT
2
SMOOTH_0$125
8
PART_TOP_2DLINE_00
10
-1.905
20
-0.635
0
INSERT
2
SMOOTH_0$125
8
PART_TOP_2DLINE_00
10
-1.905
20
0.635
0
INSERT
2
SMOOTH_0$125
8
PART_TOP_2DLINE_00
10
-2.65
20
0.635
0
INSERT
2
SMOOTH_0$125
8
PART_TOP_2DLINE_00
10
-2.65
20
4.5
0
INSERT
2
SMOOTH_0$125
8
PART_TOP_2DLINE_00
10
2.65
20
4.5
0
INSERT
2
SMOOTH_0$125
8
PART_TOP_2DLINE_00
10
2.65
20
-4.5
0
ENDBLK
0
BLOCK
2
STK_TOP_31
8
0
10
0
20
0
3
STK_TOP_31
70
64
0
INSERT
2
DRIL_HOLE_0
8
DRIL_PLTE_THRU_01
10
0
20
0
0
INSERT
2
DRIL_HOLE_0
8
DRIL_PLTE_THRU_02
10
0
20
0
0
INSERT
2
DRIL_HOLE_0
8
DRIL_PLTE_THRU_03
10
0
20
0
0
INSERT
2
DRIL_HOLE_0
8
DRIL_PLTE_THRU_04
10
0
20
0
0
INSERT
2
PAD_0
8
PADS_INNER
10
0
20
0
0
INSERT
2
PAD_0
8
PADS_BOT
10
0
20
0
0
INSERT
2
PAD_23
8
PADS_TOP
10
0
20
0
50
90
0
ENDBLK
0
BLOCK
2
PART_BODY_TOP_88
8
0
10
0
20
0
3
PART_BODY_TOP_88
70
64
0
POLYLINE
8
PART_TOP_2DLINE_00
66
1
40
0.125
41
0.125
70
1
0
VERTEX
8
PART_TOP_2DLINE_00
10
-1.7
20
-2.1
0
VERTEX
8
PART_TOP_2DLINE_00
10
1.7
20
-2.1
0
VERTEX
8
PART_TOP_2DLINE_00
10
1.7
20
2.1
0
VERTEX
8
PART_TOP_2DLINE_00
10
-1.7
20
2.1
0
SEQEND
0
INSERT
2
SMOOTH_0$125
8
PART_TOP_2DLINE_00
10
-1.7
20
-2.1
0
INSERT
2
SMOOTH_0$125
8
PART_TOP_2DLINE_00
10
1.7
20
-2.1
0
INSERT
2
SMOOTH_0$125
8
PART_TOP_2DLINE_00
10
1.7
20
2.1
0
INSERT
2
SMOOTH_0$125
8
PART_TOP_2DLINE_00
10
-1.7
20
2.1
0
POLYLINE
8
PART_TOP_2DLINE_00
66
1
40
0.125
41
0.125
0
VERTEX
8
PART_TOP_2DLINE_00
10
-1.6
20
0
0
VERTEX
8
PART_TOP_2DLINE_00
10
1.7
20
0
0
SEQEND
0
INSERT
2
SMOOTH_0$125
8
PART_TOP_2DLINE_00
10
-1.6
20
0
0
INSERT
2
SMOOTH_0$125
8
PART_TOP_2DLINE_00
10
1.7
20
0
0
POLYLINE
8
PART_TOP_2DLINE_00
66
1
40
0.125
41
0.125
0
VERTEX
8
PART_TOP_2DLINE_00
10
0
20
0
0
VERTEX
8
PART_TOP_2DLINE_00
10
0
20
-2.1
0
SEQEND
0
INSERT
2
SMOOTH_0$125
8
PART_TOP_2DLINE_00
10
0
20
0
0
INSERT
2
SMOOTH_0$125
8
PART_TOP_2DLINE_00
10
0
20
-2.1
0
ENDBLK
0
BLOCK
2
STK_TOP_32
8
0
10
0
20
0
3
STK_TOP_32
70
64
0
INSERT
2
DRIL_HOLE_0
8
DRIL_PLTE_THRU_01
10
0
20
0
0
INSERT
2
DRIL_HOLE_0
8
DRIL_PLTE_THRU_02
10
0
20
0
0
INSERT
2
DRIL_HOLE_0
8
DRIL_PLTE_THRU_03
10
0
20
0
0
INSERT
2
DRIL_HOLE_0
8
DRIL_PLTE_THRU_04
10
0
20
0
0
INSERT
2
PAD_0
8
PADS_INNER
10
0
20
0
0
INSERT
2
PAD_0
8
PADS_BOT
10
0
20
0
0
INSERT
2
PAD_24
8
PADS_TOP
10
0
20
0
50
90
0
ENDBLK
0
BLOCK
2
PART_BODY_BOT_88
8
0
10
0
20
0
3
PART_BODY_BOT_88
70
64
0
POLYLINE
8
PART_BOT_2DLINE_00
66
1
40
0.125
41
0.125
70
1
0
VERTEX
8
PART_BOT_2DLINE_00
10
-1.7
20
-2.1
0
VERTEX
8
PART_BOT_2DLINE_00
10
1.7
20
-2.1
0
VERTEX
8
PART_BOT_2DLINE_00
10
1.7
20
2.1
0
VERTEX
8
PART_BOT_2DLINE_00
10
-1.7
20
2.1
0
SEQEND
0
INSERT
2
SMOOTH_0$125
8
PART_BOT_2DLINE_00
10
-1.7
20
-2.1
0
INSERT
2
SMOOTH_0$125
8
PART_BOT_2DLINE_00
10
1.7
20
-2.1
0
INSERT
2
SMOOTH_0$125
8
PART_BOT_2DLINE_00
10
1.7
20
2.1
0
INSERT
2
SMOOTH_0$125
8
PART_BOT_2DLINE_00
10
-1.7
20
2.1
0
POLYLINE
8
PART_BOT_2DLINE_00
66
1
40
0.125
41
0.125
0
VERTEX
8
PART_BOT_2DLINE_00
10
-1.6
20
0
0
VERTEX
8
PART_BOT_2DLINE_00
10
1.7
20
0
0
SEQEND
0
INSERT
2
SMOOTH_0$125
8
PART_BOT_2DLINE_00
10
-1.6
20
0
0
INSERT
2
SMOOTH_0$125
8
PART_BOT_2DLINE_00
10
1.7
20
0
0
POLYLINE
8
PART_BOT_2DLINE_00
66
1
40
0.125
41
0.125
0
VERTEX
8
PART_BOT_2DLINE_00
10
0
20
0
0
VERTEX
8
PART_BOT_2DLINE_00
10
0
20
-2.1
0
SEQEND
0
INSERT
2
SMOOTH_0$125
8
PART_BOT_2DLINE_00
10
0
20
0
0
INSERT
2
SMOOTH_0$125
8
PART_BOT_2DLINE_00
10
0
20
-2.1
0
ENDBLK
0
BLOCK
2
STK_BOT_32
8
0
10
0
20
0
3
STK_BOT_32
70
64
0
INSERT
2
DRIL_HOLE_0
8
DRIL_PLTE_THRU_01
10
0
20
0
0
INSERT
2
DRIL_HOLE_0
8
DRIL_PLTE_THRU_02
10
0
20
0
0
INSERT
2
DRIL_HOLE_0
8
DRIL_PLTE_THRU_03
10
0
20
0
0
INSERT
2
DRIL_HOLE_0
8
DRIL_PLTE_THRU_04
10
0
20
0
0
INSERT
2
PAD_0
8
PADS_INNER
10
0
20
0
0
INSERT
2
PAD_24
8
PADS_BOT
10
0
20
0
50
90
0
INSERT
2
PAD_0
8
PADS_TOP
10
0
20
0
0
ENDBLK
0
BLOCK
2
PART_BODY_TOP_89
8
0
10
0
20
0
3
PART_BODY_TOP_89
70
64
0
POLYLINE
8
PART_TOP_2DLINE_00
66
1
40
0.125
41
0.125
70
1
0
VERTEX
8
PART_TOP_2DLINE_00
10
-1.5
20
2
0
VERTEX
8
PART_TOP_2DLINE_00
10
-1.5
20
0.5
0
VERTEX
8
PART_TOP_2DLINE_00
10
-1.25
20
0.5
0
VERTEX
8
PART_TOP_2DLINE_00
10
-1.25
20
-0.5
0
VERTEX
8
PART_TOP_2DLINE_00
10
-1.5
20
-0.5
0
VERTEX
8
PART_TOP_2DLINE_00
10
-1.5
20
-2
0
VERTEX
8
PART_TOP_2DLINE_00
10
1.5
20
-2
0
VERTEX
8
PART_TOP_2DLINE_00
10
1.5
20
2
0
SEQEND
0
INSERT
2
SMOOTH_0$125
8
PART_TOP_2DLINE_00
10
-1.5
20
2
0
INSERT
2
SMOOTH_0$125
8
PART_TOP_2DLINE_00
10
-1.5
20
0.5
0
INSERT
2
SMOOTH_0$125
8
PART_TOP_2DLINE_00
10
-1.25
20
0.5
0
INSERT
2
SMOOTH_0$125
8
PART_TOP_2DLINE_00
10
-1.25
20
-0.5
0
INSERT
2
SMOOTH_0$125
8
PART_TOP_2DLINE_00
10
-1.5
20
-0.5
0
INSERT
2
SMOOTH_0$125
8
PART_TOP_2DLINE_00
10
-1.5
20
-2
0
INSERT
2
SMOOTH_0$125
8
PART_TOP_2DLINE_00
10
1.5
20
-2
0
INSERT
2
SMOOTH_0$125
8
PART_TOP_2DLINE_00
10
1.5
20
2
0
POLYLINE
8
PART_TOP_2DLINE_00
66
1
40
0.125
41
0.125
70
1
0
VERTEX
8
PART_TOP_2DLINE_00
10
-1.25
20
-2.25
42
1
0
VERTEX
8
PART_TOP_2DLINE_00
10
-0.75
20
-2.25
42
1
0
SEQEND
0
ENDBLK
0
BLOCK
2
STK_TOP_33
8
0
10
0
20
0
3
STK_TOP_33
70
64
0
INSERT
2
DRIL_HOLE_0
8
DRIL_PLTE_THRU_01
10
0
20
0
0
INSERT
2
DRIL_HOLE_0
8
DRIL_PLTE_THRU_02
10
0
20
0
0
INSERT
2
DRIL_HOLE_0
8
DRIL_PLTE_THRU_03
10
0
20
0
0
INSERT
2
DRIL_HOLE_0
8
DRIL_PLTE_THRU_04
10
0
20
0
0
INSERT
2
PAD_0
8
PADS_INNER
10
0
20
0
0
INSERT
2
PAD_0
8
PADS_BOT
10
0
20
0
0
INSERT
2
PAD_25
8
PADS_TOP
10
0
20
0
50
90
0
ENDBLK
0
BLOCK
2
PART_BODY_BOT_89
8
0
10
0
20
0
3
PART_BODY_BOT_89
70
64
0
POLYLINE
8
PART_BOT_2DLINE_00
66
1
40
0.125
41
0.125
70
1
0
VERTEX
8
PART_BOT_2DLINE_00
10
-1.5
20
2
0
VERTEX
8
PART_BOT_2DLINE_00
10
-1.5
20
0.5
0
VERTEX
8
PART_BOT_2DLINE_00
10
-1.25
20
0.5
0
VERTEX
8
PART_BOT_2DLINE_00
10
-1.25
20
-0.5
0
VERTEX
8
PART_BOT_2DLINE_00
10
-1.5
20
-0.5
0
VERTEX
8
PART_BOT_2DLINE_00
10
-1.5
20
-2
0
VERTEX
8
PART_BOT_2DLINE_00
10
1.5
20
-2
0
VERTEX
8
PART_BOT_2DLINE_00
10
1.5
20
2
0
SEQEND
0
INSERT
2
SMOOTH_0$125
8
PART_BOT_2DLINE_00
10
-1.5
20
2
0
INSERT
2
SMOOTH_0$125
8
PART_BOT_2DLINE_00
10
-1.5
20
0.5
0
INSERT
2
SMOOTH_0$125
8
PART_BOT_2DLINE_00
10
-1.25
20
0.5
0
INSERT
2
SMOOTH_0$125
8
PART_BOT_2DLINE_00
10
-1.25
20
-0.5
0
INSERT
2
SMOOTH_0$125
8
PART_BOT_2DLINE_00
10
-1.5
20
-0.5
0
INSERT
2
SMOOTH_0$125
8
PART_BOT_2DLINE_00
10
-1.5
20
-2
0
INSERT
2
SMOOTH_0$125
8
PART_BOT_2DLINE_00
10
1.5
20
-2
0
INSERT
2
SMOOTH_0$125
8
PART_BOT_2DLINE_00
10
1.5
20
2
0
POLYLINE
8
PART_BOT_2DLINE_00
66
1
40
0.125
41
0.125
70
1
0
VERTEX
8
PART_BOT_2DLINE_00
10
-1.25
20
-2.25
42
1
0
VERTEX
8
PART_BOT_2DLINE_00
10
-0.75
20
-2.25
42
1
0
SEQEND
0
ENDBLK
0
BLOCK
2
STK_BOT_33
8
0
10
0
20
0
3
STK_BOT_33
70
64
0
INSERT
2
DRIL_HOLE_0
8
DRIL_PLTE_THRU_01
10
0
20
0
0
INSERT
2
DRIL_HOLE_0
8
DRIL_PLTE_THRU_02
10
0
20
0
0
INSERT
2
DRIL_HOLE_0
8
DRIL_PLTE_THRU_03
10
0
20
0
0
INSERT
2
DRIL_HOLE_0
8
DRIL_PLTE_THRU_04
10
0
20
0
0
INSERT
2
PAD_0
8
PADS_INNER
10
0
20
0
0
INSERT
2
PAD_25
8
PADS_BOT
10
0
20
0
50
90
0
INSERT
2
PAD_0
8
PADS_TOP
10
0
20
0
0
ENDBLK
0
BLOCK
2
PART_BODY_TOP_90
8
0
10
0
20
0
3
PART_BODY_TOP_90
70
64
0
POLYLINE
8
PART_TOP_2DLINE_00
66
1
40
0.125
41
0.125
70
1
0
VERTEX
8
PART_TOP_2DLINE_00
10
-1.5
20
2
0
VERTEX
8
PART_TOP_2DLINE_00
10
-1.5
20
0.5
0
VERTEX
8
PART_TOP_2DLINE_00
10
-1.25
20
0.5
0
VERTEX
8
PART_TOP_2DLINE_00
10
-1.25
20
-0.5
0
VERTEX
8
PART_TOP_2DLINE_00
10
-1.5
20
-0.5
0
VERTEX
8
PART_TOP_2DLINE_00
10
-1.5
20
-2
0
VERTEX
8
PART_TOP_2DLINE_00
10
1.5
20
-2
0
VERTEX
8
PART_TOP_2DLINE_00
10
1.5
20
2
0
SEQEND
0
INSERT
2
SMOOTH_0$125
8
PART_TOP_2DLINE_00
10
-1.5
20
2
0
INSERT
2
SMOOTH_0$125
8
PART_TOP_2DLINE_00
10
-1.5
20
0.5
0
INSERT
2
SMOOTH_0$125
8
PART_TOP_2DLINE_00
10
-1.25
20
0.5
0
INSERT
2
SMOOTH_0$125
8
PART_TOP_2DLINE_00
10
-1.25
20
-0.5
0
INSERT
2
SMOOTH_0$125
8
PART_TOP_2DLINE_00
10
-1.5
20
-0.5
0
INSERT
2
SMOOTH_0$125
8
PART_TOP_2DLINE_00
10
-1.5
20
-2
0
INSERT
2
SMOOTH_0$125
8
PART_TOP_2DLINE_00
10
1.5
20
-2
0
INSERT
2
SMOOTH_0$125
8
PART_TOP_2DLINE_00
10
1.5
20
2
0
POLYLINE
8
PART_TOP_2DLINE_00
66
1
40
0.125
41
0.125
70
1
0
VERTEX
8
PART_TOP_2DLINE_00
10
-1.25
20
-2.25
42
1
0
VERTEX
8
PART_TOP_2DLINE_00
10
-0.75
20
-2.25
42
1
0
SEQEND
0
ENDBLK
0
BLOCK
2
PART_BODY_TOP_91
8
0
10
0
20
0
3
PART_BODY_TOP_91
70
64
0
POLYLINE
8
PART_TOP_2DLINE_00
66
1
40
0.125
41
0.125
70
1
0
VERTEX
8
PART_TOP_2DLINE_00
10
-8
20
-2
0
VERTEX
8
PART_TOP_2DLINE_00
10
-8
20
2
0
VERTEX
8
PART_TOP_2DLINE_00
10
8
20
2
0
VERTEX
8
PART_TOP_2DLINE_00
10
8
20
-2
0
SEQEND
0
INSERT
2
SMOOTH_0$125
8
PART_TOP_2DLINE_00
10
-8
20
-2
0
INSERT
2
SMOOTH_0$125
8
PART_TOP_2DLINE_00
10
-8
20
2
0
INSERT
2
SMOOTH_0$125
8
PART_TOP_2DLINE_00
10
8
20
2
0
INSERT
2
SMOOTH_0$125
8
PART_TOP_2DLINE_00
10
8
20
-2
0
POLYLINE
8
PART_TOP_2DLINE_00
66
1
40
0.125
41
0.125
70
1
0
VERTEX
8
PART_TOP_2DLINE_00
10
-7
20
-4
0
VERTEX
8
PART_TOP_2DLINE_00
10
-6
20
-5
0
VERTEX
8
PART_TOP_2DLINE_00
10
-8
20
-5
0
SEQEND
0
INSERT
2
SMOOTH_0$125
8
PART_TOP_2DLINE_00
10
-7
20
-4
0
INSERT
2
SMOOTH_0$125
8
PART_TOP_2DLINE_00
10
-6
20
-5
0
INSERT
2
SMOOTH_0$125
8
PART_TOP_2DLINE_00
10
-8
20
-5
0
ENDBLK
0
BLOCK
2
STK_TOP_23
8
0
10
0
20
0
3
STK_TOP_23
70
64
0
INSERT
2
DRIL_HOLE_0
8
DRIL_NPLTE_THRU_01
10
0
20
0
0
INSERT
2
DRIL_HOLE_0
8
DRIL_NPLTE_THRU_02
10
0
20
0
0
INSERT
2
DRIL_HOLE_0
8
DRIL_NPLTE_THRU_03
10
0
20
0
0
INSERT
2
DRIL_HOLE_0
8
DRIL_NPLTE_THRU_04
10
0
20
0
0
INSERT
2
PAD_0
8
PADS_INNER
10
0
20
0
0
INSERT
2
PAD_0
8
PADS_BOT
10
0
20
0
0
INSERT
2
PAD_15
8
PADS_TOP
10
0
20
0
50
90
0
ENDBLK
0
BLOCK
2
STK_TOP_22
8
0
10
0
20
0
3
STK_TOP_22
70
64
0
INSERT
2
DRIL_HOLE_0
8
DRIL_NPLTE_THRU_01
10
0
20
0
0
INSERT
2
DRIL_HOLE_0
8
DRIL_NPLTE_THRU_02
10
0
20
0
0
INSERT
2
DRIL_HOLE_0
8
DRIL_NPLTE_THRU_03
10
0
20
0
0
INSERT
2
DRIL_HOLE_0
8
DRIL_NPLTE_THRU_04
10
0
20
0
0
INSERT
2
PAD_0
8
PADS_INNER
10
0
20
0
0
INSERT
2
PAD_0
8
PADS_BOT
10
0
20
0
0
INSERT
2
PAD_16
8
PADS_TOP
10
0
20
0
50
90
0
ENDBLK
0
BLOCK
2
STK_TOP_24
8
0
10
0
20
0
3
STK_TOP_24
70
64
0
INSERT
2
DRIL_HOLE_1$2
8
DRIL_NPLTE_THRU_01
10
0
20
0
0
INSERT
2
DRIL_HOLE_1$2
8
DRIL_NPLTE_THRU_02
10
0
20
0
0
INSERT
2
DRIL_HOLE_1$2
8
DRIL_NPLTE_THRU_03
10
0
20
0
0
INSERT
2
DRIL_HOLE_1$2
8
DRIL_NPLTE_THRU_04
10
0
20
0
0
INSERT
2
PAD_17
8
PADS_INNER
10
0
20
0
0
INSERT
2
PAD_17
8
PADS_BOT
10
0
20
0
0
INSERT
2
PAD_17
8
PADS_TOP
10
0
20
0
0
ENDBLK
0
BLOCK
2
PART_BODY_TOP_92
8
0
10
0
20
0
3
PART_BODY_TOP_92
70
64
0
POLYLINE
8
PART_TOP_2DLINE_00
66
1
40
0.125
41
0.125
70
1
0
VERTEX
8
PART_TOP_2DLINE_00
10
-1.5
20
-2
0
VERTEX
8
PART_TOP_2DLINE_00
10
-1.5
20
2
0
VERTEX
8
PART_TOP_2DLINE_00
10
1.5
20
2
0
VERTEX
8
PART_TOP_2DLINE_00
10
1.5
20
-2
0
SEQEND
0
INSERT
2
SMOOTH_0$125
8
PART_TOP_2DLINE_00
10
-1.5
20
-2
0
INSERT
2
SMOOTH_0$125
8
PART_TOP_2DLINE_00
10
-1.5
20
2
0
INSERT
2
SMOOTH_0$125
8
PART_TOP_2DLINE_00
10
1.5
20
2
0
INSERT
2
SMOOTH_0$125
8
PART_TOP_2DLINE_00
10
1.5
20
-2
0
POLYLINE
8
PART_TOP_2DLINE_01
66
1
40
0.125
41
0.125
70
1
0
VERTEX
8
PART_TOP_2DLINE_01
10
-1.22361
20
-2.3
42
1
0
VERTEX
8
PART_TOP_2DLINE_01
10
-0.77639
20
-2.3
42
1
0
SEQEND
0
ENDBLK
0
BLOCK
2
STK_TOP_36
8
0
10
0
20
0
3
STK_TOP_36
70
64
0
INSERT
2
DRIL_HOLE_0
8
DRIL_NPLTE_THRU_01
10
0
20
0
0
INSERT
2
DRIL_HOLE_0
8
DRIL_NPLTE_THRU_02
10
0
20
0
0
INSERT
2
DRIL_HOLE_0
8
DRIL_NPLTE_THRU_03
10
0
20
0
0
INSERT
2
DRIL_HOLE_0
8
DRIL_NPLTE_THRU_04
10
0
20
0
0
INSERT
2
PAD_0
8
PADS_INNER
10
0
20
0
0
INSERT
2
PAD_0
8
PADS_BOT
10
0
20
0
0
INSERT
2
PAD_26
8
PADS_TOP
10
0
20
0
50
90
0
ENDBLK
0
BLOCK
2
PART_BODY_TOP_93
8
0
10
0
20
0
3
PART_BODY_TOP_93
70
64
0
POLYLINE
8
PART_TOP_2DLINE_01
66
1
40
0.125
41
0.125
0
VERTEX
8
PART_TOP_2DLINE_01
10
-1.5
20
-1
0
VERTEX
8
PART_TOP_2DLINE_01
10
-1.5
20
-1.25
0
VERTEX
8
PART_TOP_2DLINE_01
10
-1.25
20
-1.5
0
VERTEX
8
PART_TOP_2DLINE_01
10
-1
20
-1.5
0
SEQEND
0
INSERT
2
SMOOTH_0$125
8
PART_TOP_2DLINE_01
10
-1.5
20
-1
0
INSERT
2
SMOOTH_0$125
8
PART_TOP_2DLINE_01
10
-1.5
20
-1.25
0
INSERT
2
SMOOTH_0$125
8
PART_TOP_2DLINE_01
10
-1.25
20
-1.5
0
INSERT
2
SMOOTH_0$125
8
PART_TOP_2DLINE_01
10
-1
20
-1.5
0
POLYLINE
8
PART_TOP_2DLINE_01
66
1
40
0.125
41
0.125
0
VERTEX
8
PART_TOP_2DLINE_01
10
1
20
-1.5
0
VERTEX
8
PART_TOP_2DLINE_01
10
1.5
20
-1.5
0
VERTEX
8
PART_TOP_2DLINE_01
10
1.5
20
-1
0
SEQEND
0
INSERT
2
SMOOTH_0$125
8
PART_TOP_2DLINE_01
10
1
20
-1.5
0
INSERT
2
SMOOTH_0$125
8
PART_TOP_2DLINE_01
10
1.5
20
-1.5
0
INSERT
2
SMOOTH_0$125
8
PART_TOP_2DLINE_01
10
1.5
20
-1
0
POLYLINE
8
PART_TOP_2DLINE_01
66
1
40
0.125
41
0.125
0
VERTEX
8
PART_TOP_2DLINE_01
10
-1.5
20
1
0
VERTEX
8
PART_TOP_2DLINE_01
10
-1.5
20
1.5
0
VERTEX
8
PART_TOP_2DLINE_01
10
-1
20
1.5
0
SEQEND
0
INSERT
2
SMOOTH_0$125
8
PART_TOP_2DLINE_01
10
-1.5
20
1
0
INSERT
2
SMOOTH_0$125
8
PART_TOP_2DLINE_01
10
-1.5
20
1.5
0
INSERT
2
SMOOTH_0$125
8
PART_TOP_2DLINE_01
10
-1
20
1.5
0
POLYLINE
8
PART_TOP_2DLINE_01
66
1
40
0.125
41
0.125
0
VERTEX
8
PART_TOP_2DLINE_01
10
1
20
1.5
0
VERTEX
8
PART_TOP_2DLINE_01
10
1.5
20
1.5
0
VERTEX
8
PART_TOP_2DLINE_01
10
1.5
20
1
0
SEQEND
0
INSERT
2
SMOOTH_0$125
8
PART_TOP_2DLINE_01
10
1
20
1.5
0
INSERT
2
SMOOTH_0$125
8
PART_TOP_2DLINE_01
10
1.5
20
1.5
0
INSERT
2
SMOOTH_0$125
8
PART_TOP_2DLINE_01
10
1.5
20
1
0
POLYLINE
8
PART_TOP_2DLINE_01
66
1
40
0.125
41
0.125
70
1
0
VERTEX
8
PART_TOP_2DLINE_01
10
-1.5
20
-2
42
1
0
VERTEX
8
PART_TOP_2DLINE_01
10
-1
20
-2
42
1
0
SEQEND
0
ENDBLK
0
BLOCK
2
STK_TOP_45
8
0
10
0
20
0
3
STK_TOP_45
70
64
0
INSERT
2
DRIL_HOLE_0
8
DRIL_NPLTE_THRU_01
10
0
20
0
0
INSERT
2
DRIL_HOLE_0
8
DRIL_NPLTE_THRU_02
10
0
20
0
0
INSERT
2
DRIL_HOLE_0
8
DRIL_NPLTE_THRU_03
10
0
20
0
0
INSERT
2
DRIL_HOLE_0
8
DRIL_NPLTE_THRU_04
10
0
20
0
0
INSERT
2
PAD_0
8
PADS_INNER
10
0
20
0
0
INSERT
2
PAD_0
8
PADS_BOT
10
0
20
0
0
INSERT
2
PAD_27
8
PADS_TOP
10
0
20
0
50
90
0
ENDBLK
0
BLOCK
2
STK_TOP_46
8
0
10
0
20
0
3
STK_TOP_46
70
64
0
INSERT
2
DRIL_HOLE_0
8
DRIL_NPLTE_THRU_01
10
0
20
0
0
INSERT
2
DRIL_HOLE_0
8
DRIL_NPLTE_THRU_02
10
0
20
0
0
INSERT
2
DRIL_HOLE_0
8
DRIL_NPLTE_THRU_03
10
0
20
0
0
INSERT
2
DRIL_HOLE_0
8
DRIL_NPLTE_THRU_04
10
0
20
0
0
INSERT
2
PAD_0
8
PADS_INNER
10
0
20
0
0
INSERT
2
PAD_0
8
PADS_BOT
10
0
20
0
0
INSERT
2
PAD_27
8
PADS_TOP
10
0
20
0
0
ENDBLK
0
BLOCK
2
STK_TOP_47
8
0
10
0
20
0
3
STK_TOP_47
70
64
0
INSERT
2
DRIL_HOLE_0
8
DRIL_NPLTE_THRU_01
10
0
20
0
0
INSERT
2
DRIL_HOLE_0
8
DRIL_NPLTE_THRU_02
10
0
20
0
0
INSERT
2
DRIL_HOLE_0
8
DRIL_NPLTE_THRU_03
10
0
20
0
0
INSERT
2
DRIL_HOLE_0
8
DRIL_NPLTE_THRU_04
10
0
20
0
0
INSERT
2
PAD_0
8
PADS_INNER
10
0
20
0
0
INSERT
2
PAD_0
8
PADS_BOT
10
0
20
0
0
INSERT
2
PAD_28
8
PADS_TOP
10
0
20
0
0
ENDBLK
0
BLOCK
2
STK_TOP_48
8
0
10
0
20
0
3
STK_TOP_48
70
64
0
INSERT
2
DRIL_HOLE_0$2
8
DRIL_PLTE_THRU_01
10
0
20
0
0
INSERT
2
DRIL_HOLE_0$2
8
DRIL_PLTE_THRU_02
10
0
20
0
0
INSERT
2
DRIL_HOLE_0$2
8
DRIL_PLTE_THRU_03
10
0
20
0
0
INSERT
2
DRIL_HOLE_0$2
8
DRIL_PLTE_THRU_04
10
0
20
0
0
INSERT
2
PAD_29
8
PADS_INNER
10
0
20
0
0
INSERT
2
PAD_29
8
PADS_BOT
10
0
20
0
0
INSERT
2
PAD_29
8
PADS_TOP
10
0
20
0
0
ENDBLK
0
BLOCK
2
PART_BODY_TOP_94
8
0
10
0
20
0
3
PART_BODY_TOP_94
70
64
0
POLYLINE
8
PART_TOP_2DLINE_00
66
1
40
0.125
41
0.125
0
VERTEX
8
PART_TOP_2DLINE_00
10
-0.4
20
1.25
0
VERTEX
8
PART_TOP_2DLINE_00
10
0.4
20
1.25
0
SEQEND
0
INSERT
2
SMOOTH_0$125
8
PART_TOP_2DLINE_00
10
-0.4
20
1.25
0
INSERT
2
SMOOTH_0$125
8
PART_TOP_2DLINE_00
10
0.4
20
1.25
0
POLYLINE
8
PART_TOP_2DLINE_00
66
1
40
0.125
41
0.125
0
VERTEX
8
PART_TOP_2DLINE_00
10
1.6
20
0.2
0
VERTEX
8
PART_TOP_2DLINE_00
10
1.6
20
-0.2
0
SEQEND
0
INSERT
2
SMOOTH_0$125
8
PART_TOP_2DLINE_00
10
1.6
20
0.2
0
INSERT
2
SMOOTH_0$125
8
PART_TOP_2DLINE_00
10
1.6
20
-0.2
0
POLYLINE
8
PART_TOP_2DLINE_00
66
1
40
0.125
41
0.125
0
VERTEX
8
PART_TOP_2DLINE_00
10
0.4
20
-1.25
0
VERTEX
8
PART_TOP_2DLINE_00
10
-0.4
20
-1.25
0
SEQEND
0
INSERT
2
SMOOTH_0$125
8
PART_TOP_2DLINE_00
10
0.4
20
-1.25
0
INSERT
2
SMOOTH_0$125
8
PART_TOP_2DLINE_00
10
-0.4
20
-1.25
0
POLYLINE
8
PART_TOP_2DLINE_00
66
1
40
0.125
41
0.125
0
VERTEX
8
PART_TOP_2DLINE_00
10
-1.6
20
-0.2
0
VERTEX
8
PART_TOP_2DLINE_00
10
-1.6
20
0.2
0
SEQEND
0
INSERT
2
SMOOTH_0$125
8
PART_TOP_2DLINE_00
10
-1.6
20
-0.2
0
INSERT
2
SMOOTH_0$125
8
PART_TOP_2DLINE_00
10
-1.6
20
0.2
0
POLYLINE
8
PART_TOP_2DLINE_00
66
1
40
0.125
41
0.125
70
1
0
VERTEX
8
PART_TOP_2DLINE_00
10
-0.15
20
0.2
0
VERTEX
8
PART_TOP_2DLINE_00
10
0.15
20
0.2
0
VERTEX
8
PART_TOP_2DLINE_00
10
0.15
20
-0.3
0
VERTEX
8
PART_TOP_2DLINE_00
10
-0.15
20
-0.3
0
SEQEND
0
INSERT
2
SMOOTH_0$125
8
PART_TOP_2DLINE_00
10
-0.15
20
0.2
0
INSERT
2
SMOOTH_0$125
8
PART_TOP_2DLINE_00
10
0.15
20
0.2
0
INSERT
2
SMOOTH_0$125
8
PART_TOP_2DLINE_00
10
0.15
20
-0.3
0
INSERT
2
SMOOTH_0$125
8
PART_TOP_2DLINE_00
10
-0.15
20
-0.3
0
POLYLINE
8
PART_TOP_2DLINE_00
66
1
40
0.125
41
0.125
0
VERTEX
8
PART_TOP_2DLINE_00
10
-0.35
20
0.2
0
VERTEX
8
PART_TOP_2DLINE_00
10
-0.35
20
-0.3
0
SEQEND
0
INSERT
2
SMOOTH_0$125
8
PART_TOP_2DLINE_00
10
-0.35
20
0.2
0
INSERT
2
SMOOTH_0$125
8
PART_TOP_2DLINE_00
10
-0.35
20
-0.3
0
POLYLINE
8
PART_TOP_2DLINE_00
66
1
40
0.125
41
0.125
0
VERTEX
8
PART_TOP_2DLINE_00
10
0.35
20
0.2
0
VERTEX
8
PART_TOP_2DLINE_00
10
0.35
20
-0.3
0
SEQEND
0
INSERT
2
SMOOTH_0$125
8
PART_TOP_2DLINE_00
10
0.35
20
0.2
0
INSERT
2
SMOOTH_0$125
8
PART_TOP_2DLINE_00
10
0.35
20
-0.3
0
POLYLINE
8
PART_TOP_2DLINE_00
66
1
40
0.125
41
0.125
0
VERTEX
8
PART_TOP_2DLINE_00
10
0.35
20
-0.05
0
VERTEX
8
PART_TOP_2DLINE_00
10
0.6
20
-0.05
0
VERTEX
8
PART_TOP_2DLINE_00
10
0.6
20
0.2
0
SEQEND
0
INSERT
2
SMOOTH_0$125
8
PART_TOP_2DLINE_00
10
0.35
20
-0.05
0
INSERT
2
SMOOTH_0$125
8
PART_TOP_2DLINE_00
10
0.6
20
-0.05
0
INSERT
2
SMOOTH_0$125
8
PART_TOP_2DLINE_00
10
0.6
20
0.2
0
POLYLINE
8
PART_TOP_2DLINE_00
66
1
40
0.125
41
0.125
0
VERTEX
8
PART_TOP_2DLINE_00
10
-0.35
20
-0.05
0
VERTEX
8
PART_TOP_2DLINE_00
10
-0.6
20
-0.05
0
VERTEX
8
PART_TOP_2DLINE_00
10
-0.6
20
-0.25
0
SEQEND
0
INSERT
2
SMOOTH_0$125
8
PART_TOP_2DLINE_00
10
-0.35
20
-0.05
0
INSERT
2
SMOOTH_0$125
8
PART_TOP_2DLINE_00
10
-0.6
20
-0.05
0
INSERT
2
SMOOTH_0$125
8
PART_TOP_2DLINE_00
10
-0.6
20
-0.25
0
ENDBLK
0
BLOCK
2
STK_TOP_49
8
0
10
0
20
0
3
STK_TOP_49
70
64
0
INSERT
2
DRIL_HOLE_0
8
DRIL_NPLTE_THRU_01
10
0
20
0
0
INSERT
2
DRIL_HOLE_0
8
DRIL_NPLTE_THRU_02
10
0
20
0
0
INSERT
2
DRIL_HOLE_0
8
DRIL_NPLTE_THRU_03
10
0
20
0
0
INSERT
2
DRIL_HOLE_0
8
DRIL_NPLTE_THRU_04
10
0
20
0
0
INSERT
2
PAD_0
8
PADS_INNER
10
0
20
0
0
INSERT
2
PAD_0
8
PADS_BOT
10
0
20
0
0
INSERT
2
PAD_30
8
PADS_TOP
10
0
20
0
0
ENDBLK
0
BLOCK
2
PART_BODY_TOP_95
8
0
10
0
20
0
3
PART_BODY_TOP_95
70
64
0
POLYLINE
8
PART_TOP_2DLINE_01
66
1
40
0.125
41
0.125
70
1
0
VERTEX
8
PART_TOP_2DLINE_01
10
-6.4
20
8.5
0
VERTEX
8
PART_TOP_2DLINE_01
10
6.4
20
8.5
0
VERTEX
8
PART_TOP_2DLINE_01
10
6.4
20
2
0
VERTEX
8
PART_TOP_2DLINE_01
10
-6.4
20
2
0
SEQEND
0
INSERT
2
SMOOTH_0$125
8
PART_TOP_2DLINE_01
10
-6.4
20
8.5
0
INSERT
2
SMOOTH_0$125
8
PART_TOP_2DLINE_01
10
6.4
20
8.5
0
INSERT
2
SMOOTH_0$125
8
PART_TOP_2DLINE_01
10
6.4
20
2
0
INSERT
2
SMOOTH_0$125
8
PART_TOP_2DLINE_01
10
-6.4
20
2
0
POLYLINE
8
PART_TOP_2DLINE_01
66
1
40
0.125
41
0.125
70
1
0
VERTEX
8
PART_TOP_2DLINE_01
10
-3
20
8.5
0
VERTEX
8
PART_TOP_2DLINE_01
10
-2
20
8.5
0
VERTEX
8
PART_TOP_2DLINE_01
10
-2
20
9.5
0
VERTEX
8
PART_TOP_2DLINE_01
10
-3
20
9.5
0
SEQEND
0
INSERT
2
SMOOTH_0$125
8
PART_TOP_2DLINE_01
10
-3
20
8.5
0
INSERT
2
SMOOTH_0$125
8
PART_TOP_2DLINE_01
10
-2
20
8.5
0
INSERT
2
SMOOTH_0$125
8
PART_TOP_2DLINE_01
10
-2
20
9.5
0
INSERT
2
SMOOTH_0$125
8
PART_TOP_2DLINE_01
10
-3
20
9.5
0
POLYLINE
8
PART_TOP_2DLINE_01
66
1
40
0.125
41
0.125
0
VERTEX
8
PART_TOP_2DLINE_01
10
-5.75
20
2
0
VERTEX
8
PART_TOP_2DLINE_01
10
-5.75
20
2.5
0
VERTEX
8
PART_TOP_2DLINE_01
10
-4
20
2.5
0
VERTEX
8
PART_TOP_2DLINE_01
10
-3.5
20
2
0
VERTEX
8
PART_TOP_2DLINE_01
10
-2
20
2
0
VERTEX
8
PART_TOP_2DLINE_01
10
-1.5
20
2.5
0
VERTEX
8
PART_TOP_2DLINE_01
10
1.5
20
2.5
0
VERTEX
8
PART_TOP_2DLINE_01
10
2
20
2
0
VERTEX
8
PART_TOP_2DLINE_01
10
3.5
20
2
0
VERTEX
8
PART_TOP_2DLINE_01
10
4
20
2.5
0
VERTEX
8
PART_TOP_2DLINE_01
10
5.75
20
2.5
0
VERTEX
8
PART_TOP_2DLINE_01
10
5.75
20
2
0
SEQEND
0
INSERT
2
SMOOTH_0$125
8
PART_TOP_2DLINE_01
10
-5.75
20
2
0
INSERT
2
SMOOTH_0$125
8
PART_TOP_2DLINE_01
10
-5.75
20
2.5
0
INSERT
2
SMOOTH_0$125
8
PART_TOP_2DLINE_01
10
-4
20
2.5
0
INSERT
2
SMOOTH_0$125
8
PART_TOP_2DLINE_01
10
-3.5
20
2
0
INSERT
2
SMOOTH_0$125
8
PART_TOP_2DLINE_01
10
-2
20
2
0
INSERT
2
SMOOTH_0$125
8
PART_TOP_2DLINE_01
10
-1.5
20
2.5
0
INSERT
2
SMOOTH_0$125
8
PART_TOP_2DLINE_01
10
1.5
20
2.5
0
INSERT
2
SMOOTH_0$125
8
PART_TOP_2DLINE_01
10
2
20
2
0
INSERT
2
SMOOTH_0$125
8
PART_TOP_2DLINE_01
10
3.5
20
2
0
INSERT
2
SMOOTH_0$125
8
PART_TOP_2DLINE_01
10
4
20
2.5
0
INSERT
2
SMOOTH_0$125
8
PART_TOP_2DLINE_01
10
5.75
20
2.5
0
INSERT
2
SMOOTH_0$125
8
PART_TOP_2DLINE_01
10
5.75
20
2
0
POLYLINE
8
PART_TOP_2DLINE_01
66
1
40
0.125
41
0.125
0
VERTEX
8
PART_TOP_2DLINE_01
10
-6.4
20
5
0
VERTEX
8
PART_TOP_2DLINE_01
10
-2.5
20
5
42
-0.4142135624
0
VERTEX
8
PART_TOP_2DLINE_01
10
-1.5
20
4
0
VERTEX
8
PART_TOP_2DLINE_01
10
-1.5
20
3
0
VERTEX
8
PART_TOP_2DLINE_01
10
1.5
20
3
0
VERTEX
8
PART_TOP_2DLINE_01
10
1.5
20
4
42
-0.4142135624
0
VERTEX
8
PART_TOP_2DLINE_01
10
2.5
20
5
0
VERTEX
8
PART_TOP_2DLINE_01
10
6.4
20
5
0
SEQEND
0
INSERT
2
SMOOTH_0$125
8
PART_TOP_2DLINE_01
10
-6.4
20
5
0
INSERT
2
SMOOTH_0$125
8
PART_TOP_2DLINE_01
10
-2.5
20
5
0
POLYLINE
8
PART_TOP_2DLINE_01
66
1
40
0.125
41
0.125
70
1
0
VERTEX
8
PART_TOP_2DLINE_01
10
-2.15
20
3.5
42
1
0
VERTEX
8
PART_TOP_2DLINE_01
10
-4.35
20
3.5
42
1
0
SEQEND
0
POLYLINE
8
PART_TOP_2DLINE_01
66
1
40
0.125
41
0.125
70
1
0
VERTEX
8
PART_TOP_2DLINE_01
10
4.275
20
3.5
42
1
0
VERTEX
8
PART_TOP_2DLINE_01
10
2.225
20
3.5
42
1
0
SEQEND
0
POLYLINE
8
PART_TOP_2DLINE_01
66
1
40
0.125
41
0.125
70
1
0
VERTEX
8
PART_TOP_2DLINE_01
10
5.85
20
3.5
42
1
0
VERTEX
8
PART_TOP_2DLINE_01
10
4.65
20
3.5
42
1
0
SEQEND
0
POLYLINE
8
PART_TOP_2DLINE_01
66
1
40
0.125
41
0.125
70
1
0
VERTEX
8
PART_TOP_2DLINE_01
10
-4.65
20
3.5
42
1
0
VERTEX
8
PART_TOP_2DLINE_01
10
-5.85
20
3.5
42
1
0
SEQEND
0
POLYLINE
8
PART_TOP_2DLINE_01
66
1
40
0.125
41
0.125
70
1
0
VERTEX
8
PART_TOP_2DLINE_01
10
-1
20
4.75
0
VERTEX
8
PART_TOP_2DLINE_01
10
1
20
4.75
0
VERTEX
8
PART_TOP_2DLINE_01
10
1
20
4
0
VERTEX
8
PART_TOP_2DLINE_01
10
-1
20
4
0
SEQEND
0
INSERT
2
SMOOTH_0$125
8
PART_TOP_2DLINE_01
10
-1
20
4.75
0
INSERT
2
SMOOTH_0$125
8
PART_TOP_2DLINE_01
10
1
20
4.75
0
INSERT
2
SMOOTH_0$125
8
PART_TOP_2DLINE_01
10
1
20
4
0
INSERT
2
SMOOTH_0$125
8
PART_TOP_2DLINE_01
10
-1
20
4
0
POLYLINE
8
PART_TOP_2DLINE_01
66
1
40
0.125
41
0.125
0
VERTEX
8
PART_TOP_2DLINE_01
10
-1
20
4.25
0
VERTEX
8
PART_TOP_2DLINE_01
10
1
20
4.25
0
SEQEND
0
INSERT
2
SMOOTH_0$125
8
PART_TOP_2DLINE_01
10
-1
20
4.25
0
INSERT
2
SMOOTH_0$125
8
PART_TOP_2DLINE_01
10
1
20
4.25
0
POLYLINE
8
PART_TOP_2DLINE_01
66
1
40
0.125
41
0.125
0
VERTEX
8
PART_TOP_2DLINE_01
10
-5.5
20
8
0
VERTEX
8
PART_TOP_2DLINE_01
10
-5.75
20
7.25
0
VERTEX
8
PART_TOP_2DLINE_01
10
-5
20
7.25
0
VERTEX
8
PART_TOP_2DLINE_01
10
-5.25
20
8
0
VERTEX
8
PART_TOP_2DLINE_01
10
-5.5
20
8
0
SEQEND
0
INSERT
2
SMOOTH_0$125
8
PART_TOP_2DLINE_01
10
-5.5
20
8
0
INSERT
2
SMOOTH_0$125
8
PART_TOP_2DLINE_01
10
-5.75
20
7.25
0
INSERT
2
SMOOTH_0$125
8
PART_TOP_2DLINE_01
10
-5
20
7.25
0
INSERT
2
SMOOTH_0$125
8
PART_TOP_2DLINE_01
10
-5.25
20
8
0
INSERT
2
SMOOTH_0$125
8
PART_TOP_2DLINE_01
10
-5.5
20
8
0
ENDBLK
0
BLOCK
2
STK_TOP_51
8
0
10
0
20
0
3
STK_TOP_51
70
64
0
INSERT
2
DRIL_HOLE_1$2
8
DRIL_PLTE_THRU_01
10
0
20
0
0
INSERT
2
DRIL_HOLE_1$2
8
DRIL_PLTE_THRU_02
10
0
20
0
0
INSERT
2
DRIL_HOLE_1$2
8
DRIL_PLTE_THRU_03
10
0
20
0
0
INSERT
2
DRIL_HOLE_1$2
8
DRIL_PLTE_THRU_04
10
0
20
0
0
INSERT
2
PAD_31
8
PADS_INNER
10
0
20
0
0
INSERT
2
PAD_7
8
PADS_BOT
10
0
20
0
0
INSERT
2
PAD_7
8
PADS_TOP
10
0
20
0
0
ENDBLK
0
BLOCK
2
STK_TOP_50
8
0
10
0
20
0
3
STK_TOP_50
70
64
0
INSERT
2
DRIL_HOLE_1$2
8
DRIL_PLTE_THRU_01
10
0
20
0
0
INSERT
2
DRIL_HOLE_1$2
8
DRIL_PLTE_THRU_02
10
0
20
0
0
INSERT
2
DRIL_HOLE_1$2
8
DRIL_PLTE_THRU_03
10
0
20
0
0
INSERT
2
DRIL_HOLE_1$2
8
DRIL_PLTE_THRU_04
10
0
20
0
0
INSERT
2
PAD_31
8
PADS_INNER
10
0
20
0
0
INSERT
2
PAD_31
8
PADS_BOT
10
0
20
0
0
INSERT
2
PAD_31
8
PADS_TOP
10
0
20
0
0
ENDBLK
0
BLOCK
2
PART_BODY_TOP_96
8
0
10
0
20
0
3
PART_BODY_TOP_96
70
64
0
ENDBLK
0
BLOCK
2
STK_TOP_52
8
0
10
0
20
0
3
STK_TOP_52
70
64
0
INSERT
2
DRIL_HOLE_2$2
8
DRIL_NPLTE_THRU_01
10
0
20
0
0
INSERT
2
DRIL_HOLE_2$2
8
DRIL_NPLTE_THRU_02
10
0
20
0
0
INSERT
2
DRIL_HOLE_2$2
8
DRIL_NPLTE_THRU_03
10
0
20
0
0
INSERT
2
DRIL_HOLE_2$2
8
DRIL_NPLTE_THRU_04
10
0
20
0
0
INSERT
2
PAD_32
8
PADS_INNER
10
0
20
0
0
INSERT
2
PAD_32
8
PADS_BOT
10
0
20
0
0
INSERT
2
PAD_32
8
PADS_TOP
10
0
20
0
0
ENDBLK
0
BLOCK
2
PART_BODY_TOP_98
8
0
10
0
20
0
3
PART_BODY_TOP_98
70
64
0
ENDBLK
0
BLOCK
2
STK_TOP_53
8
0
10
0
20
0
3
STK_TOP_53
70
64
0
INSERT
2
DRIL_HOLE_4
8
DRIL_NPLTE_THRU_01
10
0
20
0
0
INSERT
2
DRIL_HOLE_4
8
DRIL_NPLTE_THRU_02
10
0
20
0
0
INSERT
2
DRIL_HOLE_4
8
DRIL_NPLTE_THRU_03
10
0
20
0
0
INSERT
2
DRIL_HOLE_4
8
DRIL_NPLTE_THRU_04
10
0
20
0
0
INSERT
2
PAD_33
8
PADS_INNER
10
0
20
0
0
INSERT
2
PAD_33
8
PADS_BOT
10
0
20
0
0
INSERT
2
PAD_33
8
PADS_TOP
10
0
20
0
0
ENDBLK
0
BLOCK
2
PART_BODY_TOP_99
8
0
10
0
20
0
3
PART_BODY_TOP_99
70
64
0
POLYLINE
8
PART_TOP_2DLINE_01
66
1
40
0.125
41
0.125
0
VERTEX
8
PART_TOP_2DLINE_01
10
-4.47
20
-1.1
0
VERTEX
8
PART_TOP_2DLINE_01
10
-4.47
20
-2.8
0
SEQEND
0
INSERT
2
SMOOTH_0$125
8
PART_TOP_2DLINE_01
10
-4.47
20
-1.1
0
INSERT
2
SMOOTH_0$125
8
PART_TOP_2DLINE_01
10
-4.47
20
-2.8
0
POLYLINE
8
PART_TOP_2DLINE_01
66
1
40
0.125
41
0.125
0
VERTEX
8
PART_TOP_2DLINE_01
10
-4.47
20
-5.25
0
VERTEX
8
PART_TOP_2DLINE_01
10
-4.47
20
-6.78
0
VERTEX
8
PART_TOP_2DLINE_01
10
4.47
20
-6.78
0
VERTEX
8
PART_TOP_2DLINE_01
10
4.47
20
-5.2
0
SEQEND
0
INSERT
2
SMOOTH_0$125
8
PART_TOP_2DLINE_01
10
-4.47
20
-5.25
0
INSERT
2
SMOOTH_0$125
8
PART_TOP_2DLINE_01
10
-4.47
20
-6.78
0
INSERT
2
SMOOTH_0$125
8
PART_TOP_2DLINE_01
10
4.47
20
-6.78
0
INSERT
2
SMOOTH_0$125
8
PART_TOP_2DLINE_01
10
4.47
20
-5.2
0
POLYLINE
8
PART_TOP_2DLINE_01
66
1
40
0.125
41
0.125
0
VERTEX
8
PART_TOP_2DLINE_01
10
4.47
20
-2.8
0
VERTEX
8
PART_TOP_2DLINE_01
10
4.47
20
-1.1
0
SEQEND
0
INSERT
2
SMOOTH_0$125
8
PART_TOP_2DLINE_01
10
4.47
20
-2.8
0
INSERT
2
SMOOTH_0$125
8
PART_TOP_2DLINE_01
10
4.47
20
-1.1
0
POLYLINE
8
PART_TOP_2DLINE_01
66
1
40
0.125
41
0.125
0
VERTEX
8
PART_TOP_2DLINE_01
10
3.95
20
0.57
0
VERTEX
8
PART_TOP_2DLINE_01
10
3.55
20
0.57
0
SEQEND
0
INSERT
2
SMOOTH_0$125
8
PART_TOP_2DLINE_01
10
3.95
20
0.57
0
INSERT
2
SMOOTH_0$125
8
PART_TOP_2DLINE_01
10
3.55
20
0.57
0
POLYLINE
8
PART_TOP_2DLINE_01
66
1
40
0.125
41
0.125
0
VERTEX
8
PART_TOP_2DLINE_01
10
-3.55
20
0.57
0
VERTEX
8
PART_TOP_2DLINE_01
10
-3.95
20
0.57
0
SEQEND
0
INSERT
2
SMOOTH_0$125
8
PART_TOP_2DLINE_01
10
-3.55
20
0.57
0
INSERT
2
SMOOTH_0$125
8
PART_TOP_2DLINE_01
10
-3.95
20
0.57
0
POLYLINE
8
PART_TOP_2DLINE_01
66
1
40
0.125
41
0.125
70
1
0
VERTEX
8
PART_TOP_2DLINE_01
10
1.3
20
-2.83
42
1
0
VERTEX
8
PART_TOP_2DLINE_01
10
-1.2
20
-2.83
42
1
0
SEQEND
0
ENDBLK
0
BLOCK
2
STK_TOP_39
8
0
10
0
20
0
3
STK_TOP_39
70
64
0
INSERT
2
DRIL_HOLE_0
8
DRIL_NPLTE_THRU_01
10
0
20
0
0
INSERT
2
DRIL_HOLE_0
8
DRIL_NPLTE_THRU_02
10
0
20
0
0
INSERT
2
DRIL_HOLE_0
8
DRIL_NPLTE_THRU_03
10
0
20
0
0
INSERT
2
DRIL_HOLE_0
8
DRIL_NPLTE_THRU_04
10
0
20
0
0
INSERT
2
PAD_0
8
PADS_INNER
10
0
20
0
0
INSERT
2
PAD_0
8
PADS_BOT
10
0
20
0
0
INSERT
2
PAD_34
8
PADS_TOP
10
0
20
0
50
90
0
ENDBLK
0
BLOCK
2
STK_TOP_40
8
0
10
0
20
0
3
STK_TOP_40
70
64
0
INSERT
2
DRIL_HOLE_0
8
DRIL_NPLTE_THRU_01
10
0
20
0
0
INSERT
2
DRIL_HOLE_0
8
DRIL_NPLTE_THRU_02
10
0
20
0
0
INSERT
2
DRIL_HOLE_0
8
DRIL_NPLTE_THRU_03
10
0
20
0
0
INSERT
2
DRIL_HOLE_0
8
DRIL_NPLTE_THRU_04
10
0
20
0
0
INSERT
2
PAD_0
8
PADS_INNER
10
0
20
0
0
INSERT
2
PAD_0
8
PADS_BOT
10
0
20
0
0
INSERT
2
PAD_35
8
PADS_TOP
10
0
20
0
0
ENDBLK
0
BLOCK
2
STK_TOP_41
8
0
10
0
20
0
3
STK_TOP_41
70
64
0
INSERT
2
DRIL_HOLE_0$65
8
DRIL_NPLTE_THRU_01
10
0
20
0
0
INSERT
2
DRIL_HOLE_0$65
8
DRIL_NPLTE_THRU_02
10
0
20
0
0
INSERT
2
DRIL_HOLE_0$65
8
DRIL_NPLTE_THRU_03
10
0
20
0
0
INSERT
2
DRIL_HOLE_0$65
8
DRIL_NPLTE_THRU_04
10
0
20
0
0
INSERT
2
PAD_36
8
PADS_INNER
10
0
20
0
0
INSERT
2
PAD_36
8
PADS_BOT
10
0
20
0
0
INSERT
2
PAD_36
8
PADS_TOP
10
0
20
0
0
ENDBLK
0
BLOCK
2
STK_TOP_66
8
0
10
0
20
0
3
STK_TOP_66
70
64
0
INSERT
2
DRIL_HOLE_0
8
DRIL_NPLTE_THRU_01
10
0
20
0
0
INSERT
2
DRIL_HOLE_0
8
DRIL_NPLTE_THRU_02
10
0
20
0
0
INSERT
2
DRIL_HOLE_0
8
DRIL_NPLTE_THRU_03
10
0
20
0
0
INSERT
2
DRIL_HOLE_0
8
DRIL_NPLTE_THRU_04
10
0
20
0
0
INSERT
2
PAD_0
8
PADS_INNER
10
0
20
0
0
INSERT
2
PAD_0
8
PADS_BOT
10
0
20
0
0
INSERT
2
PAD_37
8
PADS_TOP
10
0
20
0
50
90
0
ENDBLK
0
BLOCK
2
PART_BODY_TOP_145
8
0
10
0
20
0
3
PART_BODY_TOP_145
70
64
0
ENDBLK
0
BLOCK
2
STK_TOP_79
8
0
10
0
20
0
3
STK_TOP_79
70
64
0
INSERT
2
DRIL_HOLE_5
8
DRIL_NPLTE_THRU_01
10
0
20
0
0
INSERT
2
DRIL_HOLE_5
8
DRIL_NPLTE_THRU_02
10
0
20
0
0
INSERT
2
DRIL_HOLE_5
8
DRIL_NPLTE_THRU_03
10
0
20
0
0
INSERT
2
DRIL_HOLE_5
8
DRIL_NPLTE_THRU_04
10
0
20
0
0
INSERT
2
PAD_38
8
PADS_INNER
10
0
20
0
0
INSERT
2
PAD_38
8
PADS_BOT
10
0
20
0
0
INSERT
2
PAD_38
8
PADS_TOP
10
0
20
0
0
ENDBLK
0
BLOCK
2
PART_BODY_TOP_156
8
0
10
0
20
0
3
PART_BODY_TOP_156
70
64
0
POLYLINE
8
PART_TOP_2DLINE_00
66
1
40
0.125
41
0.125
70
1
0
VERTEX
8
PART_TOP_2DLINE_00
10
-2.55
20
-3.9
0
VERTEX
8
PART_TOP_2DLINE_00
10
-2.55
20
-0.25
0
VERTEX
8
PART_TOP_2DLINE_00
10
-2.25
20
-0.25
0
VERTEX
8
PART_TOP_2DLINE_00
10
-2.25
20
0.25
0
VERTEX
8
PART_TOP_2DLINE_00
10
-2.55
20
0.25
0
VERTEX
8
PART_TOP_2DLINE_00
10
-2.55
20
3.9
0
VERTEX
8
PART_TOP_2DLINE_00
10
2.55
20
3.9
0
VERTEX
8
PART_TOP_2DLINE_00
10
2.55
20
-3.9
0
SEQEND
0
INSERT
2
SMOOTH_0$125
8
PART_TOP_2DLINE_00
10
-2.55
20
-3.9
0
INSERT
2
SMOOTH_0$125
8
PART_TOP_2DLINE_00
10
-2.55
20
-0.25
0
INSERT
2
SMOOTH_0$125
8
PART_TOP_2DLINE_00
10
-2.25
20
-0.25
0
INSERT
2
SMOOTH_0$125
8
PART_TOP_2DLINE_00
10
-2.25
20
0.25
0
INSERT
2
SMOOTH_0$125
8
PART_TOP_2DLINE_00
10
-2.55
20
0.25
0
INSERT
2
SMOOTH_0$125
8
PART_TOP_2DLINE_00
10
-2.55
20
3.9
0
INSERT
2
SMOOTH_0$125
8
PART_TOP_2DLINE_00
10
2.55
20
3.9
0
INSERT
2
SMOOTH_0$125
8
PART_TOP_2DLINE_00
10
2.55
20
-3.9
0
POLYLINE
8
PART_TOP_2DLINE_01
66
1
40
0.125
41
0.125
70
1
0
VERTEX
8
PART_TOP_2DLINE_01
10
-2.275
20
-4.275
42
1
0
VERTEX
8
PART_TOP_2DLINE_01
10
-1.625
20
-4.275
42
1
0
SEQEND
0
POLYLINE
8
PART_TOP_2DLINE_01
66
1
40
0.125
41
0.125
0
VERTEX
8
PART_TOP_2DLINE_01
10
0.65
20
-3.95
0
VERTEX
8
PART_TOP_2DLINE_01
10
0.65
20
-4.275
0
SEQEND
0
INSERT
2
SMOOTH_0$125
8
PART_TOP_2DLINE_01
10
0.65
20
-3.95
0
INSERT
2
SMOOTH_0$125
8
PART_TOP_2DLINE_01
10
0.65
20
-4.275
0
POLYLINE
8
PART_TOP_2DLINE_01
66
1
40
0.125
41
0.125
0
VERTEX
8
PART_TOP_2DLINE_01
10
0.65
20
3.95
0
VERTEX
8
PART_TOP_2DLINE_01
10
0.65
20
4.275
0
SEQEND
0
INSERT
2
SMOOTH_0$125
8
PART_TOP_2DLINE_01
10
0.65
20
3.95
0
INSERT
2
SMOOTH_0$125
8
PART_TOP_2DLINE_01
10
0.65
20
4.275
0
ENDBLK
0
BLOCK
2
STK_TOP_37
8
0
10
0
20
0
3
STK_TOP_37
70
64
0
INSERT
2
DRIL_HOLE_0
8
DRIL_NPLTE_THRU_01
10
0
20
0
0
INSERT
2
DRIL_HOLE_0
8
DRIL_NPLTE_THRU_02
10
0
20
0
0
INSERT
2
DRIL_HOLE_0
8
DRIL_NPLTE_THRU_03
10
0
20
0
0
INSERT
2
DRIL_HOLE_0
8
DRIL_NPLTE_THRU_04
10
0
20
0
0
INSERT
2
PAD_0
8
PADS_INNER
10
0
20
0
0
INSERT
2
PAD_0
8
PADS_BOT
10
0
20
0
0
INSERT
2
PAD_39
8
PADS_TOP
10
0
20
0
50
90
0
ENDBLK
0
BLOCK
2
PART_BODY_TOP_157
8
0
10
0
20
0
3
PART_BODY_TOP_157
70
64
0
POLYLINE
8
PART_TOP_2DLINE_00
66
1
40
0.125
41
0.125
70
1
0
VERTEX
8
PART_TOP_2DLINE_00
10
-2.6
20
-3.8
0
VERTEX
8
PART_TOP_2DLINE_00
10
-2.6
20
-0.35312
0
VERTEX
8
PART_TOP_2DLINE_00
10
-2
20
-0.35312
0
VERTEX
8
PART_TOP_2DLINE_00
10
-2
20
0.35313
0
VERTEX
8
PART_TOP_2DLINE_00
10
-2.6
20
0.35313
0
VERTEX
8
PART_TOP_2DLINE_00
10
-2.6
20
3.8
0
VERTEX
8
PART_TOP_2DLINE_00
10
2.6
20
3.8
0
VERTEX
8
PART_TOP_2DLINE_00
10
2.6
20
-3.8
0
SEQEND
0
INSERT
2
SMOOTH_0$125
8
PART_TOP_2DLINE_00
10
-2.6
20
-3.8
0
INSERT
2
SMOOTH_0$125
8
PART_TOP_2DLINE_00
10
-2.6
20
-0.35312
0
INSERT
2
SMOOTH_0$125
8
PART_TOP_2DLINE_00
10
-2
20
-0.35312
0
INSERT
2
SMOOTH_0$125
8
PART_TOP_2DLINE_00
10
-2
20
0.35313
0
INSERT
2
SMOOTH_0$125
8
PART_TOP_2DLINE_00
10
-2.6
20
0.35313
0
INSERT
2
SMOOTH_0$125
8
PART_TOP_2DLINE_00
10
-2.6
20
3.8
0
INSERT
2
SMOOTH_0$125
8
PART_TOP_2DLINE_00
10
2.6
20
3.8
0
INSERT
2
SMOOTH_0$125
8
PART_TOP_2DLINE_00
10
2.6
20
-3.8
0
POLYLINE
8
PART_TOP_2DLINE_00
66
1
40
0.125
41
0.125
70
1
0
VERTEX
8
PART_TOP_2DLINE_00
10
-2.4827026667
20
-4.064
42
1
0
VERTEX
8
PART_TOP_2DLINE_00
10
-2.0892973333
20
-4.064
42
1
0
SEQEND
0
POLYLINE
8
PART_TOP_2DLINE_00
66
1
40
0.125
41
0.125
0
VERTEX
8
PART_TOP_2DLINE_00
10
0.325
20
-3.9
0
VERTEX
8
PART_TOP_2DLINE_00
10
0.325
20
-4.225
0
SEQEND
0
INSERT
2
SMOOTH_0$125
8
PART_TOP_2DLINE_00
10
0.325
20
-3.9
0
INSERT
2
SMOOTH_0$125
8
PART_TOP_2DLINE_00
10
0.325
20
-4.225
0
POLYLINE
8
PART_TOP_2DLINE_00
66
1
40
0.125
41
0.125
0
VERTEX
8
PART_TOP_2DLINE_00
10
1.625
20
3.9
0
VERTEX
8
PART_TOP_2DLINE_00
10
1.625
20
4.55
0
SEQEND
0
INSERT
2
SMOOTH_0$125
8
PART_TOP_2DLINE_00
10
1.625
20
3.9
0
INSERT
2
SMOOTH_0$125
8
PART_TOP_2DLINE_00
10
1.625
20
4.55
0
POLYLINE
8
PART_TOP_2DLINE_00
66
1
40
0.125
41
0.125
0
VERTEX
8
PART_TOP_2DLINE_00
10
-1.625
20
3.9
0
VERTEX
8
PART_TOP_2DLINE_00
10
-1.625
20
4.225
0
SEQEND
0
INSERT
2
SMOOTH_0$125
8
PART_TOP_2DLINE_00
10
-1.625
20
3.9
0
INSERT
2
SMOOTH_0$125
8
PART_TOP_2DLINE_00
10
-1.625
20
4.225
0
ENDBLK
0
BLOCK
2
STK_TOP_38
8
0
10
0
20
0
3
STK_TOP_38
70
64
0
INSERT
2
DRIL_HOLE_0
8
DRIL_NPLTE_THRU_01
10
0
20
0
0
INSERT
2
DRIL_HOLE_0
8
DRIL_NPLTE_THRU_02
10
0
20
0
0
INSERT
2
DRIL_HOLE_0
8
DRIL_NPLTE_THRU_03
10
0
20
0
0
INSERT
2
DRIL_HOLE_0
8
DRIL_NPLTE_THRU_04
10
0
20
0
0
INSERT
2
PAD_0
8
PADS_INNER
10
0
20
0
0
INSERT
2
PAD_0
8
PADS_BOT
10
0
20
0
0
INSERT
2
PAD_40
8
PADS_TOP
10
0
20
0
50
90
0
ENDBLK
0
BLOCK
2
PART_BODY_TOP_158
8
0
10
0
20
0
3
PART_BODY_TOP_158
70
64
0
POLYLINE
8
PART_TOP_2DLINE_01
66
1
40
0.125
41
0.125
70
1
0
VERTEX
8
PART_TOP_2DLINE_01
10
-1.15
20
1.15
0
VERTEX
8
PART_TOP_2DLINE_01
10
1.15
20
1.15
0
VERTEX
8
PART_TOP_2DLINE_01
10
1.15
20
-1.15
0
VERTEX
8
PART_TOP_2DLINE_01
10
-1.15
20
-1.15
0
SEQEND
0
INSERT
2
SMOOTH_0$125
8
PART_TOP_2DLINE_01
10
-1.15
20
1.15
0
INSERT
2
SMOOTH_0$125
8
PART_TOP_2DLINE_01
10
1.15
20
1.15
0
INSERT
2
SMOOTH_0$125
8
PART_TOP_2DLINE_01
10
1.15
20
-1.15
0
INSERT
2
SMOOTH_0$125
8
PART_TOP_2DLINE_01
10
-1.15
20
-1.15
0
POLYLINE
8
PART_TOP_2DLINE_01
66
1
40
0.125
41
0.125
0
VERTEX
8
PART_TOP_2DLINE_01
10
-1.15
20
-0.75
0
VERTEX
8
PART_TOP_2DLINE_01
10
-0.75
20
-1.15
0
SEQEND
0
INSERT
2
SMOOTH_0$125
8
PART_TOP_2DLINE_01
10
-1.15
20
-0.75
0
INSERT
2
SMOOTH_0$125
8
PART_TOP_2DLINE_01
10
-0.75
20
-1.15
0
ENDBLK
0
BLOCK
2
STK_TOP_42
8
0
10
0
20
0
3
STK_TOP_42
70
64
0
INSERT
2
DRIL_HOLE_0
8
DRIL_NPLTE_THRU_01
10
0
20
0
0
INSERT
2
DRIL_HOLE_0
8
DRIL_NPLTE_THRU_02
10
0
20
0
0
INSERT
2
DRIL_HOLE_0
8
DRIL_NPLTE_THRU_03
10
0
20
0
0
INSERT
2
DRIL_HOLE_0
8
DRIL_NPLTE_THRU_04
10
0
20
0
0
INSERT
2
PAD_0
8
PADS_INNER
10
0
20
0
0
INSERT
2
PAD_0
8
PADS_BOT
10
0
20
0
0
INSERT
2
PAD_41
8
PADS_TOP
10
0
20
0
0
ENDBLK
0
BLOCK
2
STK_TOP_55
8
0
10
0
20
0
3
STK_TOP_55
70
64
0
INSERT
2
DRIL_HOLE_2
8
DRIL_NPLTE_THRU_01
10
0
20
0
0
INSERT
2
DRIL_HOLE_2
8
DRIL_NPLTE_THRU_02
10
0
20
0
0
INSERT
2
DRIL_HOLE_2
8
DRIL_NPLTE_THRU_03
10
0
20
0
0
INSERT
2
DRIL_HOLE_2
8
DRIL_NPLTE_THRU_04
10
0
20
0
0
INSERT
2
PAD_31
8
PADS_INNER
10
0
20
0
0
INSERT
2
PAD_31
8
PADS_BOT
10
0
20
0
0
INSERT
2
PAD_31
8
PADS_TOP
10
0
20
0
0
ENDBLK
0
BLOCK
2
PART_BODY_TOP_159
8
0
10
0
20
0
3
PART_BODY_TOP_159
70
64
0
ENDBLK
0
BLOCK
2
PART_BODY_BOT_160
8
0
10
0
20
0
3
PART_BODY_BOT_160
70
64
0
POLYLINE
8
PART_BOT_2DLINE_01
66
1
40
0.125
41
0.125
0
VERTEX
8
PART_BOT_2DLINE_01
10
-0.8
20
0.15
0
VERTEX
8
PART_BOT_2DLINE_01
10
-0.8
20
-0.15
0
SEQEND
0
INSERT
2
SMOOTH_0$125
8
PART_BOT_2DLINE_01
10
-0.8
20
0.15
0
INSERT
2
SMOOTH_0$125
8
PART_BOT_2DLINE_01
10
-0.8
20
-0.15
0
POLYLINE
8
PART_BOT_2DLINE_01
66
1
40
0.125
41
0.125
0
VERTEX
8
PART_BOT_2DLINE_01
10
0.8
20
0.15
0
VERTEX
8
PART_BOT_2DLINE_01
10
0.8
20
-0.15
0
SEQEND
0
INSERT
2
SMOOTH_0$125
8
PART_BOT_2DLINE_01
10
0.8
20
0.15
0
INSERT
2
SMOOTH_0$125
8
PART_BOT_2DLINE_01
10
0.8
20
-0.15
0
POLYLINE
8
TAG_01
66
1
0
VERTEX
8
TAG_01
10
0
20
0
0
VERTEX
8
TAG_01
10
0
20
0
0
SEQEND
0
POLYLINE
8
PART_BOT_2DLINE_01
66
1
40
0.125
41
0.125
70
1
0
VERTEX
8
PART_BOT_2DLINE_01
10
0
20
0.1
0
VERTEX
8
PART_BOT_2DLINE_01
10
-0.096
20
-0.092
0
VERTEX
8
PART_BOT_2DLINE_01
10
0.096
20
-0.092
0
SEQEND
0
INSERT
2
SMOOTH_0$125
8
PART_BOT_2DLINE_01
10
0
20
0.1
0
INSERT
2
SMOOTH_0$125
8
PART_BOT_2DLINE_01
10
-0.096
20
-0.092
0
INSERT
2
SMOOTH_0$125
8
PART_BOT_2DLINE_01
10
0.096
20
-0.092
0
POLYLINE
8
PART_BOT_2DLINE_01
66
1
40
0.125
41
0.125
0
VERTEX
8
PART_BOT_2DLINE_01
10
-0.096
20
0.1
0
VERTEX
8
PART_BOT_2DLINE_01
10
0.096
20
0.1
0
SEQEND
0
INSERT
2
SMOOTH_0$125
8
PART_BOT_2DLINE_01
10
-0.096
20
0.1
0
INSERT
2
SMOOTH_0$125
8
PART_BOT_2DLINE_01
10
0.096
20
0.1
0
POLYLINE
8
PART_BOT_2DLINE_01
66
1
40
0.125
41
0.125
0
VERTEX
8
PART_BOT_2DLINE_01
10
0
20
0.1
0
VERTEX
8
PART_BOT_2DLINE_01
10
0
20
0.164
0
SEQEND
0
INSERT
2
SMOOTH_0$125
8
PART_BOT_2DLINE_01
10
0
20
0.1
0
INSERT
2
SMOOTH_0$125
8
PART_BOT_2DLINE_01
10
0
20
0.164
0
POLYLINE
8
PART_BOT_2DLINE_01
66
1
40
0.125
41
0.125
0
VERTEX
8
PART_BOT_2DLINE_01
10
0
20
-0.092
0
VERTEX
8
PART_BOT_2DLINE_01
10
0
20
-0.156
0
SEQEND
0
INSERT
2
SMOOTH_0$125
8
PART_BOT_2DLINE_01
10
0
20
-0.092
0
INSERT
2
SMOOTH_0$125
8
PART_BOT_2DLINE_01
10
0
20
-0.156
0
POLYLINE
8
TAG_00
66
1
0
VERTEX
8
TAG_00
10
0
20
0
0
VERTEX
8
TAG_00
10
0
20
0
0
SEQEND
0
POLYLINE
8
PART_BOT_2DLINE_01
66
1
40
0.125
41
0.125
70
1
0
VERTEX
8
PART_BOT_2DLINE_01
10
1.1
20
0.1
0
VERTEX
8
PART_BOT_2DLINE_01
10
1
20
-0.1
0
VERTEX
8
PART_BOT_2DLINE_01
10
1.2
20
-0.1
0
SEQEND
0
INSERT
2
SMOOTH_0$125
8
PART_BOT_2DLINE_01
10
1.1
20
0.1
0
INSERT
2
SMOOTH_0$125
8
PART_BOT_2DLINE_01
10
1
20
-0.1
0
INSERT
2
SMOOTH_0$125
8
PART_BOT_2DLINE_01
10
1.2
20
-0.1
0
POLYLINE
8
PART_BOT_2DLINE_01
66
1
40
0.125
41
0.125
0
VERTEX
8
PART_BOT_2DLINE_01
10
1
20
0.1
0
VERTEX
8
PART_BOT_2DLINE_01
10
1.2
20
0.1
0
SEQEND
0
INSERT
2
SMOOTH_0$125
8
PART_BOT_2DLINE_01
10
1
20
0.1
0
INSERT
2
SMOOTH_0$125
8
PART_BOT_2DLINE_01
10
1.2
20
0.1
0
POLYLINE
8
PART_BOT_2DLINE_01
66
1
40
0.125
41
0.125
0
VERTEX
8
PART_BOT_2DLINE_01
10
1.1
20
0.1
0
VERTEX
8
PART_BOT_2DLINE_01
10
1.1
20
0.3
0
SEQEND
0
INSERT
2
SMOOTH_0$125
8
PART_BOT_2DLINE_01
10
1.1
20
0.1
0
INSERT
2
SMOOTH_0$125
8
PART_BOT_2DLINE_01
10
1.1
20
0.3
0
POLYLINE
8
PART_BOT_2DLINE_01
66
1
40
0.125
41
0.125
0
VERTEX
8
PART_BOT_2DLINE_01
10
1.1
20
-0.1
0
VERTEX
8
PART_BOT_2DLINE_01
10
1.1
20
-0.3
0
SEQEND
0
INSERT
2
SMOOTH_0$125
8
PART_BOT_2DLINE_01
10
1.1
20
-0.1
0
INSERT
2
SMOOTH_0$125
8
PART_BOT_2DLINE_01
10
1.1
20
-0.3
0
ENDBLK
0
BLOCK
2
STK_BOT_44
8
0
10
0
20
0
3
STK_BOT_44
70
64
0
INSERT
2
DRIL_HOLE_0
8
DRIL_NPLTE_THRU_01
10
0
20
0
0
INSERT
2
DRIL_HOLE_0
8
DRIL_NPLTE_THRU_02
10
0
20
0
0
INSERT
2
DRIL_HOLE_0
8
DRIL_NPLTE_THRU_03
10
0
20
0
0
INSERT
2
DRIL_HOLE_0
8
DRIL_NPLTE_THRU_04
10
0
20
0
0
INSERT
2
PAD_0
8
PADS_INNER
10
0
20
0
0
INSERT
2
PAD_42
8
PADS_BOT
10
0
20
0
0
INSERT
2
PAD_0
8
PADS_TOP
10
0
20
0
0
ENDBLK
0
BLOCK
2
PART_BODY_TOP_163
8
0
10
0
20
0
3
PART_BODY_TOP_163
70
64
0
POLYLINE
8
KEEPOUT_01
6
KEEPOUT_00011111$0
66
1
70
1
0
VERTEX
8
KEEPOUT_01
10
2.5
20
0
42
1
0
VERTEX
8
KEEPOUT_01
10
-2.5
20
0
42
1
0
SEQEND
0
POLYLINE
8
KEEPOUT_-1
6
KEEPOUT_00011111$0
66
1
70
1
0
VERTEX
8
KEEPOUT_-1
10
2.5
20
0
42
1
0
VERTEX
8
KEEPOUT_-1
10
-2.5
20
0
42
1
0
SEQEND
0
ENDBLK
0
BLOCK
2
STK_TOP_80
8
0
10
0
20
0
3
STK_TOP_80
70
64
0
INSERT
2
DRIL_HOLE_3$5
8
DRIL_NPLTE_THRU_01
10
0
20
0
0
INSERT
2
DRIL_HOLE_3$5
8
DRIL_NPLTE_THRU_02
10
0
20
0
0
INSERT
2
DRIL_HOLE_3$5
8
DRIL_NPLTE_THRU_03
10
0
20
0
0
INSERT
2
DRIL_HOLE_3$5
8
DRIL_NPLTE_THRU_04
10
0
20
0
0
INSERT
2
PAD_43
8
PADS_INNER
10
0
20
0
0
INSERT
2
PAD_43
8
PADS_BOT
10
0
20
0
0
INSERT
2
PAD_43
8
PADS_TOP
10
0
20
0
0
ENDBLK
0
BLOCK
2
PART_BODY_TOP_164
8
0
10
0
20
0
3
PART_BODY_TOP_164
70
64
0
POLYLINE
8
PART_TOP_2DLINE_01
66
1
40
0.125
41
0.125
0
VERTEX
8
PART_TOP_2DLINE_01
10
-1.3
20
2.1
0
VERTEX
8
PART_TOP_2DLINE_01
10
-1.6
20
2.1
42
0.4142135624
0
VERTEX
8
PART_TOP_2DLINE_01
10
-2.1
20
1.6
0
VERTEX
8
PART_TOP_2DLINE_01
10
-2.1
20
-1.6
42
0.4142135624
0
VERTEX
8
PART_TOP_2DLINE_01
10
-1.6
20
-2.1
0
VERTEX
8
PART_TOP_2DLINE_01
10
-1.3
20
-2.1
0
SEQEND
0
INSERT
2
SMOOTH_0$125
8
PART_TOP_2DLINE_01
10
-1.3
20
2.1
0
INSERT
2
SMOOTH_0$125
8
PART_TOP_2DLINE_01
10
-1.6
20
2.1
0
POLYLINE
8
PART_TOP_2DLINE_01
66
1
40
0.125
41
0.125
0
VERTEX
8
PART_TOP_2DLINE_01
10
1.3
20
-2.1
0
VERTEX
8
PART_TOP_2DLINE_01
10
1.6
20
-2.1
42
0.4142135624
0
VERTEX
8
PART_TOP_2DLINE_01
10
2.1
20
-1.6
0
VERTEX
8
PART_TOP_2DLINE_01
10
2.1
20
1.6
42
0.4142135624
0
VERTEX
8
PART_TOP_2DLINE_01
10
1.6
20
2.1
0
VERTEX
8
PART_TOP_2DLINE_01
10
1.3
20
2.1
0
SEQEND
0
INSERT
2
SMOOTH_0$125
8
PART_TOP_2DLINE_01
10
1.3
20
-2.1
0
INSERT
2
SMOOTH_0$125
8
PART_TOP_2DLINE_01
10
1.6
20
-2.1
0
ENDBLK
0
BLOCK
2
STK_TOP_82
8
0
10
0
20
0
3
STK_TOP_82
70
64
0
INSERT
2
DRIL_HOLE_0
8
DRIL_NPLTE_THRU_01
10
0
20
0
0
INSERT
2
DRIL_HOLE_0
8
DRIL_NPLTE_THRU_02
10
0
20
0
0
INSERT
2
DRIL_HOLE_0
8
DRIL_NPLTE_THRU_03
10
0
20
0
0
INSERT
2
DRIL_HOLE_0
8
DRIL_NPLTE_THRU_04
10
0
20
0
0
INSERT
2
PAD_0
8
PADS_INNER
10
0
20
0
0
INSERT
2
PAD_0
8
PADS_BOT
10
0
20
0
0
INSERT
2
PAD_44
8
PADS_TOP
10
0
20
0
0
ENDBLK
0
BLOCK
2
PART_BODY_TOP_165
8
0
10
0
20
0
3
PART_BODY_TOP_165
70
64
0
POLYLINE
8
PART_TOP_2DLINE_01
66
1
40
0.125
41
0.125
0
VERTEX
8
PART_TOP_2DLINE_01
10
-1.5
20
1
0
VERTEX
8
PART_TOP_2DLINE_01
10
-1.5
20
1.25
0
VERTEX
8
PART_TOP_2DLINE_01
10
1.5
20
1.25
0
VERTEX
8
PART_TOP_2DLINE_01
10
1.5
20
1
0
SEQEND
0
INSERT
2
SMOOTH_0$125
8
PART_TOP_2DLINE_01
10
-1.5
20
1
0
INSERT
2
SMOOTH_0$125
8
PART_TOP_2DLINE_01
10
-1.5
20
1.25
0
INSERT
2
SMOOTH_0$125
8
PART_TOP_2DLINE_01
10
1.5
20
1.25
0
INSERT
2
SMOOTH_0$125
8
PART_TOP_2DLINE_01
10
1.5
20
1
0
POLYLINE
8
PART_TOP_2DLINE_01
66
1
40
0.125
41
0.125
0
VERTEX
8
PART_TOP_2DLINE_01
10
-1.5
20
-1
0
VERTEX
8
PART_TOP_2DLINE_01
10
-1.5
20
-1.25
0
VERTEX
8
PART_TOP_2DLINE_01
10
1.5
20
-1.25
0
VERTEX
8
PART_TOP_2DLINE_01
10
1.5
20
-1
0
SEQEND
0
INSERT
2
SMOOTH_0$125
8
PART_TOP_2DLINE_01
10
-1.5
20
-1
0
INSERT
2
SMOOTH_0$125
8
PART_TOP_2DLINE_01
10
-1.5
20
-1.25
0
INSERT
2
SMOOTH_0$125
8
PART_TOP_2DLINE_01
10
1.5
20
-1.25
0
INSERT
2
SMOOTH_0$125
8
PART_TOP_2DLINE_01
10
1.5
20
-1
0
POLYLINE
8
PART_TOP_2DLINE_01
66
1
40
0.125
41
0.125
70
1
0
VERTEX
8
PART_TOP_2DLINE_01
10
0.75
20
0
42
1
0
VERTEX
8
PART_TOP_2DLINE_01
10
-0.75
20
0
42
1
0
SEQEND
0
ENDBLK
0
BLOCK
2
STK_TOP_83
8
0
10
0
20
0
3
STK_TOP_83
70
64
0
INSERT
2
DRIL_HOLE_0
8
DRIL_NPLTE_THRU_01
10
0
20
0
0
INSERT
2
DRIL_HOLE_0
8
DRIL_NPLTE_THRU_02
10
0
20
0
0
INSERT
2
DRIL_HOLE_0
8
DRIL_NPLTE_THRU_03
10
0
20
0
0
INSERT
2
DRIL_HOLE_0
8
DRIL_NPLTE_THRU_04
10
0
20
0
0
INSERT
2
PAD_0
8
PADS_INNER
10
0
20
0
0
INSERT
2
PAD_0
8
PADS_BOT
10
0
20
0
0
INSERT
2
PAD_45
8
PADS_TOP
10
0
20
0
50
90
0
ENDBLK
0
BLOCK
2
PART_BODY_BOT_167
8
0
10
0
20
0
3
PART_BODY_BOT_167
70
64
0
POLYLINE
8
PART_BOT_2DLINE_01
66
1
40
0.125
41
0.125
70
1
0
VERTEX
8
PART_BOT_2DLINE_01
10
-1.4
20
3.1
42
1
0
VERTEX
8
PART_BOT_2DLINE_01
10
-1.65
20
3.1
42
1
0
SEQEND
0
POLYLINE
8
PART_BOT_2DLINE_01
66
1
40
0.125
41
0.125
0
VERTEX
8
PART_BOT_2DLINE_01
10
-3.625
20
1.5875
0
VERTEX
8
PART_BOT_2DLINE_01
10
-3.625
20
1.675
0
VERTEX
8
PART_BOT_2DLINE_01
10
-2.125
20
1.675
0
VERTEX
8
PART_BOT_2DLINE_01
10
-2.125
20
2.575
0
VERTEX
8
PART_BOT_2DLINE_01
10
-1.2
20
2.575
0
SEQEND
0
INSERT
2
SMOOTH_0$125
8
PART_BOT_2DLINE_01
10
-3.625
20
1.5875
0
INSERT
2
SMOOTH_0$125
8
PART_BOT_2DLINE_01
10
-3.625
20
1.675
0
INSERT
2
SMOOTH_0$125
8
PART_BOT_2DLINE_01
10
-2.125
20
1.675
0
INSERT
2
SMOOTH_0$125
8
PART_BOT_2DLINE_01
10
-2.125
20
2.575
0
INSERT
2
SMOOTH_0$125
8
PART_BOT_2DLINE_01
10
-1.2
20
2.575
0
POLYLINE
8
PART_BOT_2DLINE_01
66
1
40
0.125
41
0.125
0
VERTEX
8
PART_BOT_2DLINE_01
10
1.3
20
2.575
0
VERTEX
8
PART_BOT_2DLINE_01
10
2.125
20
2.575
0
VERTEX
8
PART_BOT_2DLINE_01
10
2.125
20
1.675
0
VERTEX
8
PART_BOT_2DLINE_01
10
3.625
20
1.675
0
VERTEX
8
PART_BOT_2DLINE_01
10
3.625
20
1.6
0
SEQEND
0
INSERT
2
SMOOTH_0$125
8
PART_BOT_2DLINE_01
10
1.3
20
2.575
0
INSERT
2
SMOOTH_0$125
8
PART_BOT_2DLINE_01
10
2.125
20
2.575
0
INSERT
2
SMOOTH_0$125
8
PART_BOT_2DLINE_01
10
2.125
20
1.675
0
INSERT
2
SMOOTH_0$125
8
PART_BOT_2DLINE_01
10
3.625
20
1.675
0
INSERT
2
SMOOTH_0$125
8
PART_BOT_2DLINE_01
10
3.625
20
1.6
0
POLYLINE
8
PART_BOT_2DLINE_01
66
1
40
0.125
41
0.125
0
VERTEX
8
PART_BOT_2DLINE_01
10
-2
20
-1.125
0
VERTEX
8
PART_BOT_2DLINE_01
10
2
20
-1.125
0
SEQEND
0
INSERT
2
SMOOTH_0$125
8
PART_BOT_2DLINE_01
10
-2
20
-1.125
0
INSERT
2
SMOOTH_0$125
8
PART_BOT_2DLINE_01
10
2
20
-1.125
0
ENDBLK
0
BLOCK
2
STK_BOT_87
8
0
10
0
20
0
3
STK_BOT_87
70
64
0
INSERT
2
DRIL_HOLE_0
8
DRIL_NPLTE_THRU_01
10
0
20
0
0
INSERT
2
DRIL_HOLE_0
8
DRIL_NPLTE_THRU_02
10
0
20
0
0
INSERT
2
DRIL_HOLE_0
8
DRIL_NPLTE_THRU_03
10
0
20
0
0
INSERT
2
DRIL_HOLE_0
8
DRIL_NPLTE_THRU_04
10
0
20
0
0
INSERT
2
PAD_0
8
PADS_INNER
10
0
20
0
0
INSERT
2
PAD_46
8
PADS_BOT
10
0
20
0
50
90
0
INSERT
2
PAD_0
8
PADS_TOP
10
0
20
0
0
ENDBLK
0
BLOCK
2
STK_BOT_5
8
0
10
0
20
0
3
STK_BOT_5
70
64
0
INSERT
2
DRIL_HOLE_0
8
DRIL_NPLTE_THRU_01
10
0
20
0
0
INSERT
2
DRIL_HOLE_0
8
DRIL_NPLTE_THRU_02
10
0
20
0
0
INSERT
2
DRIL_HOLE_0
8
DRIL_NPLTE_THRU_03
10
0
20
0
0
INSERT
2
DRIL_HOLE_0
8
DRIL_NPLTE_THRU_04
10
0
20
0
0
INSERT
2
PAD_0
8
PADS_INNER
10
0
20
0
0
INSERT
2
PAD_2
8
PADS_BOT
10
0
20
0
50
90
0
INSERT
2
PAD_0
8
PADS_TOP
10
0
20
0
0
ENDBLK
0
BLOCK
2
PART_BODY_TOP_167
8
0
10
0
20
0
3
PART_BODY_TOP_167
70
64
0
POLYLINE
8
PART_TOP_2DLINE_01
66
1
40
0.125
41
0.125
70
1
0
VERTEX
8
PART_TOP_2DLINE_01
10
-1.4
20
3.1
42
1
0
VERTEX
8
PART_TOP_2DLINE_01
10
-1.65
20
3.1
42
1
0
SEQEND
0
POLYLINE
8
PART_TOP_2DLINE_01
66
1
40
0.125
41
0.125
0
VERTEX
8
PART_TOP_2DLINE_01
10
-3.625
20
1.5875
0
VERTEX
8
PART_TOP_2DLINE_01
10
-3.625
20
1.675
0
VERTEX
8
PART_TOP_2DLINE_01
10
-2.125
20
1.675
0
VERTEX
8
PART_TOP_2DLINE_01
10
-2.125
20
2.575
0
VERTEX
8
PART_TOP_2DLINE_01
10
-1.2
20
2.575
0
SEQEND
0
INSERT
2
SMOOTH_0$125
8
PART_TOP_2DLINE_01
10
-3.625
20
1.5875
0
INSERT
2
SMOOTH_0$125
8
PART_TOP_2DLINE_01
10
-3.625
20
1.675
0
INSERT
2
SMOOTH_0$125
8
PART_TOP_2DLINE_01
10
-2.125
20
1.675
0
INSERT
2
SMOOTH_0$125
8
PART_TOP_2DLINE_01
10
-2.125
20
2.575
0
INSERT
2
SMOOTH_0$125
8
PART_TOP_2DLINE_01
10
-1.2
20
2.575
0
POLYLINE
8
PART_TOP_2DLINE_01
66
1
40
0.125
41
0.125
0
VERTEX
8
PART_TOP_2DLINE_01
10
1.3
20
2.575
0
VERTEX
8
PART_TOP_2DLINE_01
10
2.125
20
2.575
0
VERTEX
8
PART_TOP_2DLINE_01
10
2.125
20
1.675
0
VERTEX
8
PART_TOP_2DLINE_01
10
3.625
20
1.675
0
VERTEX
8
PART_TOP_2DLINE_01
10
3.625
20
1.6
0
SEQEND
0
INSERT
2
SMOOTH_0$125
8
PART_TOP_2DLINE_01
10
1.3
20
2.575
0
INSERT
2
SMOOTH_0$125
8
PART_TOP_2DLINE_01
10
2.125
20
2.575
0
INSERT
2
SMOOTH_0$125
8
PART_TOP_2DLINE_01
10
2.125
20
1.675
0
INSERT
2
SMOOTH_0$125
8
PART_TOP_2DLINE_01
10
3.625
20
1.675
0
INSERT
2
SMOOTH_0$125
8
PART_TOP_2DLINE_01
10
3.625
20
1.6
0
POLYLINE
8
PART_TOP_2DLINE_01
66
1
40
0.125
41
0.125
0
VERTEX
8
PART_TOP_2DLINE_01
10
-2
20
-1.125
0
VERTEX
8
PART_TOP_2DLINE_01
10
2
20
-1.125
0
SEQEND
0
INSERT
2
SMOOTH_0$125
8
PART_TOP_2DLINE_01
10
-2
20
-1.125
0
INSERT
2
SMOOTH_0$125
8
PART_TOP_2DLINE_01
10
2
20
-1.125
0
ENDBLK
0
BLOCK
2
STK_TOP_87
8
0
10
0
20
0
3
STK_TOP_87
70
64
0
INSERT
2
DRIL_HOLE_0
8
DRIL_NPLTE_THRU_01
10
0
20
0
0
INSERT
2
DRIL_HOLE_0
8
DRIL_NPLTE_THRU_02
10
0
20
0
0
INSERT
2
DRIL_HOLE_0
8
DRIL_NPLTE_THRU_03
10
0
20
0
0
INSERT
2
DRIL_HOLE_0
8
DRIL_NPLTE_THRU_04
10
0
20
0
0
INSERT
2
PAD_0
8
PADS_INNER
10
0
20
0
0
INSERT
2
PAD_0
8
PADS_BOT
10
0
20
0
0
INSERT
2
PAD_46
8
PADS_TOP
10
0
20
0
50
90
0
ENDBLK
0
BLOCK
2
PART_BODY_TOP_173
8
0
10
0
20
0
3
PART_BODY_TOP_173
70
64
0
ENDBLK
0
BLOCK
2
STK_TOP_89
8
0
10
0
20
0
3
STK_TOP_89
70
64
0
INSERT
2
DRIL_HOLE_1$7
8
DRIL_NPLTE_THRU_01
10
0
20
0
0
INSERT
2
DRIL_HOLE_1$7
8
DRIL_NPLTE_THRU_02
10
0
20
0
0
INSERT
2
DRIL_HOLE_1$7
8
DRIL_NPLTE_THRU_03
10
0
20
0
0
INSERT
2
DRIL_HOLE_1$7
8
DRIL_NPLTE_THRU_04
10
0
20
0
0
INSERT
2
PAD_47
8
PADS_INNER
10
0
20
0
0
INSERT
2
PAD_47
8
PADS_BOT
10
0
20
0
0
INSERT
2
PAD_47
8
PADS_TOP
10
0
20
0
0
ENDBLK
0
BLOCK
2
PART_BODY_TOP_66
8
0
10
0
20
0
3
PART_BODY_TOP_66
70
64
0
POLYLINE
8
PART_TOP_2DLINE_01
66
1
40
0.2
41
0.2
70
1
0
VERTEX
8
PART_TOP_2DLINE_01
10
-2.125
20
-2.1
0
VERTEX
8
PART_TOP_2DLINE_01
10
2.125
20
-2.1
0
VERTEX
8
PART_TOP_2DLINE_01
10
2.125
20
4.1
0
VERTEX
8
PART_TOP_2DLINE_01
10
-2.125
20
4.1
0
SEQEND
0
INSERT
2
SMOOTH_0$2
8
PART_TOP_2DLINE_01
10
-2.125
20
-2.1
0
INSERT
2
SMOOTH_0$2
8
PART_TOP_2DLINE_01
10
2.125
20
-2.1
0
INSERT
2
SMOOTH_0$2
8
PART_TOP_2DLINE_01
10
2.125
20
4.1
0
INSERT
2
SMOOTH_0$2
8
PART_TOP_2DLINE_01
10
-2.125
20
4.1
0
POLYLINE
8
PART_TOP_2DLINE_01
66
1
40
0.2
41
0.2
0
VERTEX
8
PART_TOP_2DLINE_01
10
-2.125
20
2.1
0
VERTEX
8
PART_TOP_2DLINE_01
10
-4.55
20
2.1
0
VERTEX
8
PART_TOP_2DLINE_01
10
-4.55
20
-1.7
0
VERTEX
8
PART_TOP_2DLINE_01
10
-2.125
20
-1.7
0
SEQEND
0
INSERT
2
SMOOTH_0$2
8
PART_TOP_2DLINE_01
10
-2.125
20
2.1
0
INSERT
2
SMOOTH_0$2
8
PART_TOP_2DLINE_01
10
-4.55
20
2.1
0
INSERT
2
SMOOTH_0$2
8
PART_TOP_2DLINE_01
10
-4.55
20
-1.7
0
INSERT
2
SMOOTH_0$2
8
PART_TOP_2DLINE_01
10
-2.125
20
-1.7
0
POLYLINE
8
PART_TOP_2DLINE_01
66
1
40
0.2
41
0.2
0
VERTEX
8
PART_TOP_2DLINE_01
10
2.125
20
2.1
0
VERTEX
8
PART_TOP_2DLINE_01
10
4.55
20
2.1
0
VERTEX
8
PART_TOP_2DLINE_01
10
4.55
20
-1.7
0
VERTEX
8
PART_TOP_2DLINE_01
10
2.125
20
-1.7
0
SEQEND
0
INSERT
2
SMOOTH_0$2
8
PART_TOP_2DLINE_01
10
2.125
20
2.1
0
INSERT
2
SMOOTH_0$2
8
PART_TOP_2DLINE_01
10
4.55
20
2.1
0
INSERT
2
SMOOTH_0$2
8
PART_TOP_2DLINE_01
10
4.55
20
-1.7
0
INSERT
2
SMOOTH_0$2
8
PART_TOP_2DLINE_01
10
2.125
20
-1.7
0
POLYLINE
8
PART_TOP_2DLINE_01
66
1
40
0.25
41
0.25
70
1
0
VERTEX
8
PART_TOP_2DLINE_01
10
0.725
20
4.65
42
1
0
VERTEX
8
PART_TOP_2DLINE_01
10
0.475
20
4.65
42
1
0
SEQEND
0
POLYLINE
8
PART_TOP_2DLINE_27
66
1
40
0.25
41
0.25
70
1
0
VERTEX
8
PART_TOP_2DLINE_27
10
0.725
20
4.65
42
1
0
VERTEX
8
PART_TOP_2DLINE_27
10
0.475
20
4.65
42
1
0
SEQEND
0
ENDBLK
0
BLOCK
2
PART_BODY_TOP_80
8
0
10
0
20
0
3
PART_BODY_TOP_80
70
64
0
POLYLINE
8
PART_TOP_2DLINE_00
66
1
40
0.125
41
0.125
70
1
0
VERTEX
8
PART_TOP_2DLINE_00
10
-1.1
20
0.5
0
VERTEX
8
PART_TOP_2DLINE_00
10
1.1
20
0.5
0
VERTEX
8
PART_TOP_2DLINE_00
10
1.1
20
-0.5
0
VERTEX
8
PART_TOP_2DLINE_00
10
-1.1
20
-0.5
0
SEQEND
0
INSERT
2
SMOOTH_0$125
8
PART_TOP_2DLINE_00
10
-1.1
20
0.5
0
INSERT
2
SMOOTH_0$125
8
PART_TOP_2DLINE_00
10
1.1
20
0.5
0
INSERT
2
SMOOTH_0$125
8
PART_TOP_2DLINE_00
10
1.1
20
-0.5
0
INSERT
2
SMOOTH_0$125
8
PART_TOP_2DLINE_00
10
-1.1
20
-0.5
0
POLYLINE
8
PART_TOP_2DLINE_00
66
1
40
0.125
41
0.125
0
VERTEX
8
PART_TOP_2DLINE_00
10
0
20
0.5
0
VERTEX
8
PART_TOP_2DLINE_00
10
0
20
0.45
0
VERTEX
8
PART_TOP_2DLINE_00
10
-0.15
20
0.3
0
VERTEX
8
PART_TOP_2DLINE_00
10
0.15
20
0
0
VERTEX
8
PART_TOP_2DLINE_00
10
-0.15
20
-0.3
0
VERTEX
8
PART_TOP_2DLINE_00
10
0
20
-0.45
0
VERTEX
8
PART_TOP_2DLINE_00
10
0
20
-0.5
0
SEQEND
0
INSERT
2
SMOOTH_0$125
8
PART_TOP_2DLINE_00
10
0
20
0.5
0
INSERT
2
SMOOTH_0$125
8
PART_TOP_2DLINE_00
10
0
20
0.45
0
INSERT
2
SMOOTH_0$125
8
PART_TOP_2DLINE_00
10
-0.15
20
0.3
0
INSERT
2
SMOOTH_0$125
8
PART_TOP_2DLINE_00
10
0.15
20
0
0
INSERT
2
SMOOTH_0$125
8
PART_TOP_2DLINE_00
10
-0.15
20
-0.3
0
INSERT
2
SMOOTH_0$125
8
PART_TOP_2DLINE_00
10
0
20
-0.45
0
INSERT
2
SMOOTH_0$125
8
PART_TOP_2DLINE_00
10
0
20
-0.5
0
ENDBLK
0
BLOCK
2
STK_TOP_25
8
0
10
0
20
0
3
STK_TOP_25
70
64
0
INSERT
2
DRIL_HOLE_0
8
DRIL_PLTE_THRU_01
10
0
20
0
0
INSERT
2
DRIL_HOLE_0
8
DRIL_PLTE_THRU_02
10
0
20
0
0
INSERT
2
DRIL_HOLE_0
8
DRIL_PLTE_THRU_03
10
0
20
0
0
INSERT
2
DRIL_HOLE_0
8
DRIL_PLTE_THRU_04
10
0
20
0
0
INSERT
2
PAD_0
8
PADS_INNER
10
0
20
0
0
INSERT
2
PAD_0
8
PADS_BOT
10
0
20
0
0
INSERT
2
PAD_48
8
PADS_TOP
10
0
20
0
50
90
0
ENDBLK
999
*** POWERPCB  PCB PARAMETER ***
0
BLOCK
2
PCB_PARAMS
8
0
10
0
20
0
3
PCB_PARAMS
70
64
999
 *  1.Job name           2.Backupfile name       3.CursorType
999
 *  4.TearDropFlag       5.HighlighNetsFlag      6.HatchDisplayFlag
999
 *  7.PadsFlag           8.TracksFlag            9.ViasFlag
999
 * 10.CopperFlag        11.LinesFlag            12.TextFlag
999
 * 13.TopComponentFlag  14.BottomComponentFlag  16.ObjectSnapFlags
0
TEXT
8
PCB_PARAMS
10
0
20
-3.048
40
1.778
1
A:=SUREARLY_OBJET_V02_260710.pcb <> 5 0 1 1 1 1 1 1 1 1 1 1 0 502 0
999
 *  1.RefDesHeight       2.RefDesWidth           3.DefaultWidth
999
 *  4.VGX                5.VGY                   6.OVR
999
 *  7.HatchGrid          8.ObjectSnapRadius
0
TEXT
8
PCB_PARAMS
10
0
20
-6.096
40
1.778
1
B:=1.524 0.1524 0.125 0.5 0.5 0.0762 0.1 0.5
999
 *  1.ScaleFactor        2.NetAttributeFlags     3.BackupInterval
999
 *  4.WorkingLevel       5.HatchMode             6.HatchDirection
999
 *  7.ConnectionColor    8.BackgroundColor       9.ForegroundColor
999
 * 10.BoardOutlineColor
0
TEXT
8
PCB_PARAMS
10
0
20
-9.144
40
1.778
1
C:=3.9438707829 10002 5 4 0 0 7 0 8 8
999
 * MitreAngle0 - MitreAngle6
0
TEXT
8
PCB_PARAMS
10
0
20
-12.192
40
1.778
1
D:=324000000 324000000 324000000 324000000 324000000 324000000 324000000
999
 * Hatch & Keepout Parameters
0
TEXT
8
PCB_PARAMS
10
0
20
-15.24
40
1.778
1
E:=0.009 0 0 2.54 0 1
999
 * Fanout Parameters
0
TEXT
8
PCB_PARAMS
10
0
20
-18.288
40
1.778
1
F:=0.635 0.635 6.35 1 2 0 1 1 0 0 1 1 1 1
999
 * Pad Entry Parameters
0
TEXT
8
PCB_PARAMS
10
0
20
-21.336
40
1.778
1
P:= 1 1 1 1
999
 * DFF Parameters
0
TEXT
8
PCB_PARAMS
10
0
20
-24.384
40
1.778
1
Q:=89.9999 3967 114300 114300 114300 5 4 114300 114300 114300 114300 1 114300 1 114300 1 114300 0
0
ENDBLK
0
BLOCK
2
DRIL_SYMBOL_0
8
0
10
0
20
0
3
DRIL_SYMBOL_0
70
64
0
ENDBLK
0
BLOCK
2
DRIL_SYMBOL_0$3
8
0
10
0
20
0
3
DRIL_SYMBOL_0$3
70
64
0
POLYLINE
8
DRIL_SYMBOL
66
1
40
0.0508
41
0.0508
0
VERTEX
8
DRIL_SYMBOL
10
0
20
-0.254
0
VERTEX
8
DRIL_SYMBOL
10
0
20
0.254
0
SEQEND
0
POLYLINE
8
DRIL_SYMBOL
66
1
40
0.0508
41
0.0508
0
VERTEX
8
DRIL_SYMBOL
10
-0.254
20
0
0
VERTEX
8
DRIL_SYMBOL
10
0.254
20
0
0
SEQEND
0
ENDBLK
0
BLOCK
2
DRIL_SYMBOL_1$2
8
0
10
0
20
0
3
DRIL_SYMBOL_1$2
70
64
0
POLYLINE
8
DRIL_SYMBOL
66
1
40
0.0508
41
0.0508
0
VERTEX
8
DRIL_SYMBOL
10
0
20
-0.254
0
VERTEX
8
DRIL_SYMBOL
10
0
20
0.254
0
SEQEND
0
POLYLINE
8
DRIL_SYMBOL
66
1
40
0.0508
41
0.0508
0
VERTEX
8
DRIL_SYMBOL
10
-0.254
20
0
0
VERTEX
8
DRIL_SYMBOL
10
0.254
20
0
0
SEQEND
0
ENDBLK
0
BLOCK
2
DRIL_SYMBOL_0$2
8
0
10
0
20
0
3
DRIL_SYMBOL_0$2
70
64
0
POLYLINE
8
DRIL_SYMBOL
66
1
40
0.0508
41
0.0508
0
VERTEX
8
DRIL_SYMBOL
10
0
20
-0.254
0
VERTEX
8
DRIL_SYMBOL
10
0
20
0.254
0
SEQEND
0
POLYLINE
8
DRIL_SYMBOL
66
1
40
0.0508
41
0.0508
0
VERTEX
8
DRIL_SYMBOL
10
-0.254
20
0
0
VERTEX
8
DRIL_SYMBOL
10
0.254
20
0
0
SEQEND
0
ENDBLK
0
BLOCK
2
DRIL_SYMBOL_2$2
8
0
10
0
20
0
3
DRIL_SYMBOL_2$2
70
64
0
POLYLINE
8
DRIL_SYMBOL
66
1
40
0.0508
41
0.0508
0
VERTEX
8
DRIL_SYMBOL
10
0
20
-0.254
0
VERTEX
8
DRIL_SYMBOL
10
0
20
0.254
0
SEQEND
0
POLYLINE
8
DRIL_SYMBOL
66
1
40
0.0508
41
0.0508
0
VERTEX
8
DRIL_SYMBOL
10
-0.254
20
0
0
VERTEX
8
DRIL_SYMBOL
10
0.254
20
0
0
SEQEND
0
ENDBLK
0
BLOCK
2
DRIL_SYMBOL_4
8
0
10
0
20
0
3
DRIL_SYMBOL_4
70
64
0
POLYLINE
8
DRIL_SYMBOL
66
1
40
0.0508
41
0.0508
0
VERTEX
8
DRIL_SYMBOL
10
0
20
-0.254
0
VERTEX
8
DRIL_SYMBOL
10
0
20
0.254
0
SEQEND
0
POLYLINE
8
DRIL_SYMBOL
66
1
40
0.0508
41
0.0508
0
VERTEX
8
DRIL_SYMBOL
10
-0.254
20
0
0
VERTEX
8
DRIL_SYMBOL
10
0.254
20
0
0
SEQEND
0
ENDBLK
0
BLOCK
2
DRIL_SYMBOL_0$65
8
0
10
0
20
0
3
DRIL_SYMBOL_0$65
70
64
0
POLYLINE
8
DRIL_SYMBOL
66
1
40
0.0508
41
0.0508
0
VERTEX
8
DRIL_SYMBOL
10
0
20
-0.254
0
VERTEX
8
DRIL_SYMBOL
10
0
20
0.254
0
SEQEND
0
POLYLINE
8
DRIL_SYMBOL
66
1
40
0.0508
41
0.0508
0
VERTEX
8
DRIL_SYMBOL
10
-0.254
20
0
0
VERTEX
8
DRIL_SYMBOL
10
0.254
20
0
0
SEQEND
0
ENDBLK
0
BLOCK
2
DRIL_SYMBOL_5
8
0
10
0
20
0
3
DRIL_SYMBOL_5
70
64
0
POLYLINE
8
DRIL_SYMBOL
66
1
40
0.0508
41
0.0508
0
VERTEX
8
DRIL_SYMBOL
10
0
20
-0.254
0
VERTEX
8
DRIL_SYMBOL
10
0
20
0.254
0
SEQEND
0
POLYLINE
8
DRIL_SYMBOL
66
1
40
0.0508
41
0.0508
0
VERTEX
8
DRIL_SYMBOL
10
-0.254
20
0
0
VERTEX
8
DRIL_SYMBOL
10
0.254
20
0
0
SEQEND
0
ENDBLK
0
BLOCK
2
DRIL_SYMBOL_2
8
0
10
0
20
0
3
DRIL_SYMBOL_2
70
64
0
POLYLINE
8
DRIL_SYMBOL
66
1
40
0.0508
41
0.0508
0
VERTEX
8
DRIL_SYMBOL
10
0
20
-0.254
0
VERTEX
8
DRIL_SYMBOL
10
0
20
0.254
0
SEQEND
0
POLYLINE
8
DRIL_SYMBOL
66
1
40
0.0508
41
0.0508
0
VERTEX
8
DRIL_SYMBOL
10
-0.254
20
0
0
VERTEX
8
DRIL_SYMBOL
10
0.254
20
0
0
SEQEND
0
ENDBLK
0
BLOCK
2
DRIL_SYMBOL_3$5
8
0
10
0
20
0
3
DRIL_SYMBOL_3$5
70
64
0
POLYLINE
8
DRIL_SYMBOL
66
1
40
0.0508
41
0.0508
0
VERTEX
8
DRIL_SYMBOL
10
0
20
-0.254
0
VERTEX
8
DRIL_SYMBOL
10
0
20
0.254
0
SEQEND
0
POLYLINE
8
DRIL_SYMBOL
66
1
40
0.0508
41
0.0508
0
VERTEX
8
DRIL_SYMBOL
10
-0.254
20
0
0
VERTEX
8
DRIL_SYMBOL
10
0.254
20
0
0
SEQEND
0
ENDBLK
0
BLOCK
2
DRIL_SYMBOL_1$7
8
0
10
0
20
0
3
DRIL_SYMBOL_1$7
70
64
0
POLYLINE
8
DRIL_SYMBOL
66
1
40
0.0508
41
0.0508
0
VERTEX
8
DRIL_SYMBOL
10
0
20
-0.254
0
VERTEX
8
DRIL_SYMBOL
10
0
20
0.254
0
SEQEND
0
POLYLINE
8
DRIL_SYMBOL
66
1
40
0.0508
41
0.0508
0
VERTEX
8
DRIL_SYMBOL
10
-0.254
20
0
0
VERTEX
8
DRIL_SYMBOL
10
0.254
20
0
0
SEQEND
0
ENDBLK
999
*** POWERPCB  SMOOTH CIRCLE ***
0
BLOCK
2
SMOOTH_0$1778
8
0
10
0
20
0
3
SMOOTH_0$1778
70
64
0
POLYLINE
8
0
66
1
40
0.0889
41
0.0889
70
1
0
VERTEX
8
0
10
-0.04445
20
0
42
1
0
VERTEX
8
0
10
0.04445
20
0
42
1
0
SEQEND
0
ENDBLK
0
BLOCK
2
SMOOTH_0$2
8
0
10
0
20
0
3
SMOOTH_0$2
70
64
0
POLYLINE
8
0
66
1
40
0.1
41
0.1
70
1
0
VERTEX
8
0
10
-0.05
20
0
42
1
0
VERTEX
8
0
10
0.05
20
0
42
1
0
SEQEND
0
ENDBLK
0
BLOCK
2
SMOOTH_0$125
8
0
10
0
20
0
3
SMOOTH_0$125
70
64
0
POLYLINE
8
0
66
1
40
0.0625
41
0.0625
70
1
0
VERTEX
8
0
10
-0.03125
20
0
42
1
0
VERTEX
8
0
10
0.03125
20
0
42
1
0
SEQEND
0
ENDBLK
0
BLOCK
2
SMOOTH_0$127
8
0
10
0
20
0
3
SMOOTH_0$127
70
64
0
POLYLINE
8
0
66
1
40
0.0635
41
0.0635
70
1
0
VERTEX
8
0
10
-0.03175
20
0
42
1
0
VERTEX
8
0
10
0.03175
20
0
42
1
0
SEQEND
0
ENDBLK
0
BLOCK
2
PAD_0
8
0
10
0
20
0
3
PAD_0
70
64
0
POLYLINE
8
0
70
1
66
1
0
VERTEX
8
0
10
0
20
0
42
1
0
VERTEX
8
0
10
0
20
0
42
1
0
SEQEND
0
ENDBLK
0
BLOCK
2
PAD_1
8
0
10
0
20
0
3
PAD_1
70
64
0
POLYLINE
8
0
66
1
40
0.8
41
0.8
0
VERTEX
8
0
10
-0.8
20
0
0
VERTEX
8
0
10
0.8
20
0
0
SEQEND
0
ENDBLK
0
BLOCK
2
PAD_2
8
0
10
0
20
0
3
PAD_2
70
64
0
POLYLINE
8
0
66
1
40
2.1
41
2.1
0
VERTEX
8
0
10
-1.5
20
0
0
VERTEX
8
0
10
1.5
20
0
0
SEQEND
0
ENDBLK
0
BLOCK
2
PAD_3
8
0
10
0
20
0
3
PAD_3
70
64
0
POLYLINE
8
0
66
1
40
0.5
41
0.5
0
VERTEX
8
0
10
-0.5
20
0
0
VERTEX
8
0
10
0.5
20
0
0
SEQEND
0
ENDBLK
0
BLOCK
2
PAD_4
8
0
10
0
20
0
3
PAD_4
70
64
0
POLYLINE
8
0
66
1
40
0.3
41
0.3
0
VERTEX
8
0
10
-0.5
20
0
0
VERTEX
8
0
10
0.5
20
0
0
SEQEND
0
ENDBLK
0
BLOCK
2
PAD_5
8
0
10
0
20
0
3
PAD_5
70
64
0
POLYLINE
8
0
66
1
40
0.35
41
0.35
0
VERTEX
8
0
10
-0.45
20
0
0
VERTEX
8
0
10
0.45
20
0
0
SEQEND
0
ENDBLK
0
BLOCK
2
PAD_6
8
0
10
0
20
0
3
PAD_6
70
64
0
POLYLINE
8
0
66
1
40
0.3
41
0.3
0
VERTEX
8
0
10
-0.25
20
0
0
VERTEX
8
0
10
0.25
20
0
0
SEQEND
0
ENDBLK
0
BLOCK
2
PAD_7
8
0
10
0
20
0
3
PAD_7
70
64
0
POLYLINE
8
0
66
1
40
2
41
2
0
VERTEX
8
0
10
-1
20
0
0
VERTEX
8
0
10
1
20
0
0
SEQEND
0
ENDBLK
0
BLOCK
2
PAD_8
8
0
10
0
20
0
3
PAD_8
70
64
0
POLYLINE
8
0
70
1
66
1
40
0.2
41
0.2
0
VERTEX
8
0
10
0
20
-0.1
42
1
0
VERTEX
8
0
10
0
20
0.1
42
1
0
SEQEND
0
ENDBLK
0
BLOCK
2
PAD_9
8
0
10
0
20
0
3
PAD_9
70
64
0
POLYLINE
8
0
66
1
40
0.8
41
0.8
0
VERTEX
8
0
10
-0.4
20
0
0
VERTEX
8
0
10
0.4
20
0
0
SEQEND
0
ENDBLK
0
BLOCK
2
PAD_10
8
0
10
0
20
0
3
PAD_10
70
64
0
POLYLINE
8
0
66
1
40
1.2
41
1.2
0
VERTEX
8
0
10
-0.8
20
0
0
VERTEX
8
0
10
0.8
20
0
0
SEQEND
0
ENDBLK
0
BLOCK
2
PAD_11
8
0
10
0
20
0
3
PAD_11
70
64
0
POLYLINE
8
0
66
1
40
1.2
41
1.2
0
VERTEX
8
0
10
-0.95
20
0
0
VERTEX
8
0
10
0.95
20
0
0
SEQEND
0
ENDBLK
0
BLOCK
2
PAD_12
8
0
10
0
20
0
3
PAD_12
70
64
0
POLYLINE
8
0
66
1
40
0.8
41
0.8
0
VERTEX
8
0
10
-0.4
20
0
0
VERTEX
8
0
10
0.4
20
0
0
SEQEND
0
ENDBLK
0
BLOCK
2
PAD_13
8
0
10
0
20
0
3
PAD_13
70
64
0
POLYLINE
8
0
66
1
40
1.5
41
1.5
0
VERTEX
8
0
10
-1.2
20
0
0
VERTEX
8
0
10
1.2
20
0
0
SEQEND
0
ENDBLK
0
BLOCK
2
PAD_14
8
0
10
0
20
0
3
PAD_14
70
64
0
POLYLINE
8
0
70
1
66
1
40
0.125
41
0.125
0
VERTEX
8
0
10
-0.625
20
-0.0625
0
VERTEX
8
0
10
0.625
20
-0.0625
42
1
0
VERTEX
8
0
10
0.625
20
0.0625
0
VERTEX
8
0
10
-0.625
20
0.0625
42
1
0
SEQEND
0
ENDBLK
0
BLOCK
2
PAD_15
8
0
10
0
20
0
3
PAD_15
70
64
0
POLYLINE
8
0
66
1
40
1.02
41
1.02
0
VERTEX
8
0
10
-1.08
20
0
0
VERTEX
8
0
10
1.08
20
0
0
SEQEND
0
ENDBLK
0
BLOCK
2
PAD_16
8
0
10
0
20
0
3
PAD_16
70
64
0
POLYLINE
8
0
66
1
40
1.02
41
1.02
0
VERTEX
8
0
10
-1.125
20
0
0
VERTEX
8
0
10
1.125
20
0
0
SEQEND
0
ENDBLK
0
BLOCK
2
PAD_17
8
0
10
0
20
0
3
PAD_17
70
64
0
POLYLINE
8
0
70
1
66
1
40
0.6
41
0.6
0
VERTEX
8
0
10
0
20
-0.3
42
1
0
VERTEX
8
0
10
0
20
0.3
42
1
0
SEQEND
0
ENDBLK
0
BLOCK
2
PAD_18
8
0
10
0
20
0
3
PAD_18
70
64
0
POLYLINE
8
0
66
1
40
0.3
41
0.3
0
VERTEX
8
0
10
-0.7
20
0
0
VERTEX
8
0
10
0.7
20
0
0
SEQEND
0
ENDBLK
0
BLOCK
2
PAD_19
8
0
10
0
20
0
3
PAD_19
70
64
0
POLYLINE
8
0
66
1
40
1.6
41
1.6
0
VERTEX
8
0
10
-0.975
20
0
0
VERTEX
8
0
10
0.975
20
0
0
SEQEND
0
ENDBLK
0
BLOCK
2
PAD_20
8
0
10
0
20
0
3
PAD_20
70
64
0
POLYLINE
8
0
66
1
40
1.2
41
1.2
0
VERTEX
8
0
10
-0.7
20
0
0
VERTEX
8
0
10
0.7
20
0
0
SEQEND
0
ENDBLK
0
BLOCK
2
PAD_21
8
0
10
0
20
0
3
PAD_21
70
64
0
POLYLINE
8
0
66
1
40
0.6
41
0.6
0
VERTEX
8
0
10
-0.3
20
0
0
VERTEX
8
0
10
0.3
20
0
0
SEQEND
0
ENDBLK
0
BLOCK
2
PAD_22
8
0
10
0
20
0
3
PAD_22
70
64
0
POLYLINE
8
0
70
1
66
1
40
0.3
41
0.3
0
VERTEX
8
0
10
-0.55
20
-0.15
0
VERTEX
8
0
10
0.55
20
-0.15
42
1
0
VERTEX
8
0
10
0.55
20
0.15
0
VERTEX
8
0
10
-0.55
20
0.15
42
1
0
SEQEND
0
ENDBLK
0
BLOCK
2
PAD_23
8
0
10
0
20
0
3
PAD_23
70
64
0
POLYLINE
8
0
70
1
66
1
40
0.3
41
0.3
0
VERTEX
8
0
10
-0.9
20
-0.15
0
VERTEX
8
0
10
0.9
20
-0.15
42
1
0
VERTEX
8
0
10
0.9
20
0.15
0
VERTEX
8
0
10
-0.9
20
0.15
42
1
0
SEQEND
0
ENDBLK
0
BLOCK
2
PAD_24
8
0
10
0
20
0
3
PAD_24
70
64
0
POLYLINE
8
0
66
1
40
1
41
1
0
VERTEX
8
0
10
-0.6
20
0
0
VERTEX
8
0
10
0.6
20
0
0
SEQEND
0
ENDBLK
0
BLOCK
2
PAD_25
8
0
10
0
20
0
3
PAD_25
70
64
0
POLYLINE
8
0
70
1
66
1
40
0.25
41
0.25
0
VERTEX
8
0
10
-0.5
20
-0.125
0
VERTEX
8
0
10
0.5
20
-0.125
42
1
0
VERTEX
8
0
10
0.5
20
0.125
0
VERTEX
8
0
10
-0.5
20
0.125
42
1
0
SEQEND
0
ENDBLK
0
BLOCK
2
PAD_26
8
0
10
0
20
0
3
PAD_26
70
64
0
POLYLINE
8
0
70
1
66
1
40
0.25
41
0.25
0
VERTEX
8
0
10
-0.45
20
-0.125
0
VERTEX
8
0
10
0.45
20
-0.125
42
1
0
VERTEX
8
0
10
0.45
20
0.125
0
VERTEX
8
0
10
-0.45
20
0.125
42
1
0
SEQEND
0
ENDBLK
0
BLOCK
2
PAD_27
8
0
10
0
20
0
3
PAD_27
70
64
0
POLYLINE
8
0
70
1
66
1
40
0.15
41
0.15
0
VERTEX
8
0
10
-0.25
20
-0.075
0
VERTEX
8
0
10
0.25
20
-0.075
42
1
0
VERTEX
8
0
10
0.25
20
0.075
0
VERTEX
8
0
10
-0.25
20
0.075
42
1
0
SEQEND
0
ENDBLK
0
BLOCK
2
PAD_28
8
0
10
0
20
0
3
PAD_28
70
64
0
POLYLINE
8
0
66
1
40
1.68
41
1.68
0
VERTEX
8
0
10
-0.84
20
0
0
VERTEX
8
0
10
0.84
20
0
0
SEQEND
0
ENDBLK
0
BLOCK
2
PAD_29
8
0
10
0
20
0
3
PAD_29
70
64
0
POLYLINE
8
0
70
1
66
1
40
0.15
41
0.15
0
VERTEX
8
0
10
0
20
-0.075
42
1
0
VERTEX
8
0
10
0
20
0.075
42
1
0
SEQEND
0
ENDBLK
0
BLOCK
2
PAD_30
8
0
10
0
20
0
3
PAD_30
70
64
0
POLYLINE
8
0
66
1
40
1.1
41
1.1
0
VERTEX
8
0
10
-0.625
20
0
0
VERTEX
8
0
10
0.625
20
0
0
SEQEND
0
ENDBLK
0
BLOCK
2
PAD_31
8
0
10
0
20
0
3
PAD_31
70
64
0
POLYLINE
8
0
70
1
66
1
40
1
41
1
0
VERTEX
8
0
10
0
20
-0.5
42
1
0
VERTEX
8
0
10
0
20
0.5
42
1
0
SEQEND
0
ENDBLK
0
BLOCK
2
PAD_32
8
0
10
0
20
0
3
PAD_32
70
64
0
POLYLINE
8
0
70
1
66
1
40
1.1
41
1.1
0
VERTEX
8
0
10
0
20
-0.55
42
1
0
VERTEX
8
0
10
0
20
0.55
42
1
0
SEQEND
0
ENDBLK
0
BLOCK
2
PAD_33
8
0
10
0
20
0
3
PAD_33
70
64
0
POLYLINE
8
0
70
1
66
1
40
2
41
2
0
VERTEX
8
0
10
0
20
-1
42
1
0
VERTEX
8
0
10
0
20
1
42
1
0
SEQEND
0
ENDBLK
0
BLOCK
2
PAD_34
8
0
10
0
20
0
3
PAD_34
70
64
0
POLYLINE
8
0
66
1
40
0.3
41
0.3
0
VERTEX
8
0
10
-0.575
20
0
0
VERTEX
8
0
10
0.575
20
0
0
SEQEND
0
ENDBLK
0
BLOCK
2
PAD_35
8
0
10
0
20
0
3
PAD_35
70
64
0
POLYLINE
8
0
66
1
40
2
41
2
0
VERTEX
8
0
10
-1.09
20
0
0
VERTEX
8
0
10
1.09
20
0
0
SEQEND
0
ENDBLK
0
BLOCK
2
PAD_36
8
0
10
0
20
0
3
PAD_36
70
64
0
POLYLINE
8
0
70
1
66
1
40
0.325
41
0.325
0
VERTEX
8
0
10
0
20
-0.1625
42
1
0
VERTEX
8
0
10
0
20
0.1625
42
1
0
SEQEND
0
ENDBLK
0
BLOCK
2
PAD_37
8
0
10
0
20
0
3
PAD_37
70
64
0
POLYLINE
8
0
66
1
40
0.6
41
0.6
0
VERTEX
8
0
10
-0.575
20
0
0
VERTEX
8
0
10
0.575
20
0
0
SEQEND
0
ENDBLK
0
BLOCK
2
PAD_38
8
0
10
0
20
0
3
PAD_38
70
64
0
POLYLINE
8
0
70
1
66
1
40
2.5
41
2.5
0
VERTEX
8
0
10
0
20
-1.25
42
1
0
VERTEX
8
0
10
0
20
1.25
42
1
0
SEQEND
0
ENDBLK
0
BLOCK
2
PAD_39
8
0
10
0
20
0
3
PAD_39
70
64
0
POLYLINE
8
0
70
1
66
1
40
0.1625
41
0.1625
0
VERTEX
8
0
10
-0.7375
20
-0.08125
0
VERTEX
8
0
10
0.7375
20
-0.08125
42
1
0
VERTEX
8
0
10
0.7375
20
0.08125
0
VERTEX
8
0
10
-0.7375
20
0.08125
42
1
0
SEQEND
0
ENDBLK
0
BLOCK
2
PAD_40
8
0
10
0
20
0
3
PAD_40
70
64
0
POLYLINE
8
0
70
1
66
1
40
0.1625
41
0.1625
0
VERTEX
8
0
10
-0.7125
20
-0.08125
0
VERTEX
8
0
10
0.7125
20
-0.08125
42
1
0
VERTEX
8
0
10
0.7125
20
0.08125
0
VERTEX
8
0
10
-0.7125
20
0.08125
42
1
0
SEQEND
0
ENDBLK
0
BLOCK
2
PAD_41
8
0
10
0
20
0
3
PAD_41
70
64
0
POLYLINE
8
0
66
1
40
0.75
41
0.75
0
VERTEX
8
0
10
-0.85
20
0
0
VERTEX
8
0
10
0.85
20
0
0
SEQEND
0
ENDBLK
0
BLOCK
2
PAD_42
8
0
10
0
20
0
3
PAD_42
70
64
0
POLYLINE
8
0
66
1
40
0.85
41
0.85
0
VERTEX
8
0
10
-0.8
20
0
0
VERTEX
8
0
10
0.8
20
0
0
SEQEND
0
ENDBLK
0
BLOCK
2
PAD_43
8
0
10
0
20
0
3
PAD_43
70
64
0
POLYLINE
8
0
70
1
66
1
40
1.75
41
1.75
0
VERTEX
8
0
10
0
20
-0.875
42
1
0
VERTEX
8
0
10
0
20
0.875
42
1
0
SEQEND
0
ENDBLK
0
BLOCK
2
PAD_44
8
0
10
0
20
0
3
PAD_44
70
64
0
POLYLINE
8
0
66
1
40
1.5
41
1.5
0
VERTEX
8
0
10
-1.25
20
0
0
VERTEX
8
0
10
1.25
20
0
0
SEQEND
0
ENDBLK
0
BLOCK
2
PAD_45
8
0
10
0
20
0
3
PAD_45
70
64
0
POLYLINE
8
0
66
1
40
1
41
1
0
VERTEX
8
0
10
-0.85
20
0
0
VERTEX
8
0
10
0.85
20
0
0
SEQEND
0
ENDBLK
0
BLOCK
2
PAD_46
8
0
10
0
20
0
3
PAD_46
70
64
0
POLYLINE
8
0
66
1
40
0.8
41
0.8
0
VERTEX
8
0
10
-0.65
20
0
0
VERTEX
8
0
10
0.65
20
0
0
SEQEND
0
ENDBLK
0
BLOCK
2
PAD_47
8
0
10
0
20
0
3
PAD_47
70
64
0
POLYLINE
8
0
70
1
66
1
40
0.85
41
0.85
0
VERTEX
8
0
10
0
20
-0.425
42
1
0
VERTEX
8
0
10
0
20
0.425
42
1
0
SEQEND
0
ENDBLK
0
BLOCK
2
PAD_48
8
0
10
0
20
0
3
PAD_48
70
64
0
POLYLINE
8
0
66
1
40
0.7
41
0.7
0
VERTEX
8
0
10
-0.4
20
0
0
VERTEX
8
0
10
0.4
20
0
0
SEQEND
0
ENDBLK
999
*** POWERPCB  DRILL HOLE ***
0
BLOCK
2
DRIL_HOLE_0
8
0
10
0
20
0
3
DRIL_HOLE_0
70
64
0
POLYLINE
8
0
66
1
70
1
0
VERTEX
8
0
10
0
20
0
42
1
0
VERTEX
8
0
10
0
20
0
42
1
0
SEQEND
0
INSERT
2
DRIL_SYMBOL_0
8
0
10
0
20
0
0
ENDBLK
0
BLOCK
2
DRIL_HOLE_0$3
8
0
10
0
20
0
3
DRIL_HOLE_0$3
70
64
0
POLYLINE
8
0
66
1
40
0.15
41
0.15
70
1
0
VERTEX
8
0
10
-0.075
20
0
42
1
0
VERTEX
8
0
10
0.075
20
0
42
1
0
SEQEND
0
INSERT
2
DRIL_SYMBOL_0$3
8
0
10
0
20
0
0
ENDBLK
0
BLOCK
2
DRIL_HOLE_1$2
8
0
10
0
20
0
3
DRIL_HOLE_1$2
70
64
0
POLYLINE
8
0
66
1
40
0.6
41
0.6
70
1
0
VERTEX
8
0
10
-0.3
20
0
42
1
0
VERTEX
8
0
10
0.3
20
0
42
1
0
SEQEND
0
INSERT
2
DRIL_SYMBOL_1$2
8
0
10
0
20
0
0
ENDBLK
0
BLOCK
2
DRIL_HOLE_0$2
8
0
10
0
20
0
3
DRIL_HOLE_0$2
70
64
0
POLYLINE
8
0
66
1
40
0.1
41
0.1
70
1
0
VERTEX
8
0
10
-0.05
20
0
42
1
0
VERTEX
8
0
10
0.05
20
0
42
1
0
SEQEND
0
INSERT
2
DRIL_SYMBOL_0$2
8
0
10
0
20
0
0
ENDBLK
0
BLOCK
2
DRIL_HOLE_2$2
8
0
10
0
20
0
3
DRIL_HOLE_2$2
70
64
0
POLYLINE
8
0
66
1
40
1.1
41
1.1
70
1
0
VERTEX
8
0
10
-0.55
20
0
42
1
0
VERTEX
8
0
10
0.55
20
0
42
1
0
SEQEND
0
INSERT
2
DRIL_SYMBOL_2$2
8
0
10
0
20
0
0
ENDBLK
0
BLOCK
2
DRIL_HOLE_4
8
0
10
0
20
0
3
DRIL_HOLE_4
70
64
0
POLYLINE
8
0
66
1
40
2
41
2
70
1
0
VERTEX
8
0
10
-1
20
0
42
1
0
VERTEX
8
0
10
1
20
0
42
1
0
SEQEND
0
INSERT
2
DRIL_SYMBOL_4
8
0
10
0
20
0
0
ENDBLK
0
BLOCK
2
DRIL_HOLE_0$65
8
0
10
0
20
0
3
DRIL_HOLE_0$65
70
64
0
POLYLINE
8
0
66
1
40
0.325
41
0.325
70
1
0
VERTEX
8
0
10
-0.1625
20
0
42
1
0
VERTEX
8
0
10
0.1625
20
0
42
1
0
SEQEND
0
INSERT
2
DRIL_SYMBOL_0$65
8
0
10
0
20
0
0
ENDBLK
0
BLOCK
2
DRIL_HOLE_5
8
0
10
0
20
0
3
DRIL_HOLE_5
70
64
0
POLYLINE
8
0
66
1
40
2.5
41
2.5
70
1
0
VERTEX
8
0
10
-1.25
20
0
42
1
0
VERTEX
8
0
10
1.25
20
0
42
1
0
SEQEND
0
INSERT
2
DRIL_SYMBOL_5
8
0
10
0
20
0
0
ENDBLK
0
BLOCK
2
DRIL_HOLE_2
8
0
10
0
20
0
3
DRIL_HOLE_2
70
64
0
POLYLINE
8
0
66
1
40
1
41
1
70
1
0
VERTEX
8
0
10
-0.5
20
0
42
1
0
VERTEX
8
0
10
0.5
20
0
42
1
0
SEQEND
0
INSERT
2
DRIL_SYMBOL_2
8
0
10
0
20
0
0
ENDBLK
0
BLOCK
2
DRIL_HOLE_3$5
8
0
10
0
20
0
3
DRIL_HOLE_3$5
70
64
0
POLYLINE
8
0
66
1
40
1.75
41
1.75
70
1
0
VERTEX
8
0
10
-0.875
20
0
42
1
0
VERTEX
8
0
10
0.875
20
0
42
1
0
SEQEND
0
INSERT
2
DRIL_SYMBOL_3$5
8
0
10
0
20
0
0
ENDBLK
0
BLOCK
2
DRIL_HOLE_1$7
8
0
10
0
20
0
3
DRIL_HOLE_1$7
70
64
0
POLYLINE
8
0
66
1
40
0.85
41
0.85
70
1
0
VERTEX
8
0
10
-0.425
20
0
42
1
0
VERTEX
8
0
10
0.425
20
0
42
1
0
SEQEND
0
INSERT
2
DRIL_SYMBOL_1$7
8
0
10
0
20
0
0
ENDBLK
0
ENDSEC
0
SECTION
2
ENTITIES
999
*** POWERPCB  DBLAYER ***
0
INSERT
2
DBLAYERS
8
0
10
0
20
0
999
*** POWERPCB  BOARD ***
999
*** POWERPCB  2DLINE ***
0
INSERT
2
DRAWING_63
8
0
10
-47.735
20
-38.427004
0
INSERT
2
DRAWING_97
8
0
10
0
20
0
0
INSERT
2
DRAWING_109
8
0
10
26.5
20
34
0
INSERT
2
DRAWING_139
8
0
10
-6.99998
20
77.29832
0
INSERT
2
DRAWING_140
8
0
10
0
20
0
0
INSERT
2
DRAWING_141
8
0
10
78
20
7.5
0
INSERT
2
DRAWING_142
8
0
10
78
20
7.5
0
INSERT
2
DRAWING_143
8
0
10
209
20
0
0
INSERT
2
DRAWING_144
8
0
10
209
20
0
0
INSERT
2
DRAWING_147
8
0
10
116.5
20
66
0
INSERT
2
DRAWING_161
8
0
10
-6.99998
20
77.29832
0
INSERT
2
DRAWING_162
8
0
10
-6.99998
20
77.29832
0
INSERT
2
DRAWING_166
8
0
10
-7
20
82.5
0
INSERT
2
DRAWING_170
8
0
10
209
20
0
0
INSERT
2
DRAWING_171
8
0
10
62.95
20
96.28
999
*** POWERPCB  FREE TEXT ***
0
TEXT
8
TEXT_01
10
24.5
20
-35
40
1.778
1
LAYER 1 (TOP SIDE)
41
0.75
7
W0$2794
0
TEXT
8
TEXT_04
10
24.5
20
-35
40
1.778
1
LAYER 4 (BOTTOM SIDE)
41
0.75
7
W0$2794
999
*** POWERPCB  COMPONENT ***
0
INSERT
2
PART_TOP_0
8
0
10
219.5
20
1
50
90
0
INSERT
2
PART_TOP_1
8
0
10
117.5
20
44
50
180
0
INSERT
2
PART_TOP_2
8
0
10
86.5
20
5
0
INSERT
2
PART_TOP_3
8
0
10
126.5
20
5.5
0
INSERT
2
PART_BOT_4
8
0
10
-29
20
34.5
50
-270
41
-1
0
INSERT
2
PART_BOT_5
8
0
10
-14.5
20
38.5
50
-180
41
-1
0
INSERT
2
PART_BOT_6
8
0
10
129
20
8.5
50
-270
41
-1
0
INSERT
2
PART_BOT_7
8
0
10
123.5
20
8.5
50
-270
41
-1
0
INSERT
2
PART_TOP_8
8
0
10
110.5
20
4
50
180
0
INSERT
2
PART_TOP_9
8
0
10
110.5
20
10.5
50
180
0
INSERT
2
PART_BOT_10
8
0
10
101.5
20
7.5
50
-180
41
-1
0
INSERT
2
PART_BOT_11
8
0
10
106.5
20
7.5
50
-180
41
-1
0
INSERT
2
PART_TOP_12
8
0
10
102
20
34.5
50
270
0
INSERT
2
PART_TOP_13
8
0
10
99
20
38.5
50
90
0
INSERT
2
PART_TOP_14
8
0
10
111.5
20
-1
50
180
0
INSERT
2
PART_BOT_15
8
0
10
109
20
34
41
-1
0
INSERT
2
PART_BOT_16
8
0
10
-14.5
20
37
50
-180
41
-1
0
INSERT
2
PART_BOT_17
8
0
10
103
20
30.5
50
-90
41
-1
0
INSERT
2
PART_BOT_18
8
0
10
101
20
30.5
50
-90
41
-1
0
INSERT
2
PART_BOT_19
8
0
10
93
20
32
41
-1
0
INSERT
2
PART_BOT_20
8
0
10
91
20
27.5
41
-1
0
INSERT
2
PART_BOT_21
8
0
10
91.5
20
16.5
41
-1
0
INSERT
2
PART_BOT_22
8
0
10
104
20
15.5
50
-270
41
-1
0
INSERT
2
PART_BOT_23
8
0
10
105.5
20
15.5
50
-270
41
-1
0
INSERT
2
PART_BOT_24
8
0
10
84.5
20
19
50
-180
41
-1
0
INSERT
2
PART_BOT_25
8
0
10
95.5
20
35
50
-90
41
-1
0
INSERT
2
PART_BOT_26
8
0
10
94
20
35
50
-90
41
-1
0
INSERT
2
PART_BOT_27
8
0
10
5
20
21
41
-1
0
INSERT
2
PART_TOP_28
8
0
10
95
20
37
50
180
0
INSERT
2
PART_TOP_29
8
0
10
95
20
35.5
50
180
0
INSERT
2
PART_BOT_30
8
0
10
91.5
20
18
41
-1
0
INSERT
2
PART_BOT_31
8
0
10
111.5
20
2
50
-90
41
-1
0
INSERT
2
PART_BOT_32
8
0
10
110
20
2
50
-90
41
-1
0
INSERT
2
PART_BOT_33
8
0
10
116.5
20
-2.5
50
-270
41
-1
0
INSERT
2
PART_BOT_34
8
0
10
118
20
-2.5
50
-270
41
-1
0
INSERT
2
PART_BOT_35
8
0
10
83
20
8.5
50
-270
41
-1
0
INSERT
2
PART_TOP_36
8
0
10
124.5
20
17.5
0
INSERT
2
PART_BOT_37
8
0
10
80
20
19
41
-1
0
INSERT
2
PART_BOT_38
8
0
10
5
20
22.5
41
-1
0
INSERT
2
PART_BOT_39
8
0
10
80
20
14.5
41
-1
0
INSERT
2
PART_BOT_40
8
0
10
5
20
24
41
-1
0
INSERT
2
PART_BOT_41
8
0
10
-10.5
20
16
50
-180
41
-1
0
INSERT
2
PART_BOT_42
8
0
10
170.5
20
24.5
50
-90
41
-1
0
INSERT
2
PART_TOP_43
8
0
10
191
20
7
50
90
0
INSERT
2
PART_TOP_44
8
0
10
179
20
24.5
50
180
0
INSERT
2
PART_TOP_45
8
0
10
185.5
20
42.5
50
180
0
INSERT
2
PART_BOT_46
8
0
10
108.5
20
10.5
50
-270
41
-1
0
INSERT
2
PART_TOP_47
8
0
10
197.5
20
7
50
90
0
INSERT
2
PART_TOP_48
8
0
10
174.5
20
31.5
0
INSERT
2
PART_TOP_49
8
0
10
169.5
20
9
0
INSERT
2
PART_TOP_50
8
0
10
179
20
21.5
50
180
0
INSERT
2
PART_TOP_51
8
0
10
179
20
23
50
180
0
INSERT
2
PART_TOP_52
8
0
10
120.5
20
13
50
90
0
INSERT
2
PART_TOP_53
8
0
10
129
20
13
50
270
0
INSERT
2
PART_TOP_54
8
0
10
213.5
20
1
50
90
0
INSERT
2
PART_TOP_55
8
0
10
213
20
-3
50
180
0
INSERT
2
PART_TOP_56
8
0
10
172
20
5.5
0
INSERT
2
PART_TOP_57
8
0
10
110.5
20
7.5
50
270
0
INSERT
2
PART_BOT_58
8
0
10
119.5
20
-2.5
50
-180
41
-1
0
INSERT
2
PART_TOP_59
8
0
10
211.3
20
3.7
50
180
0
INSERT
2
PART_BOT_60
8
0
10
172
20
24.5
41
-1
0
INSERT
2
PART_TOP_61
8
0
10
169.5
20
7.5
50
270
0
INSERT
2
PART_BOT_62
8
0
10
-10.5
20
17.5
50
-180
41
-1
0
INSERT
2
PART_BOT_63
8
0
10
168.5
20
27.5
41
-1
0
INSERT
2
PART_BOT_64
8
0
10
168.5
20
16.5
41
-1
0
INSERT
2
PART_TOP_65
8
0
10
111.5
20
-2.5
0
INSERT
2
PART_TOP_66
8
0
10
95
20
34
0
INSERT
2
PART_BOT_67
8
0
10
84.5
20
8.5
50
-270
41
-1
0
INSERT
2
PART_BOT_68
8
0
10
80
20
16
41
-1
0
INSERT
2
PART_BOT_69
8
0
10
80
20
17.5
41
-1
0
INSERT
2
PART_TOP_70
8
0
10
124.5
20
19
0
INSERT
2
PART_TOP_71
8
0
10
116.5
20
7
50
90
0
INSERT
2
PART_TOP_72
8
0
10
99.5
20
23
50
180
0
INSERT
2
PART_BOT_73
8
0
10
98
20
0
41
-1
0
INSERT
2
PART_BOT_74
8
0
10
-17.5
20
23.5
50
-90
41
-1
0
INSERT
2
PART_BOT_75
8
0
10
107
20
10.5
50
-90
41
-1
0
INSERT
2
PART_BOT_76
8
0
10
101.5
20
9
41
-1
0
INSERT
2
PART_BOT_77
8
0
10
101.5
20
10.5
41
-1
0
INSERT
2
PART_TOP_78
8
0
10
100.5
20
34.5
50
270
0
INSERT
2
PART_TOP_79
8
0
10
99
20
34.5
50
270
0
INSERT
2
PART_BOT_80
8
0
10
109
20
36.5
50
-180
41
-1
0
INSERT
2
PART_BOT_81
8
0
10
109
20
38
50
-180
41
-1
0
INSERT
2
PART_BOT_82
8
0
10
107
20
27
50
-270
41
-1
0
INSERT
2
PART_TOP_83
8
0
10
116.5
20
17
50
180
0
INSERT
2
PART_TOP_84
8
0
10
116.5
20
15.5
0
INSERT
2
PART_BOT_85
8
0
10
-19
20
23.5
50
-90
41
-1
0
INSERT
2
PART_BOT_86
8
0
10
83.5
20
16.5
50
-90
41
-1
0
INSERT
2
PART_TOP_87
8
0
10
101.5
20
3.5
50
90
0
INSERT
2
PART_BOT_88
8
0
10
87.5
20
8.5
50
-270
41
-1
0
INSERT
2
PART_BOT_89
8
0
10
86
20
8.5
50
-270
41
-1
0
INSERT
2
PART_TOP_90
8
0
10
124.5
20
25
0
INSERT
2
PART_TOP_91
8
0
10
124.5
20
23.5
0
INSERT
2
PART_BOT_92
8
0
10
5
20
25.5
41
-1
0
INSERT
2
PART_BOT_93
8
0
10
0.5
20
30
41
-1
0
INSERT
2
PART_BOT_94
8
0
10
0.5
20
31.5
50
-180
41
-1
0
INSERT
2
PART_BOT_95
8
0
10
-12
20
27
50
-90
41
-1
0
INSERT
2
PART_TOP_96
8
0
10
195.5
20
7
50
270
0
INSERT
2
PART_BOT_97
8
0
10
105.5
20
10.5
50
-270
41
-1
0
INSERT
2
PART_TOP_98
8
0
10
209
20
4.5
0
INSERT
2
PART_TOP_99
8
0
10
194
20
7
50
270
0
INSERT
2
PART_BOT_100
8
0
10
169
20
24.5
50
-90
41
-1
0
INSERT
2
PART_BOT_101
8
0
10
169
20
19.5
50
-270
41
-1
0
INSERT
2
PART_TOP_102
8
0
10
192.5
20
7
50
90
0
INSERT
2
PART_TOP_103
8
0
10
200
20
7
50
180
0
INSERT
2
PART_TOP_104
8
0
10
200
20
5.5
50
180
0
INSERT
2
PART_TOP_105
8
0
10
209
20
3
0
INSERT
2
PART_TOP_106
8
0
10
200
20
8.5
50
180
0
INSERT
2
PART_TOP_107
8
0
10
196.5
20
42.5
0
INSERT
2
PART_TOP_108
8
0
10
122
20
13
50
270
0
INSERT
2
PART_TOP_109
8
0
10
174.5
20
29.5
50
180
0
INSERT
2
PART_TOP_110
8
0
10
174.5
20
27
0
INSERT
2
PART_TOP_111
8
0
10
185.5
20
41
0
INSERT
2
PART_TOP_112
8
0
10
178.5
20
31.5
0
INSERT
2
PART_TOP_113
8
0
10
169.5
20
10.5
0
INSERT
2
PART_TOP_114
8
0
10
179.5
20
13
50
90
0
INSERT
2
PART_TOP_115
8
0
10
172.5
20
9.5
50
270
0
INSERT
2
PART_BOT_116
8
0
10
127.5
20
8.5
50
-270
41
-1
0
INSERT
2
PART_BOT_117
8
0
10
9.1
20
20.24795
50
-270
41
-1
0
INSERT
2
PART_BOT_118
8
0
10
-7
20
20.5
50
-270
41
-1
0
INSERT
2
PART_TOP_119
8
0
10
130.5
20
22
50
90
0
INSERT
2
PART_BOT_120
8
0
10
76
20
22
50
-90
41
-1
0
INSERT
2
PART_TOP_121
8
0
10
172
20
16
50
90
0
INSERT
2
PART_TOP_122
8
0
10
113.5
20
7
50
90
0
INSERT
2
PART_TOP_123
8
0
10
104.5
20
8.5
50
90
0
INSERT
2
PART_TOP_124
8
0
10
111.5
20
36
50
90
0
INSERT
2
PART_TOP_125
8
0
10
85.5
20
16
0
INSERT
2
PART_TOP_126
8
0
10
184.5
20
37.5
50
90
0
INSERT
2
PART_BOT_127
8
0
10
5
20
30.5
50
-90
41
-1
0
INSERT
2
PART_TOP_128
8
0
10
116.5
20
12.5
50
180
0
INSERT
2
PART_TOP_129
8
0
10
125.5
20
13
50
270
0
INSERT
2
PART_BOT_130
8
0
10
113
20
-1.5
50
-90
41
-1
0
INSERT
2
PART_TOP_131
8
0
10
174
20
23
50
90
0
INSERT
2
PART_TOP_132
8
0
10
176
20
13
50
270
0
INSERT
2
PART_TOP_133
8
0
10
197
20
0
50
180
0
INSERT
2
PART_TOP_134
8
0
10
178.5
20
28
0
INSERT
2
PART_TOP_135
8
0
10
204.5
20
7
0
INSERT
2
PART_TOP_136
8
0
10
102
20
38.5
0
INSERT
2
PART_TOP_137
8
0
10
193.83531
20
39.4
50
180
0
INSERT
2
PART_TOP_138
8
0
10
78
20
35
0
INSERT
2
PART_TOP_139
8
0
10
78
20
7.5
0
INSERT
2
PART_TOP_140
8
0
10
118.04531
20
1.5
0
INSERT
2
PART_TOP_141
8
0
10
110
20
43
0
INSERT
2
PART_TOP_142
8
0
10
209
20
0
0
INSERT
2
PART_TOP_143
8
0
10
217.04531
20
41.5
0
INSERT
2
PART_TOP_144
8
0
10
-28
20
19.24769
0
INSERT
2
PART_TOP_145
8
0
10
0
20
40.24795
0
INSERT
2
PART_TOP_146
8
0
10
0
20
0
0
INSERT
2
PART_TOP_147
8
0
10
34.1
20
20.24795
0
INSERT
2
PART_TOP_148
8
0
10
168.325
20
21.79709
50
270
0
INSERT
2
PART_TOP_149
8
0
10
176.98
20
35.5
0
INSERT
2
PART_TOP_150
8
0
10
176.99
20
8
0
INSERT
2
PART_TOP_151
8
0
10
71
20
80
50
90
0
INSERT
2
PART_TOP_152
8
0
10
85
20
80
50
90
0
INSERT
2
PART_TOP_153
8
0
10
119
20
73.5
50
270
0
INSERT
2
PART_TOP_154
8
0
10
75.5
20
82.5
50
180
0
INSERT
2
PART_TOP_155
8
0
10
80.5
20
82.5
0
INSERT
2
PART_TOP_156
8
0
10
85
20
75
50
270
0
INSERT
2
PART_TOP_157
8
0
10
71
20
75
50
270
0
INSERT
2
PART_TOP_158
8
0
10
87.5
20
66.5
50
180
0
INSERT
2
PART_TOP_159
8
0
10
80.5
20
71.5
0
INSERT
2
PART_TOP_160
8
0
10
75.5
20
71.5
50
180
0
INSERT
2
PART_TOP_161
8
0
10
84.5
20
77.5
0
INSERT
2
PART_TOP_162
8
0
10
100.5
20
77.5
0
INSERT
2
PART_TOP_163
8
0
10
101
20
75
50
270
0
INSERT
2
PART_TOP_164
8
0
10
101
20
80
50
90
0
INSERT
2
PART_TOP_165
8
0
10
87
20
80
50
90
0
INSERT
2
PART_TOP_166
8
0
10
93
20
73
50
180
0
INSERT
2
PART_TOP_167
8
0
10
91.5
20
82.5
50
180
0
INSERT
2
PART_TOP_168
8
0
10
96.5
20
82.5
0
INSERT
2
PART_TOP_169
8
0
10
84.5
20
87.5
0
INSERT
2
PART_TOP_170
8
0
10
100.5
20
87.5
0
INSERT
2
PART_TOP_171
8
0
10
67.5
20
79
50
180
0
INSERT
2
PART_TOP_172
8
0
10
67.5
20
74.5
50
180
0
INSERT
2
PART_TOP_173
8
0
10
67.5
20
76
50
180
0
INSERT
2
PART_TOP_174
8
0
10
67.5
20
77.5
50
180
0
INSERT
2
PART_TOP_175
8
0
10
72.5
20
80
50
90
0
INSERT
2
PART_TOP_176
8
0
10
83.5
20
80
50
90
0
INSERT
2
PART_TOP_177
8
0
10
75.5
20
81
0
INSERT
2
PART_TOP_178
8
0
10
80.5
20
81
50
180
0
INSERT
2
PART_TOP_179
8
0
10
83.5
20
75
50
270
0
INSERT
2
PART_TOP_180
8
0
10
72.5
20
75
50
270
0
INSERT
2
PART_TOP_181
8
0
10
87.5
20
68
50
180
0
INSERT
2
PART_TOP_182
8
0
10
80.5
20
73
50
180
0
INSERT
2
PART_TOP_183
8
0
10
75.5
20
73
0
INSERT
2
PART_TOP_184
8
0
10
99.5
20
75
50
270
0
INSERT
2
PART_TOP_185
8
0
10
88.5
20
80
50
90
0
INSERT
2
PART_TOP_186
8
0
10
99.5
20
80
50
90
0
INSERT
2
PART_TOP_187
8
0
10
96.5
20
73
50
180
0
INSERT
2
PART_TOP_188
8
0
10
91.5
20
81
0
INSERT
2
PART_TOP_189
8
0
10
96.5
20
81
50
180
0
INSERT
2
PART_TOP_190
8
0
10
84.5
20
82.5
0
INSERT
2
PART_TOP_191
8
0
10
80.5
20
91
50
180
0
INSERT
2
PART_TOP_192
8
0
10
69
20
84
50
180
0
INSERT
2
PART_TOP_193
8
0
10
75.5
20
91
0
INSERT
2
PART_TOP_194
8
0
10
83.5
20
85
50
270
0
INSERT
2
PART_TOP_195
8
0
10
73
20
85
50
270
0
INSERT
2
PART_TOP_196
8
0
10
83.5
20
91.5
50
90
0
INSERT
2
PART_TOP_197
8
0
10
73
20
91.5
50
90
0
INSERT
2
PART_TOP_198
8
0
10
84.5
20
89
0
INSERT
2
PART_TOP_199
8
0
10
87
20
86.5
50
90
0
INSERT
2
PART_TOP_200
8
0
10
72
20
87.5
0
INSERT
2
PART_TOP_201
8
0
10
72
20
89
0
INSERT
2
PART_TOP_202
8
0
10
100.5
20
82.5
0
INSERT
2
PART_TOP_203
8
0
10
96.5
20
91
50
180
0
INSERT
2
PART_TOP_204
8
0
10
91.5
20
91
0
INSERT
2
PART_TOP_205
8
0
10
99.5
20
85
50
270
0
INSERT
2
PART_TOP_206
8
0
10
99.5
20
91.5
50
90
0
INSERT
2
PART_TOP_207
8
0
10
88.5
20
91.5
50
90
0
INSERT
2
PART_TOP_208
8
0
10
100.5
20
89
0
INSERT
2
PART_TOP_209
8
0
10
104
20
86.5
0
INSERT
2
PART_TOP_210
8
0
10
88
20
89
50
180
0
INSERT
2
PART_TOP_211
8
0
10
94
20
77
50
90
0
INSERT
2
PART_TOP_212
8
0
10
78
20
87
50
90
0
INSERT
2
PART_TOP_213
8
0
10
94
20
87
50
90
0
INSERT
2
PART_TOP_214
8
0
10
78
20
77
50
90
0
INSERT
2
PART_TOP_215
8
0
10
94
20
69
50
90
0
INSERT
2
PART_TOP_216
8
0
10
105.91311
20
79.89
50
90
0
INSERT
2
PART_TOP_217
8
0
10
108.41311
20
79.89
50
90
0
INSERT
2
PART_TOP_218
8
0
10
110.90955
20
79.89
50
90
0
INSERT
2
PART_TOP_219
8
0
10
118.40955
20
79.89
50
90
0
INSERT
2
PART_TOP_220
8
0
10
113.40955
20
79.89
50
90
0
INSERT
2
PART_TOP_221
8
0
10
115.90955
20
79.89
50
90
0
INSERT
2
PART_TOP_222
8
0
10
103.41311
20
79.89
50
90
0
INSERT
2
PART_TOP_223
8
0
10
104.90133
20
68.39
0
INSERT
2
PART_TOP_224
8
0
10
116.90133
20
68.39
0
INSERT
2
PART_TOP_225
8
0
10
104.9105
20
91.39
0
INSERT
2
PART_TOP_226
8
0
10
116.9105
20
91.39
0
INSERT
2
PART_BOT_227
8
0
10
67.5
20
80.5
50
-90
41
-1
0
INSERT
2
PART_BOT_228
8
0
10
103.41311
20
77.44
50
-180
41
-1
0
INSERT
2
PART_BOT_229
8
0
10
105.91311
20
77.44
50
-180
41
-1
0
INSERT
2
PART_BOT_230
8
0
10
108.41311
20
77.44
50
-180
41
-1
0
INSERT
2
PART_BOT_231
8
0
10
110.90955
20
77.44
50
-180
41
-1
0
INSERT
2
PART_BOT_232
8
0
10
113.40955
20
77.44
50
-180
41
-1
0
INSERT
2
PART_BOT_233
8
0
10
115.90955
20
77.44
50
-180
41
-1
0
INSERT
2
PART_BOT_234
8
0
10
118.40955
20
77.44
50
-180
41
-1
0
INSERT
2
PART_TOP_235
8
0
10
67.95
20
93.88
0
INSERT
2
PART_TOP_236
8
0
10
67.95
20
66.4
0
INSERT
2
PART_TOP_237
8
0
10
176.5
20
18
50
90
0
INSERT
2
PART_TOP_238
8
0
10
0.00002
20
79.84832
50
180
0
INSERT
2
PART_TOP_239
8
0
10
75.5
20
92.5
50
180
0
INSERT
2
PART_TOP_240
8
0
10
80.5
20
92.5
0
INSERT
2
PART_TOP_241
8
0
10
87
20
83.5
50
90
0
INSERT
2
PART_TOP_242
8
0
10
66
20
84
50
180
0
INSERT
2
PART_TOP_243
8
0
10
91.5
20
92.5
50
180
0
INSERT
2
PART_TOP_244
8
0
10
96.5
20
92.5
0
INSERT
2
PART_TOP_245
8
0
10
104
20
85
0
INSERT
2
PART_TOP_246
8
0
10
71.5
20
91.5
50
90
0
INSERT
2
PART_TOP_247
8
0
10
85
20
91.5
50
90
0
INSERT
2
PART_TOP_248
8
0
10
85
20
85
50
270
0
INSERT
2
PART_TOP_249
8
0
10
71.5
20
85
50
270
0
INSERT
2
PART_TOP_250
8
0
10
87
20
91.5
50
90
0
INSERT
2
PART_TOP_251
8
0
10
101
20
91.5
50
90
0
INSERT
2
PART_TOP_252
8
0
10
101
20
85
50
270
0
INSERT
2
PART_TOP_253
8
0
10
87.5
20
75
50
270
0
INSERT
2
PART_TOP_254
8
0
10
89
20
75
50
90
0
INSERT
2
PART_BOT_255
8
0
10
-20.5
20
23.5
50
-270
41
-1
0
INSERT
2
PART_TOP_256
8
0
10
184
20
34.5
0
INSERT
2
PART_BOT_257
8
0
10
0.00002
20
80.76832
50
-180
41
-1
0
INSERT
2
PART_TOP_258
8
0
10
191.5
20
46
50
180
0
INSERT
2
PART_TOP_259
8
0
10
110.90133
20
91.39
0
INSERT
2
PART_TOP_260
8
0
10
110.90133
20
68.39
0
INSERT
2
PART_TOP_261
8
0
10
115.73182
20
70.89001
0
INSERT
2
PART_TOP_262
8
0
10
106.33181
20
88.89001
999
*** POWERPCB  PCB PARAMETER ***
0
INSERT
2
PCB_PARAMS
8
0
10
0
20
0
0
ENDSEC
0
EOF
